generation,n_edges,phi,n_single_arity,n_double_arity,n_inputs,solver,environment,seed
1199,5,68.49999999999999,1,2,2,cgp,miniant,103
599,5,68.49999999999999,1,2,2,cgp,miniant,103
1899,5,68.49999999999999,1,2,2,cgp,miniant,103
899,5,68.49999999999999,1,2,2,cgp,miniant,103
1799,5,68.49999999999999,1,2,2,cgp,miniant,103
1699,5,68.49999999999999,1,2,2,cgp,miniant,103
999,5,68.49999999999999,1,2,2,cgp,miniant,103
199,5,68.49999999999999,1,2,2,cgp,miniant,103
1499,5,68.49999999999999,1,2,2,cgp,miniant,103
1399,5,68.49999999999999,1,2,2,cgp,miniant,103
799,5,68.49999999999999,1,2,2,cgp,miniant,103
99,5,68.49999999999999,1,2,2,cgp,miniant,103
1599,5,68.49999999999999,1,2,2,cgp,miniant,103
1099,5,68.49999999999999,1,2,2,cgp,miniant,103
2499,5,68.49999999999999,1,2,2,cgp,miniant,103
1999,5,68.49999999999999,1,2,2,cgp,miniant,103
399,5,68.49999999999999,1,2,2,cgp,miniant,103
1299,5,68.49999999999999,1,2,2,cgp,miniant,103
2099,5,68.49999999999999,1,2,2,cgp,miniant,103
2199,5,68.49999999999999,1,2,2,cgp,miniant,103
2299,5,68.49999999999999,1,2,2,cgp,miniant,103
299,5,68.49999999999999,1,2,2,cgp,miniant,103
2399,5,68.49999999999999,1,2,2,cgp,miniant,103
699,5,68.49999999999999,1,2,2,cgp,miniant,103
499,5,68.49999999999999,1,2,2,cgp,miniant,103
699,20,39.29999999999999,5,7,4,cgp,miniant,103
2299,20,39.29999999999999,5,7,4,cgp,miniant,103
1599,20,39.29999999999999,5,7,4,cgp,miniant,103
899,20,39.29999999999999,5,7,4,cgp,miniant,103
2199,20,39.29999999999999,5,7,4,cgp,miniant,103
1699,20,39.29999999999999,5,7,4,cgp,miniant,103
2399,20,39.29999999999999,5,7,4,cgp,miniant,103
1899,20,39.29999999999999,5,7,4,cgp,miniant,103
299,20,39.29999999999999,5,7,4,cgp,miniant,103
2099,20,39.29999999999999,5,7,4,cgp,miniant,103
999,20,39.29999999999999,5,7,4,cgp,miniant,103
199,20,39.29999999999999,5,7,4,cgp,miniant,103
799,20,39.29999999999999,5,7,4,cgp,miniant,103
1799,20,39.29999999999999,5,7,4,cgp,miniant,103
1299,20,39.29999999999999,5,7,4,cgp,miniant,103
1399,20,39.29999999999999,5,7,4,cgp,miniant,103
499,20,39.29999999999999,5,7,4,cgp,miniant,103
2499,20,39.29999999999999,5,7,4,cgp,miniant,103
1999,20,39.29999999999999,5,7,4,cgp,miniant,103
99,20,39.29999999999999,5,7,4,cgp,miniant,103
1199,20,39.29999999999999,5,7,4,cgp,miniant,103
399,20,39.29999999999999,5,7,4,cgp,miniant,103
599,20,39.29999999999999,5,7,4,cgp,miniant,103
1499,20,39.29999999999999,5,7,4,cgp,miniant,103
1099,20,39.29999999999999,5,7,4,cgp,miniant,103
2299,6,68.29999999999998,1,2,3,cgp,miniant,103
999,6,68.29999999999998,1,2,3,cgp,miniant,103
599,6,68.29999999999998,1,2,3,cgp,miniant,103
1299,6,68.29999999999998,1,2,3,cgp,miniant,103
499,6,68.29999999999998,1,2,3,cgp,miniant,103
1999,6,68.29999999999998,1,2,3,cgp,miniant,103
1399,6,68.29999999999998,1,2,3,cgp,miniant,103
799,6,68.29999999999998,1,2,3,cgp,miniant,103
99,6,68.29999999999998,1,2,3,cgp,miniant,103
199,6,68.29999999999998,1,2,3,cgp,miniant,103
2499,6,68.29999999999998,1,2,3,cgp,miniant,103
1599,6,68.29999999999998,1,2,3,cgp,miniant,103
2199,6,68.29999999999998,1,2,3,cgp,miniant,103
2399,6,68.29999999999998,1,2,3,cgp,miniant,103
1199,6,68.29999999999998,1,2,3,cgp,miniant,103
2099,6,68.29999999999998,1,2,3,cgp,miniant,103
1099,6,68.29999999999998,1,2,3,cgp,miniant,103
1699,6,68.29999999999998,1,2,3,cgp,miniant,103
1899,6,68.29999999999998,1,2,3,cgp,miniant,103
399,6,68.29999999999998,1,2,3,cgp,miniant,103
1499,6,68.29999999999998,1,2,3,cgp,miniant,103
699,6,68.29999999999998,1,2,3,cgp,miniant,103
1799,6,68.29999999999998,1,2,3,cgp,miniant,103
899,6,68.29999999999998,1,2,3,cgp,miniant,103
299,6,68.29999999999998,1,2,3,cgp,miniant,103
899,4,53.1,3,0,1,cgp,miniant,103
499,4,53.1,3,0,1,cgp,miniant,103
2499,4,53.1,3,0,1,cgp,miniant,103
1699,4,53.1,3,0,1,cgp,miniant,103
1399,4,53.1,3,0,1,cgp,miniant,103
199,4,53.1,3,0,1,cgp,miniant,103
1599,4,53.1,3,0,1,cgp,miniant,103
999,4,53.1,3,0,1,cgp,miniant,103
799,4,53.1,3,0,1,cgp,miniant,103
2199,4,53.1,3,0,1,cgp,miniant,103
1499,4,53.1,3,0,1,cgp,miniant,103
2399,4,53.1,3,0,1,cgp,miniant,103
299,4,53.1,3,0,1,cgp,miniant,103
399,4,53.1,3,0,1,cgp,miniant,103
99,4,53.1,3,0,1,cgp,miniant,103
1899,4,53.1,3,0,1,cgp,miniant,103
699,4,53.1,3,0,1,cgp,miniant,103
599,4,53.1,3,0,1,cgp,miniant,103
1299,4,53.1,3,0,1,cgp,miniant,103
1099,4,53.1,3,0,1,cgp,miniant,103
2099,4,53.1,3,0,1,cgp,miniant,103
2299,4,53.1,3,0,1,cgp,miniant,103
1199,4,53.1,3,0,1,cgp,miniant,103
1999,4,53.1,3,0,1,cgp,miniant,103
1799,4,53.1,3,0,1,cgp,miniant,103
1599,7,43.4,4,1,2,cgp,miniant,103
799,7,43.4,4,1,2,cgp,miniant,103
1699,7,43.4,4,1,2,cgp,miniant,103
699,7,43.4,4,1,2,cgp,miniant,103
2499,7,43.4,4,1,2,cgp,miniant,103
1499,7,43.4,4,1,2,cgp,miniant,103
199,7,43.4,4,1,2,cgp,miniant,103
99,7,43.4,4,1,2,cgp,miniant,103
2199,7,43.4,4,1,2,cgp,miniant,103
399,7,43.4,4,1,2,cgp,miniant,103
1399,7,43.4,4,1,2,cgp,miniant,103
1199,7,43.4,4,1,2,cgp,miniant,103
1899,7,43.4,4,1,2,cgp,miniant,103
1099,7,43.4,4,1,2,cgp,miniant,103
1999,7,43.4,4,1,2,cgp,miniant,103
2099,7,43.4,4,1,2,cgp,miniant,103
599,7,43.4,4,1,2,cgp,miniant,103
1799,7,43.4,4,1,2,cgp,miniant,103
999,7,43.4,4,1,2,cgp,miniant,103
2399,7,43.4,4,1,2,cgp,miniant,103
2299,7,43.4,4,1,2,cgp,miniant,103
899,7,43.4,4,1,2,cgp,miniant,103
499,7,43.4,4,1,2,cgp,miniant,103
299,7,43.4,4,1,2,cgp,miniant,103
1299,7,43.4,4,1,2,cgp,miniant,103
399,6,51.99999999999999,3,1,2,cgp,miniant,103
1999,6,51.99999999999999,3,1,2,cgp,miniant,103
899,6,51.99999999999999,3,1,2,cgp,miniant,103
299,6,51.99999999999999,3,1,2,cgp,miniant,103
1899,6,51.99999999999999,3,1,2,cgp,miniant,103
99,6,51.99999999999999,3,1,2,cgp,miniant,103
1199,6,51.99999999999999,3,1,2,cgp,miniant,103
599,6,51.99999999999999,3,1,2,cgp,miniant,103
1699,6,51.99999999999999,3,1,2,cgp,miniant,103
499,6,51.99999999999999,3,1,2,cgp,miniant,103
2499,6,51.99999999999999,3,1,2,cgp,miniant,103
1299,6,51.99999999999999,3,1,2,cgp,miniant,103
2299,6,51.99999999999999,3,1,2,cgp,miniant,103
2199,6,51.99999999999999,3,1,2,cgp,miniant,103
699,6,51.99999999999999,3,1,2,cgp,miniant,103
1099,6,51.99999999999999,3,1,2,cgp,miniant,103
1599,6,51.99999999999999,3,1,2,cgp,miniant,103
999,6,51.99999999999999,3,1,2,cgp,miniant,103
2099,6,51.99999999999999,3,1,2,cgp,miniant,103
199,6,51.99999999999999,3,1,2,cgp,miniant,103
799,6,51.99999999999999,3,1,2,cgp,miniant,103
2399,6,51.99999999999999,3,1,2,cgp,miniant,103
1799,6,51.99999999999999,3,1,2,cgp,miniant,103
1399,6,51.99999999999999,3,1,2,cgp,miniant,103
1499,6,51.99999999999999,3,1,2,cgp,miniant,103
999,3,61.7,2,0,1,cgp,miniant,103
1599,3,61.7,2,0,1,cgp,miniant,103
199,3,61.7,2,0,1,cgp,miniant,103
799,3,61.7,2,0,1,cgp,miniant,103
1899,3,61.7,2,0,1,cgp,miniant,103
2199,3,61.7,2,0,1,cgp,miniant,103
2299,3,61.7,2,0,1,cgp,miniant,103
1499,3,61.7,2,0,1,cgp,miniant,103
99,3,61.7,2,0,1,cgp,miniant,103
299,3,61.7,2,0,1,cgp,miniant,103
1699,3,61.7,2,0,1,cgp,miniant,103
1299,3,61.7,2,0,1,cgp,miniant,103
399,3,61.7,2,0,1,cgp,miniant,103
2099,3,61.7,2,0,1,cgp,miniant,103
599,3,61.7,2,0,1,cgp,miniant,103
899,3,61.7,2,0,1,cgp,miniant,103
1799,3,61.7,2,0,1,cgp,miniant,103
1999,3,61.7,2,0,1,cgp,miniant,103
499,3,61.7,2,0,1,cgp,miniant,103
2499,3,61.7,2,0,1,cgp,miniant,103
1099,3,61.7,2,0,1,cgp,miniant,103
699,3,61.7,2,0,1,cgp,miniant,103
1199,3,61.7,2,0,1,cgp,miniant,103
2399,3,61.7,2,0,1,cgp,miniant,103
1399,3,61.7,2,0,1,cgp,miniant,103
1799,6,68.49999999999999,1,2,2,cgp,miniant,103
2499,6,68.49999999999999,1,2,2,cgp,miniant,103
1499,6,68.49999999999999,1,2,2,cgp,miniant,103
2399,6,68.49999999999999,1,2,2,cgp,miniant,103
1999,6,68.49999999999999,1,2,2,cgp,miniant,103
2199,6,68.49999999999999,1,2,2,cgp,miniant,103
799,6,68.49999999999999,1,2,2,cgp,miniant,103
399,6,68.49999999999999,1,2,2,cgp,miniant,103
1199,6,68.49999999999999,1,2,2,cgp,miniant,103
1399,6,68.49999999999999,1,2,2,cgp,miniant,103
299,6,68.49999999999999,1,2,2,cgp,miniant,103
499,6,68.49999999999999,1,2,2,cgp,miniant,103
1099,6,68.49999999999999,1,2,2,cgp,miniant,103
599,6,68.49999999999999,1,2,2,cgp,miniant,103
1299,6,68.49999999999999,1,2,2,cgp,miniant,103
1599,6,68.49999999999999,1,2,2,cgp,miniant,103
899,6,68.49999999999999,1,2,2,cgp,miniant,103
999,6,68.49999999999999,1,2,2,cgp,miniant,103
1699,6,68.49999999999999,1,2,2,cgp,miniant,103
1899,6,68.49999999999999,1,2,2,cgp,miniant,103
99,6,68.49999999999999,1,2,2,cgp,miniant,103
699,6,68.49999999999999,1,2,2,cgp,miniant,103
199,6,68.49999999999999,1,2,2,cgp,miniant,103
2299,6,68.49999999999999,1,2,2,cgp,miniant,103
2099,6,68.49999999999999,1,2,2,cgp,miniant,103
899,16,47.69999999999999,3,6,5,cgp,miniant,103
1899,16,47.69999999999999,3,6,5,cgp,miniant,103
1599,16,47.69999999999999,3,6,5,cgp,miniant,103
2299,16,47.69999999999999,3,6,5,cgp,miniant,103
2499,16,47.69999999999999,3,6,5,cgp,miniant,103
799,16,47.69999999999999,3,6,5,cgp,miniant,103
99,16,47.69999999999999,3,6,5,cgp,miniant,103
1499,16,47.69999999999999,3,6,5,cgp,miniant,103
299,16,47.69999999999999,3,6,5,cgp,miniant,103
1199,16,47.69999999999999,3,6,5,cgp,miniant,103
2199,16,47.69999999999999,3,6,5,cgp,miniant,103
1799,16,47.69999999999999,3,6,5,cgp,miniant,103
1299,16,47.69999999999999,3,6,5,cgp,miniant,103
1699,16,47.69999999999999,3,6,5,cgp,miniant,103
1099,16,47.69999999999999,3,6,5,cgp,miniant,103
999,16,47.69999999999999,3,6,5,cgp,miniant,103
2399,16,47.69999999999999,3,6,5,cgp,miniant,103
2099,16,47.69999999999999,3,6,5,cgp,miniant,103
1399,16,47.69999999999999,3,6,5,cgp,miniant,103
699,16,47.69999999999999,3,6,5,cgp,miniant,103
599,16,47.69999999999999,3,6,5,cgp,miniant,103
199,16,47.69999999999999,3,6,5,cgp,miniant,103
399,16,47.69999999999999,3,6,5,cgp,miniant,103
1999,16,47.69999999999999,3,6,5,cgp,miniant,103
499,16,47.69999999999999,3,6,5,cgp,miniant,103
2199,10,54.49999999999999,2,4,4,cgp,miniant,103
499,10,54.49999999999999,2,4,4,cgp,miniant,103
599,10,54.49999999999999,2,4,4,cgp,miniant,103
2099,10,54.49999999999999,2,4,4,cgp,miniant,103
1299,10,54.49999999999999,2,4,4,cgp,miniant,103
2499,10,54.49999999999999,2,4,4,cgp,miniant,103
1599,10,54.49999999999999,2,4,4,cgp,miniant,103
1399,10,54.49999999999999,2,4,4,cgp,miniant,103
199,10,54.49999999999999,2,4,4,cgp,miniant,103
799,10,54.49999999999999,2,4,4,cgp,miniant,103
899,10,54.49999999999999,2,4,4,cgp,miniant,103
299,10,54.49999999999999,2,4,4,cgp,miniant,103
1999,10,54.49999999999999,2,4,4,cgp,miniant,103
1899,10,54.49999999999999,2,4,4,cgp,miniant,103
1799,10,54.49999999999999,2,4,4,cgp,miniant,103
2299,10,54.49999999999999,2,4,4,cgp,miniant,103
1699,10,54.49999999999999,2,4,4,cgp,miniant,103
1199,10,54.49999999999999,2,4,4,cgp,miniant,103
1099,10,54.49999999999999,2,4,4,cgp,miniant,103
2399,10,54.49999999999999,2,4,4,cgp,miniant,103
999,10,54.49999999999999,2,4,4,cgp,miniant,103
1499,10,54.49999999999999,2,4,4,cgp,miniant,103
99,10,54.49999999999999,2,4,4,cgp,miniant,103
399,10,54.49999999999999,2,4,4,cgp,miniant,103
699,10,54.49999999999999,2,4,4,cgp,miniant,103
1199,4,56.49999999999999,2,2,1,cgp,miniant,103
599,4,56.49999999999999,2,2,1,cgp,miniant,103
899,4,56.49999999999999,2,2,1,cgp,miniant,103
999,4,56.49999999999999,2,2,1,cgp,miniant,103
199,4,56.49999999999999,2,2,1,cgp,miniant,103
1499,4,56.49999999999999,2,2,1,cgp,miniant,103
1399,4,56.49999999999999,2,2,1,cgp,miniant,103
799,4,56.49999999999999,2,2,1,cgp,miniant,103
99,4,56.49999999999999,2,2,1,cgp,miniant,103
1099,4,56.49999999999999,2,2,1,cgp,miniant,103
399,4,56.49999999999999,2,2,1,cgp,miniant,103
1299,4,56.49999999999999,2,2,1,cgp,miniant,103
299,4,56.49999999999999,2,2,1,cgp,miniant,103
699,4,56.49999999999999,2,2,1,cgp,miniant,103
499,4,56.49999999999999,2,2,1,cgp,miniant,103
699,3,61.7,2,1,0,cgp,miniant,103
899,3,61.7,2,1,0,cgp,miniant,103
299,3,61.7,2,1,0,cgp,miniant,103
999,3,61.7,2,1,0,cgp,miniant,103
199,3,61.7,2,1,0,cgp,miniant,103
799,3,61.7,2,1,0,cgp,miniant,103
1299,3,61.7,2,1,0,cgp,miniant,103
1399,3,61.7,2,1,0,cgp,miniant,103
499,3,61.7,2,1,0,cgp,miniant,103
99,3,61.7,2,1,0,cgp,miniant,103
1199,3,61.7,2,1,0,cgp,miniant,103
399,3,61.7,2,1,0,cgp,miniant,103
599,3,61.7,2,1,0,cgp,miniant,103
1499,3,61.7,2,1,0,cgp,miniant,103
1099,3,61.7,2,1,0,cgp,miniant,103
999,6,51.8,3,2,1,cgp,miniant,103
599,6,51.8,3,2,1,cgp,miniant,103
1299,6,51.8,3,2,1,cgp,miniant,103
499,6,51.8,3,2,1,cgp,miniant,103
1399,6,51.8,3,2,1,cgp,miniant,103
799,6,51.8,3,2,1,cgp,miniant,103
99,6,51.8,3,2,1,cgp,miniant,103
199,6,51.8,3,2,1,cgp,miniant,103
1199,6,51.8,3,2,1,cgp,miniant,103
1099,6,51.8,3,2,1,cgp,miniant,103
399,6,51.8,3,2,1,cgp,miniant,103
1499,6,51.8,3,2,1,cgp,miniant,103
699,6,51.8,3,2,1,cgp,miniant,103
899,6,51.8,3,2,1,cgp,miniant,103
299,6,51.8,3,2,1,cgp,miniant,103
899,4,69.39999999999999,1,1,1,cgp,miniant,103
499,4,69.39999999999999,1,1,1,cgp,miniant,103
1399,4,69.39999999999999,1,1,1,cgp,miniant,103
199,4,69.39999999999999,1,1,1,cgp,miniant,103
999,4,69.39999999999999,1,1,1,cgp,miniant,103
799,4,69.39999999999999,1,1,1,cgp,miniant,103
1499,4,69.39999999999999,1,1,1,cgp,miniant,103
299,4,69.39999999999999,1,1,1,cgp,miniant,103
399,4,69.39999999999999,1,1,1,cgp,miniant,103
99,4,69.39999999999999,1,1,1,cgp,miniant,103
699,4,69.39999999999999,1,1,1,cgp,miniant,103
599,4,69.39999999999999,1,1,1,cgp,miniant,103
1299,4,69.39999999999999,1,1,1,cgp,miniant,103
1099,4,69.39999999999999,1,1,1,cgp,miniant,103
1199,4,69.39999999999999,1,1,1,cgp,miniant,103
799,8,67.6,1,4,2,cgp,miniant,103
699,8,67.6,1,4,2,cgp,miniant,103
1499,8,67.6,1,4,2,cgp,miniant,103
199,8,67.6,1,4,2,cgp,miniant,103
99,8,67.6,1,4,2,cgp,miniant,103
399,8,67.6,1,4,2,cgp,miniant,103
1399,8,67.6,1,4,2,cgp,miniant,103
1199,8,67.6,1,4,2,cgp,miniant,103
1099,8,67.6,1,4,2,cgp,miniant,103
599,8,67.6,1,4,2,cgp,miniant,103
999,8,67.6,1,4,2,cgp,miniant,103
899,8,67.6,1,4,2,cgp,miniant,103
499,8,67.6,1,4,2,cgp,miniant,103
299,8,67.6,1,4,2,cgp,miniant,103
1299,8,67.6,1,4,2,cgp,miniant,103
399,3,61.7,2,0,1,cgp,miniant,103
899,3,61.7,2,0,1,cgp,miniant,103
299,3,61.7,2,0,1,cgp,miniant,103
99,3,61.7,2,0,1,cgp,miniant,103
1199,3,61.7,2,0,1,cgp,miniant,103
599,3,61.7,2,0,1,cgp,miniant,103
499,3,61.7,2,0,1,cgp,miniant,103
1299,3,61.7,2,0,1,cgp,miniant,103
699,3,61.7,2,0,1,cgp,miniant,103
1099,3,61.7,2,0,1,cgp,miniant,103
999,3,61.7,2,0,1,cgp,miniant,103
199,3,61.7,2,0,1,cgp,miniant,103
799,3,61.7,2,0,1,cgp,miniant,103
1399,3,61.7,2,0,1,cgp,miniant,103
1499,3,61.7,2,0,1,cgp,miniant,103
999,6,51.99999999999999,3,1,2,cgp,miniant,103
199,6,51.99999999999999,3,1,2,cgp,miniant,103
799,6,51.99999999999999,3,1,2,cgp,miniant,103
1499,6,51.99999999999999,3,1,2,cgp,miniant,103
99,6,51.99999999999999,3,1,2,cgp,miniant,103
299,6,51.99999999999999,3,1,2,cgp,miniant,103
1299,6,51.99999999999999,3,1,2,cgp,miniant,103
399,6,51.99999999999999,3,1,2,cgp,miniant,103
599,6,51.99999999999999,3,1,2,cgp,miniant,103
899,6,51.99999999999999,3,1,2,cgp,miniant,103
499,6,51.99999999999999,3,1,2,cgp,miniant,103
1099,6,51.99999999999999,3,1,2,cgp,miniant,103
699,6,51.99999999999999,3,1,2,cgp,miniant,103
1199,6,51.99999999999999,3,1,2,cgp,miniant,103
1399,6,51.99999999999999,3,1,2,cgp,miniant,103
1499,11,41.8,4,4,2,cgp,miniant,103
799,11,41.8,4,4,2,cgp,miniant,103
399,11,41.8,4,4,2,cgp,miniant,103
1199,11,41.8,4,4,2,cgp,miniant,103
1399,11,41.8,4,4,2,cgp,miniant,103
299,11,41.8,4,4,2,cgp,miniant,103
499,11,41.8,4,4,2,cgp,miniant,103
1099,11,41.8,4,4,2,cgp,miniant,103
599,11,41.8,4,4,2,cgp,miniant,103
1299,11,41.8,4,4,2,cgp,miniant,103
899,11,41.8,4,4,2,cgp,miniant,103
999,11,41.8,4,4,2,cgp,miniant,103
99,11,41.8,4,4,2,cgp,miniant,103
699,11,41.8,4,4,2,cgp,miniant,103
199,11,41.8,4,4,2,cgp,miniant,103
899,5,60.8,2,2,2,cgp,miniant,103
799,5,60.8,2,2,2,cgp,miniant,103
99,5,60.8,2,2,2,cgp,miniant,103
1499,5,60.8,2,2,2,cgp,miniant,103
299,5,60.8,2,2,2,cgp,miniant,103
1199,5,60.8,2,2,2,cgp,miniant,103
1299,5,60.8,2,2,2,cgp,miniant,103
1099,5,60.8,2,2,2,cgp,miniant,103
999,5,60.8,2,2,2,cgp,miniant,103
1399,5,60.8,2,2,2,cgp,miniant,103
699,5,60.8,2,2,2,cgp,miniant,103
599,5,60.8,2,2,2,cgp,miniant,103
199,5,60.8,2,2,2,cgp,miniant,103
399,5,60.8,2,2,2,cgp,miniant,103
499,5,60.8,2,2,2,cgp,miniant,103
499,6,56.49999999999999,3,2,2,cgp,miniant,103
599,6,56.49999999999999,3,2,2,cgp,miniant,103
1299,6,56.49999999999999,3,2,2,cgp,miniant,103
1399,6,56.49999999999999,3,2,2,cgp,miniant,103
199,6,56.49999999999999,3,2,2,cgp,miniant,103
799,6,56.49999999999999,3,2,2,cgp,miniant,103
899,6,56.49999999999999,3,2,2,cgp,miniant,103
299,6,56.49999999999999,3,2,2,cgp,miniant,103
1199,6,56.49999999999999,3,2,2,cgp,miniant,103
1099,6,56.49999999999999,3,2,2,cgp,miniant,103
999,6,56.49999999999999,3,2,2,cgp,miniant,103
1499,6,56.49999999999999,3,2,2,cgp,miniant,103
99,6,56.49999999999999,3,2,2,cgp,miniant,103
399,6,56.49999999999999,3,2,2,cgp,miniant,103
699,6,56.49999999999999,3,2,2,cgp,miniant,103
1199,10,66.49999999999999,1,4,2,cgp,miniant,103
599,10,66.49999999999999,1,4,2,cgp,miniant,103
1899,13,73.5,0,6,3,cgp,miniant,103
899,10,66.49999999999999,1,4,2,cgp,miniant,103
1799,13,73.5,0,6,3,cgp,miniant,103
1699,13,72.6,0,6,3,cgp,miniant,103
999,10,66.49999999999999,1,4,2,cgp,miniant,103
199,1,78.89999999999999,0,0,1,cgp,miniant,103
1499,14,63.79999999999998,1,6,3,cgp,miniant,103
1399,10,66.49999999999999,1,4,2,cgp,miniant,103
799,10,66.49999999999999,1,4,2,cgp,miniant,103
99,1,78.89999999999999,0,0,1,cgp,miniant,103
1599,13,72.6,0,6,3,cgp,miniant,103
1099,10,66.49999999999999,1,4,2,cgp,miniant,103
2499,14,63.79999999999998,1,6,3,cgp,miniant,103
1999,13,73.5,0,6,3,cgp,miniant,103
399,10,66.49999999999999,1,4,2,cgp,miniant,103
1299,10,66.49999999999999,1,4,2,cgp,miniant,103
2099,13,73.5,0,6,3,cgp,miniant,103
2199,13,72.6,0,6,3,cgp,miniant,103
2299,13,72.6,0,6,3,cgp,miniant,103
299,7,76.19999999999999,0,3,2,cgp,miniant,103
2399,13,72.6,0,6,3,cgp,miniant,103
699,10,66.49999999999999,1,4,2,cgp,miniant,103
499,10,66.49999999999999,1,4,2,cgp,miniant,103
699,5,77.1,0,2,3,cgp,miniant,103
2299,14,48.6,3,5,4,cgp,miniant,103
1599,9,59.0,2,3,4,cgp,miniant,103
899,5,77.1,0,2,3,cgp,miniant,103
2199,13,48.6,3,5,4,cgp,miniant,103
1699,9,59.0,2,3,4,cgp,miniant,103
2399,13,48.6,3,5,4,cgp,miniant,103
1899,12,49.49999999999999,3,4,4,cgp,miniant,103
299,9,75.3,0,4,5,cgp,miniant,103
2099,13,48.6,3,5,4,cgp,miniant,103
999,5,77.1,0,2,3,cgp,miniant,103
199,14,53.39999999999999,1,6,5,cgp,miniant,103
799,5,77.1,0,2,3,cgp,miniant,103
1799,12,49.49999999999999,3,4,4,cgp,miniant,103
1299,9,59.0,2,3,4,cgp,miniant,103
1399,9,59.0,2,3,4,cgp,miniant,103
499,5,77.1,0,2,3,cgp,miniant,103
2499,13,48.6,3,5,4,cgp,miniant,103
1999,13,48.6,3,5,4,cgp,miniant,103
99,3,78.0,0,1,2,cgp,miniant,103
1199,5,77.1,0,2,3,cgp,miniant,103
399,7,76.19999999999999,0,3,4,cgp,miniant,103
599,5,77.1,0,2,3,cgp,miniant,103
1499,9,59.0,2,3,4,cgp,miniant,103
1099,5,77.1,0,2,3,cgp,miniant,103
2299,23,44.49999999999999,4,9,7,cgp,miniant,103
999,20,33.7,5,7,6,cgp,miniant,103
599,21,17.099999999999994,4,8,6,cgp,miniant,103
1299,15,39.6,4,5,5,cgp,miniant,103
499,16,39.8,5,5,6,cgp,miniant,103
1999,20,33.9,5,7,6,cgp,miniant,103
1399,16,35.7,5,5,5,cgp,miniant,103
799,20,49.99999999999999,3,8,7,cgp,miniant,103
99,3,78.0,0,1,2,cgp,miniant,103
199,15,44.09999999999999,4,5,6,cgp,miniant,103
2499,21,29.599999999999994,6,7,6,cgp,miniant,103
1599,16,35.7,5,5,5,cgp,miniant,103
2199,23,44.49999999999999,4,9,7,cgp,miniant,103
2399,23,44.49999999999999,4,9,6,cgp,miniant,103
1199,19,33.7,4,7,6,cgp,miniant,103
2099,21,45.2,4,8,6,cgp,miniant,103
1099,19,38.0,4,7,7,cgp,miniant,103
1699,16,35.7,5,5,5,cgp,miniant,103
1899,27,18.099999999999994,6,10,5,cgp,miniant,103
399,16,51.8,3,6,7,cgp,miniant,103
1499,16,35.7,5,5,5,cgp,miniant,103
699,18,50.89999999999999,3,7,8,cgp,miniant,103
1799,18,25.8,5,6,5,cgp,miniant,103
899,18,38.89999999999999,5,6,6,cgp,miniant,103
299,16,46.59999999999999,3,6,6,cgp,miniant,103
899,5,77.1,0,2,3,cgp,miniant,103
499,7,75.3,0,3,3,cgp,miniant,103
2499,14,48.39999999999999,3,5,6,cgp,miniant,103
1699,5,77.1,0,2,3,cgp,miniant,103
1399,5,77.1,0,2,3,cgp,miniant,103
199,1,78.89999999999999,0,0,1,cgp,miniant,103
1599,5,77.1,0,2,3,cgp,miniant,103
999,5,77.1,0,2,3,cgp,miniant,103
799,5,77.1,0,2,3,cgp,miniant,103
2199,12,49.3,3,4,5,cgp,miniant,103
1499,5,77.1,0,2,3,cgp,miniant,103
2399,8,67.6,1,3,4,cgp,miniant,103
299,3,78.0,0,1,2,cgp,miniant,103
399,10,66.69999999999999,1,4,3,cgp,miniant,103
99,1,78.89999999999999,0,0,1,cgp,miniant,103
1899,6,68.29999999999998,1,2,3,cgp,miniant,103
699,7,76.19999999999999,0,3,3,cgp,miniant,103
599,7,75.3,0,3,3,cgp,miniant,103
1299,5,77.1,0,2,3,cgp,miniant,103
1099,5,77.1,0,2,3,cgp,miniant,103
2099,12,49.3,3,4,5,cgp,miniant,103
2299,12,49.3,3,4,5,cgp,miniant,103
1199,5,77.1,0,2,3,cgp,miniant,103
1999,9,59.0,2,3,4,cgp,miniant,103
1799,6,68.29999999999998,1,2,3,cgp,miniant,103
1599,8,62.2,2,3,3,cgp,miniant,103
799,10,52.49999999999999,2,4,3,cgp,miniant,103
1699,8,62.2,2,3,3,cgp,miniant,103
699,11,63.79999999999998,1,5,4,cgp,miniant,103
2499,9,61.3,1,4,4,cgp,miniant,103
1499,8,62.2,2,3,3,cgp,miniant,103
199,26,32.79999999999999,3,11,5,cgp,miniant,103
99,3,78.0,0,1,2,cgp,miniant,103
2199,8,62.2,2,3,3,cgp,miniant,103
399,13,52.49999999999999,2,5,3,cgp,miniant,103
1399,10,52.49999999999999,2,4,3,cgp,miniant,103
1199,10,52.49999999999999,2,4,3,cgp,miniant,103
1899,11,56.8,2,4,4,cgp,miniant,103
1099,12,50.69999999999999,2,5,4,cgp,miniant,103
1999,10,52.49999999999999,2,4,4,cgp,miniant,103
2099,8,62.2,2,3,3,cgp,miniant,103
599,11,63.79999999999998,1,5,4,cgp,miniant,103
1799,13,49.09999999999999,4,4,3,cgp,miniant,103
999,12,50.69999999999999,2,5,4,cgp,miniant,103
2399,9,61.3,1,4,4,cgp,miniant,103
2299,9,65.6,1,4,4,cgp,miniant,103
899,11,39.39999999999999,3,4,3,cgp,miniant,103
499,10,52.49999999999999,2,4,3,cgp,miniant,103
299,15,51.6,2,6,3,cgp,miniant,103
1299,10,52.49999999999999,2,4,3,cgp,miniant,103
399,5,77.1,0,2,2,cgp,miniant,103
1999,14,59.7,2,6,3,cgp,miniant,103
899,10,56.8,2,4,2,cgp,miniant,103
299,1,78.89999999999999,0,0,1,cgp,miniant,103
1899,14,59.7,2,6,3,cgp,miniant,103
99,1,78.89999999999999,0,0,1,cgp,miniant,103
1199,14,59.7,2,6,3,cgp,miniant,103
599,12,65.6,1,5,2,cgp,miniant,103
1699,14,59.7,2,6,3,cgp,miniant,103
499,12,70.8,0,6,3,cgp,miniant,103
2499,16,42.09999999999999,4,6,3,cgp,miniant,103
1299,14,59.7,2,6,3,cgp,miniant,103
2299,16,58.8,2,7,4,cgp,miniant,103
2199,15,50.89999999999999,3,6,3,cgp,miniant,103
699,9,65.6,1,4,2,cgp,miniant,103
1099,12,60.6,2,5,3,cgp,miniant,103
1599,14,59.7,2,6,3,cgp,miniant,103
999,12,60.6,2,5,3,cgp,miniant,103
2099,14,59.7,2,6,3,cgp,miniant,103
199,1,78.89999999999999,0,0,1,cgp,miniant,103
799,10,56.8,2,4,2,cgp,miniant,103
2399,15,50.89999999999999,3,6,3,cgp,miniant,103
1799,14,59.7,2,6,3,cgp,miniant,103
1399,14,59.7,2,6,3,cgp,miniant,103
1499,14,59.7,2,6,3,cgp,miniant,103
999,9,65.79999999999998,1,4,2,cgp,miniant,103
1599,10,57.19999999999999,2,4,2,cgp,miniant,103
199,9,65.79999999999998,1,4,2,cgp,miniant,103
799,9,65.79999999999998,1,4,2,cgp,miniant,103
1899,9,65.79999999999998,1,4,2,cgp,miniant,103
2199,9,65.79999999999998,1,4,2,cgp,miniant,103
2299,9,66.69999999999999,1,4,2,cgp,miniant,103
1499,12,64.89999999999999,1,5,3,cgp,miniant,103
99,9,65.79999999999998,1,4,2,cgp,miniant,103
299,9,66.69999999999999,1,4,2,cgp,miniant,103
1699,9,65.79999999999998,1,4,2,cgp,miniant,103
1299,9,65.79999999999998,1,4,2,cgp,miniant,103
399,9,66.69999999999999,1,4,2,cgp,miniant,103
2099,12,63.99999999999999,1,6,2,cgp,miniant,103
599,9,65.79999999999998,1,4,2,cgp,miniant,103
899,9,65.79999999999998,1,4,2,cgp,miniant,103
1799,9,65.79999999999998,1,4,2,cgp,miniant,103
1999,9,65.79999999999998,1,4,2,cgp,miniant,103
499,9,65.79999999999998,1,4,2,cgp,miniant,103
2499,9,65.79999999999998,1,4,2,cgp,miniant,103
1099,9,65.79999999999998,1,4,2,cgp,miniant,103
699,9,66.69999999999999,1,4,2,cgp,miniant,103
1199,9,65.79999999999998,1,4,2,cgp,miniant,103
2399,9,65.79999999999998,1,4,2,cgp,miniant,103
1399,9,65.79999999999998,1,4,2,cgp,miniant,103
1799,12,65.79999999999998,1,5,5,cgp,miniant,103
2499,21,26.39999999999999,8,6,6,cgp,miniant,103
1499,8,75.3,0,4,3,cgp,miniant,103
2399,21,26.39999999999999,8,6,6,cgp,miniant,103
1999,20,54.89999999999999,3,8,7,cgp,miniant,103
2199,20,34.6,5,7,6,cgp,miniant,103
799,5,77.1,0,2,3,cgp,miniant,103
399,7,76.19999999999999,0,3,3,cgp,miniant,103
1199,5,77.1,0,2,3,cgp,miniant,103
1399,8,67.39999999999999,1,3,3,cgp,miniant,103
299,3,78.0,0,1,2,cgp,miniant,103
499,7,75.3,0,3,3,cgp,miniant,103
1099,5,77.1,0,2,3,cgp,miniant,103
599,8,75.3,0,4,4,cgp,miniant,103
1299,6,68.29999999999998,1,2,3,cgp,miniant,103
1599,10,66.69999999999999,1,4,4,cgp,miniant,103
899,5,77.1,0,2,3,cgp,miniant,103
999,5,77.1,0,2,3,cgp,miniant,103
1699,13,52.89999999999999,2,5,4,cgp,miniant,103
1899,14,64.89999999999999,1,6,6,cgp,miniant,103
99,3,78.0,0,1,2,cgp,miniant,103
699,5,77.1,0,2,3,cgp,miniant,103
199,3,78.0,0,1,2,cgp,miniant,103
2299,19,34.99999999999999,6,6,5,cgp,miniant,103
2099,17,47.7,4,6,5,cgp,miniant,103
899,15,55.89999999999999,2,6,3,cgp,miniant,103
1899,15,55.89999999999999,2,6,3,cgp,miniant,103
1599,15,55.89999999999999,2,6,3,cgp,miniant,103
2299,19,37.8,2,8,4,cgp,miniant,103
2499,20,38.4,3,8,5,cgp,miniant,103
799,15,55.89999999999999,2,6,3,cgp,miniant,103
99,1,78.89999999999999,0,0,1,cgp,miniant,103
1499,15,55.89999999999999,2,6,3,cgp,miniant,103
299,16,63.79999999999998,1,7,4,cgp,miniant,103
1199,15,55.89999999999999,2,6,3,cgp,miniant,103
2199,21,45.49999999999999,2,9,4,cgp,miniant,103
1799,15,55.89999999999999,2,6,3,cgp,miniant,103
1299,15,55.89999999999999,2,6,3,cgp,miniant,103
1699,15,55.89999999999999,2,6,3,cgp,miniant,103
1099,15,55.89999999999999,2,6,3,cgp,miniant,103
999,15,55.89999999999999,2,6,3,cgp,miniant,103
2399,19,57.89999999999999,2,8,4,cgp,miniant,103
2099,20,43.2,3,8,4,cgp,miniant,103
1399,15,55.89999999999999,2,6,3,cgp,miniant,103
699,15,55.89999999999999,2,6,3,cgp,miniant,103
599,15,55.89999999999999,2,6,3,cgp,miniant,103
199,16,63.79999999999998,1,7,4,cgp,miniant,103
399,14,64.69999999999999,1,6,3,cgp,miniant,103
1999,17,55.0,2,7,4,cgp,miniant,103
499,15,55.89999999999999,2,6,3,cgp,miniant,103
2199,14,35.8,3,5,4,cgp,miniant,103
499,10,66.69999999999999,1,4,4,cgp,miniant,103
599,10,66.69999999999999,1,4,4,cgp,miniant,103
2099,14,35.8,3,5,3,cgp,miniant,103
1299,10,54.69999999999999,3,3,3,cgp,miniant,103
2499,17,34.0,4,6,4,cgp,miniant,103
1599,14,40.79999999999999,3,5,3,cgp,miniant,103
1399,13,49.7,4,4,4,cgp,miniant,103
199,3,78.0,0,1,2,cgp,miniant,103
799,9,63.5,2,3,3,cgp,miniant,103
899,9,63.5,2,3,3,cgp,miniant,103
299,3,78.0,0,1,2,cgp,miniant,103
1999,14,35.8,3,5,3,cgp,miniant,103
1899,14,35.8,3,5,4,cgp,miniant,103
1799,14,48.5,3,5,4,cgp,miniant,103
2299,14,35.8,3,5,4,cgp,miniant,103
1699,18,23.599999999999994,5,6,3,cgp,miniant,103
1199,10,54.69999999999999,3,3,3,cgp,miniant,103
1099,9,63.5,2,3,3,cgp,miniant,103
2399,18,24.0,3,7,4,cgp,miniant,103
999,9,63.5,2,3,3,cgp,miniant,103
1499,14,40.79999999999999,3,5,3,cgp,miniant,103
99,1,78.89999999999999,0,0,1,cgp,miniant,103
399,7,76.19999999999999,0,3,3,cgp,miniant,103
699,10,66.69999999999999,1,4,4,cgp,miniant,103
1199,10,66.69999999999999,1,5,5,cgp,miniant,103
599,7,76.19999999999999,0,3,4,cgp,miniant,103
899,7,76.19999999999999,0,4,4,cgp,miniant,103
999,7,76.19999999999999,0,4,4,cgp,miniant,103
199,7,76.19999999999999,0,4,4,cgp,miniant,103
1499,10,66.69999999999999,1,5,5,cgp,miniant,103
1399,10,66.69999999999999,1,5,5,cgp,miniant,103
799,7,76.19999999999999,0,4,3,cgp,miniant,103
99,6,75.3,0,4,3,cgp,miniant,103
1099,10,66.69999999999999,1,5,5,cgp,miniant,103
399,7,76.19999999999999,0,4,4,cgp,miniant,103
1299,10,66.69999999999999,1,5,5,cgp,miniant,103
299,7,76.19999999999999,0,3,4,cgp,miniant,103
699,7,76.19999999999999,0,3,4,cgp,miniant,103
499,7,76.19999999999999,0,3,4,cgp,miniant,103
699,5,77.1,0,2,3,cgp,miniant,103
899,6,68.29999999999998,1,2,3,cgp,miniant,103
299,5,77.1,0,2,3,cgp,miniant,103
999,5,77.1,0,2,3,cgp,miniant,103
199,5,77.1,0,2,3,cgp,miniant,103
799,5,77.1,0,2,3,cgp,miniant,103
1299,5,77.1,0,2,3,cgp,miniant,103
1399,5,77.1,0,2,3,cgp,miniant,103
499,5,77.1,0,2,4,cgp,miniant,103
99,3,78.0,0,1,2,cgp,miniant,103
1199,5,77.1,0,2,3,cgp,miniant,103
399,5,77.1,0,2,4,cgp,miniant,103
599,5,77.1,0,2,3,cgp,miniant,103
1499,5,77.1,0,2,3,cgp,miniant,103
1099,5,77.1,0,2,3,cgp,miniant,103
999,6,68.29999999999998,1,2,3,cgp,miniant,103
599,5,77.1,0,2,3,cgp,miniant,103
1299,5,77.1,0,2,3,cgp,miniant,103
499,6,68.29999999999998,1,2,4,cgp,miniant,103
1399,5,77.1,0,2,3,cgp,miniant,103
799,5,77.1,0,2,3,cgp,miniant,103
99,3,78.0,0,1,2,cgp,miniant,103
199,7,76.19999999999999,0,3,4,cgp,miniant,103
1199,5,77.1,0,2,3,cgp,miniant,103
1099,5,77.1,0,2,3,cgp,miniant,103
399,5,77.1,0,2,3,cgp,miniant,103
1499,5,77.1,0,2,3,cgp,miniant,103
699,5,77.1,0,2,3,cgp,miniant,103
899,5,77.1,0,2,3,cgp,miniant,103
299,5,77.1,0,2,3,cgp,miniant,103
899,5,77.1,0,2,3,cgp,miniant,103
499,5,77.1,0,2,3,cgp,miniant,103
1399,5,77.1,0,2,3,cgp,miniant,103
199,5,77.1,0,2,3,cgp,miniant,103
999,5,77.1,0,2,3,cgp,miniant,103
799,5,77.1,0,2,3,cgp,miniant,103
1499,5,77.1,0,2,3,cgp,miniant,103
299,5,77.1,0,2,3,cgp,miniant,103
399,5,77.1,0,2,3,cgp,miniant,103
99,3,78.0,0,1,2,cgp,miniant,103
699,5,77.1,0,2,3,cgp,miniant,103
599,5,77.1,0,2,3,cgp,miniant,103
1299,5,77.1,0,2,3,cgp,miniant,103
1099,5,77.1,0,2,3,cgp,miniant,103
1199,5,77.1,0,2,3,cgp,miniant,103
799,10,66.69999999999999,1,4,5,cgp,miniant,103
699,10,66.69999999999999,1,4,5,cgp,miniant,103
1499,8,67.6,1,3,2,cgp,miniant,103
199,5,77.1,0,2,2,cgp,miniant,103
99,3,78.0,0,1,2,cgp,miniant,103
399,11,58.1,2,4,5,cgp,miniant,103
1399,8,67.6,1,3,2,cgp,miniant,103
1199,10,66.69999999999999,1,4,5,cgp,miniant,103
1099,10,66.69999999999999,1,4,5,cgp,miniant,103
599,10,66.69999999999999,1,4,5,cgp,miniant,103
999,10,66.69999999999999,1,4,5,cgp,miniant,103
899,10,66.69999999999999,1,4,4,cgp,miniant,103
499,10,66.69999999999999,1,4,5,cgp,miniant,103
299,11,58.1,2,4,5,cgp,miniant,103
1299,10,66.69999999999999,1,4,5,cgp,miniant,103
399,5,77.1,0,2,4,cgp,miniant,103
899,5,77.1,0,2,3,cgp,miniant,103
299,5,77.1,0,2,4,cgp,miniant,103
99,10,66.69999999999999,1,4,6,cgp,miniant,103
1199,5,77.1,0,2,4,cgp,miniant,103
599,5,77.1,0,2,3,cgp,miniant,103
499,5,77.1,0,2,3,cgp,miniant,103
1299,6,68.29999999999998,1,2,4,cgp,miniant,103
699,5,77.1,0,2,3,cgp,miniant,103
1099,5,77.1,0,2,4,cgp,miniant,103
999,5,77.1,0,2,4,cgp,miniant,103
199,6,68.49999999999999,1,2,4,cgp,miniant,103
799,6,68.29999999999998,1,2,3,cgp,miniant,103
1399,5,77.1,0,2,4,cgp,miniant,103
1499,5,77.1,0,2,3,cgp,miniant,103
999,5,77.1,0,2,3,cgp,miniant,103
199,6,68.29999999999998,1,2,3,cgp,miniant,103
799,5,77.1,0,2,3,cgp,miniant,103
1499,5,77.1,0,2,3,cgp,miniant,103
99,3,78.0,0,1,2,cgp,miniant,103
299,5,77.1,0,2,3,cgp,miniant,103
1299,5,77.1,0,2,3,cgp,miniant,103
399,5,77.1,0,2,3,cgp,miniant,103
599,5,77.1,0,2,3,cgp,miniant,103
899,5,77.1,0,2,3,cgp,miniant,103
499,5,77.1,0,2,3,cgp,miniant,103
1099,5,77.1,0,2,3,cgp,miniant,103
699,5,77.1,0,2,3,cgp,miniant,103
1199,5,77.1,0,2,3,cgp,miniant,103
1399,5,77.1,0,2,3,cgp,miniant,103
1499,5,77.1,0,2,4,cgp,miniant,103
799,9,58.8,2,3,4,cgp,miniant,103
399,9,75.3,0,5,3,cgp,miniant,103
1199,5,77.1,0,2,3,cgp,miniant,103
1399,5,77.1,0,2,4,cgp,miniant,103
299,5,77.1,0,2,3,cgp,miniant,103
499,8,67.39999999999999,1,3,3,cgp,miniant,103
1099,5,77.1,0,2,3,cgp,miniant,103
599,5,77.1,0,2,3,cgp,miniant,103
1299,5,77.1,0,2,3,cgp,miniant,103
899,5,77.1,0,2,3,cgp,miniant,103
999,5,77.1,0,2,3,cgp,miniant,103
99,3,78.0,0,1,2,cgp,miniant,103
699,6,68.29999999999998,1,2,3,cgp,miniant,103
199,3,78.0,0,1,2,cgp,miniant,103
899,11,74.39999999999999,0,5,4,cgp,miniant,103
799,11,74.39999999999999,0,5,4,cgp,miniant,103
99,5,77.1,0,2,2,cgp,miniant,103
1499,11,74.39999999999999,0,5,4,cgp,miniant,103
299,5,77.1,0,2,2,cgp,miniant,103
1199,11,74.39999999999999,0,5,4,cgp,miniant,103
1299,11,74.39999999999999,0,5,4,cgp,miniant,103
1099,11,74.39999999999999,0,5,4,cgp,miniant,103
999,11,74.39999999999999,0,5,4,cgp,miniant,103
1399,11,74.39999999999999,0,5,4,cgp,miniant,103
699,11,74.39999999999999,0,5,4,cgp,miniant,103
599,14,72.6,0,8,5,cgp,miniant,103
199,5,77.1,0,2,2,cgp,miniant,103
399,7,76.19999999999999,0,3,2,cgp,miniant,103
499,7,76.19999999999999,0,3,3,cgp,miniant,103
499,8,67.6,1,3,3,cgp,miniant,103
599,8,67.6,1,3,3,cgp,miniant,103
1299,7,61.7,1,3,3,cgp,miniant,103
1399,7,61.7,1,3,3,cgp,miniant,103
199,8,67.6,1,3,3,cgp,miniant,103
799,8,67.6,1,3,3,cgp,miniant,103
899,8,67.6,1,3,3,cgp,miniant,103
299,8,67.6,1,3,3,cgp,miniant,103
1199,7,61.7,1,3,3,cgp,miniant,103
1099,8,67.6,1,3,3,cgp,miniant,103
999,8,67.6,1,3,3,cgp,miniant,103
1499,7,61.7,1,3,3,cgp,miniant,103
99,5,77.1,0,2,2,cgp,miniant,103
399,8,67.6,1,3,3,cgp,miniant,103
699,8,67.6,1,3,3,cgp,miniant,103
1199,28,50.16666666666666,7,9,6,cgp,miniant,103
599,25,49.93333333333333,8,7,5,cgp,miniant,103
1899,31,47.23333333333333,8,10,8,cgp,miniant,103
899,26,54.9,7,8,5,cgp,miniant,103
1799,29,52.133333333333326,6,10,8,cgp,miniant,103
1699,25,55.06666666666666,4,9,7,cgp,miniant,103
999,26,54.9,7,8,6,cgp,miniant,103
199,29,41.766666666666666,8,9,8,cgp,miniant,103
1499,29,53.1,8,9,7,cgp,miniant,103
1399,29,53.1,8,9,7,cgp,miniant,103
799,26,55.133333333333326,7,8,6,cgp,miniant,103
99,23,44.56666666666666,6,7,7,cgp,miniant,103
1599,32,55.49999999999999,7,11,6,cgp,miniant,103
1099,26,54.9,7,8,6,cgp,miniant,103
2499,31,55.66666666666666,4,12,6,cgp,miniant,103
1999,27,53.1,6,9,6,cgp,miniant,103
399,26,52.566666666666656,7,8,7,cgp,miniant,103
1299,27,55.73333333333333,6,9,6,cgp,miniant,103
2099,27,53.1,6,9,6,cgp,miniant,103
2199,31,53.633333333333326,6,11,8,cgp,miniant,103
2299,35,55.46666666666666,4,14,8,cgp,miniant,103
299,24,50.633333333333326,4,9,5,cgp,miniant,103
2399,36,54.09999999999999,5,14,9,cgp,miniant,103
699,25,49.86666666666667,8,7,6,cgp,miniant,103
499,25,49.93333333333333,8,7,5,cgp,miniant,103
699,13,66.46666666666665,4,3,5,cgp,miniant,103
2299,17,69.43333333333332,3,6,7,cgp,miniant,103
1599,17,66.06666666666666,4,5,6,cgp,miniant,103
899,13,66.46666666666665,4,3,5,cgp,miniant,103
2199,15,67.53333333333332,4,4,7,cgp,miniant,103
1699,17,67.43333333333332,4,5,7,cgp,miniant,103
2399,21,64.0,6,6,8,cgp,miniant,103
1899,17,67.36666666666666,4,5,7,cgp,miniant,103
299,24,62.96666666666666,3,9,8,cgp,miniant,103
2099,19,63.0,6,5,8,cgp,miniant,103
999,13,66.46666666666665,4,3,5,cgp,miniant,103
199,11,72.13333333333333,2,3,6,cgp,miniant,103
799,18,60.23333333333333,6,5,6,cgp,miniant,103
1799,17,67.43333333333332,4,5,7,cgp,miniant,103
1299,19,62.93333333333333,6,5,8,cgp,miniant,103
1399,19,62.79999999999999,4,6,8,cgp,miniant,103
499,12,69.39999999999999,3,3,5,cgp,miniant,103
2499,14,70.39999999999999,3,4,7,cgp,miniant,103
1999,24,66.46666666666665,5,8,9,cgp,miniant,103
99,13,67.83333333333333,4,3,6,cgp,miniant,103
1199,13,66.46666666666665,4,3,5,cgp,miniant,103
399,12,69.39999999999999,3,3,5,cgp,miniant,103
599,12,69.39999999999999,3,3,5,cgp,miniant,103
1499,20,64.13333333333333,5,6,7,cgp,miniant,103
1099,14,69.03333333333332,3,4,6,cgp,miniant,103
2299,16,57.56666666666666,2,6,5,cgp,miniant,103
999,16,62.53333333333333,2,6,5,cgp,miniant,103
599,17,50.16666666666666,2,6,3,cgp,miniant,103
1299,17,53.56666666666666,3,6,4,cgp,miniant,103
499,19,58.399999999999984,0,8,5,cgp,miniant,103
1999,17,59.73333333333333,3,6,4,cgp,miniant,103
1399,17,53.56666666666666,3,6,4,cgp,miniant,103
799,19,53.19999999999999,2,7,3,cgp,miniant,103
99,16,70.39999999999999,1,6,6,cgp,miniant,103
199,22,64.26666666666665,1,9,8,cgp,miniant,103
2499,17,59.73333333333333,3,6,4,cgp,miniant,103
1599,17,59.73333333333333,3,6,4,cgp,miniant,103
2199,17,59.73333333333333,3,6,4,cgp,miniant,103
2399,18,58.3,4,6,4,cgp,miniant,103
1199,17,53.56666666666666,3,6,4,cgp,miniant,103
2099,17,59.73333333333333,3,6,4,cgp,miniant,103
1099,23,53.33333333333332,4,8,7,cgp,miniant,103
1699,17,59.73333333333333,3,6,4,cgp,miniant,103
1899,17,59.73333333333333,3,6,4,cgp,miniant,103
399,20,58.46666666666665,1,8,6,cgp,miniant,103
1499,17,59.73333333333333,3,6,4,cgp,miniant,103
699,19,50.4,2,7,3,cgp,miniant,103
1799,17,59.73333333333333,3,6,4,cgp,miniant,103
899,18,53.19999999999999,1,7,3,cgp,miniant,103
299,20,58.53333333333331,1,8,5,cgp,miniant,103
899,22,58.5,5,7,8,cgp,miniant,103
499,21,55.33333333333332,4,7,7,cgp,miniant,103
2499,24,61.46666666666666,2,10,7,cgp,miniant,103
1699,26,57.96666666666666,5,9,9,cgp,miniant,103
1399,20,59.99999999999999,4,7,7,cgp,miniant,103
199,21,61.566666666666656,2,8,6,cgp,miniant,103
1599,22,61.399999999999984,3,9,7,cgp,miniant,103
999,22,55.26666666666666,5,7,8,cgp,miniant,103
799,22,58.5,5,7,7,cgp,miniant,103
2199,24,62.79999999999999,2,10,10,cgp,miniant,103
1499,20,62.79999999999998,3,7,7,cgp,miniant,103
2399,26,62.19999999999999,2,11,8,cgp,miniant,103
299,20,58.19999999999999,3,7,7,cgp,miniant,103
399,21,55.33333333333332,4,7,7,cgp,miniant,103
99,20,61.86666666666665,3,7,6,cgp,miniant,103
1899,24,54.86666666666665,4,9,9,cgp,miniant,103
699,25,58.19999999999999,6,8,8,cgp,miniant,103
599,21,56.99999999999999,5,7,7,cgp,miniant,103
1299,23,61.133333333333326,4,8,8,cgp,miniant,103
1099,22,55.26666666666666,5,7,8,cgp,miniant,103
2099,24,61.36666666666665,3,9,9,cgp,miniant,103
2299,24,62.066666666666656,2,10,8,cgp,miniant,103
1199,22,61.066666666666656,4,8,7,cgp,miniant,103
1999,24,54.73333333333332,4,9,9,cgp,miniant,103
1799,26,54.26666666666666,4,10,9,cgp,miniant,103
1599,17,65.89999999999999,2,6,9,cgp,miniant,103
799,12,72.19999999999999,1,4,4,cgp,miniant,103
1699,18,62.96666666666666,3,6,9,cgp,miniant,103
699,14,71.89999999999999,1,5,5,cgp,miniant,103
2499,12,68.13333333333333,3,3,6,cgp,miniant,103
1499,19,63.36666666666665,2,7,6,cgp,miniant,103
199,10,68.96666666666665,3,2,3,cgp,miniant,103
99,10,65.43333333333334,5,1,3,cgp,miniant,103
2199,13,65.26666666666667,4,3,6,cgp,miniant,103
399,12,72.19999999999999,1,4,4,cgp,miniant,103
1399,15,61.83333333333332,4,4,6,cgp,miniant,103
1199,15,68.76666666666665,1,6,7,cgp,miniant,103
1899,17,63.16666666666666,4,5,7,cgp,miniant,103
1099,12,72.19999999999999,1,4,4,cgp,miniant,103
1999,16,63.46666666666666,5,4,7,cgp,miniant,103
2099,13,65.26666666666667,4,3,6,cgp,miniant,103
599,13,69.26666666666667,2,4,5,cgp,miniant,103
1799,17,63.03333333333333,4,5,6,cgp,miniant,103
999,12,72.19999999999999,1,4,5,cgp,miniant,103
2399,12,68.13333333333333,3,3,6,cgp,miniant,103
2299,13,65.26666666666667,4,3,6,cgp,miniant,103
899,12,72.19999999999999,1,4,4,cgp,miniant,103
499,12,72.19999999999999,1,4,4,cgp,miniant,103
299,12,72.19999999999999,1,4,4,cgp,miniant,103
1299,14,64.69999999999999,3,4,6,cgp,miniant,103
399,12,64.0,3,3,5,cgp,miniant,103
1999,29,48.76666666666666,4,11,8,cgp,miniant,103
899,9,69.86666666666666,2,2,4,cgp,miniant,103
299,13,61.06666666666666,4,3,5,cgp,miniant,103
1899,24,49.36666666666665,3,9,6,cgp,miniant,103
99,10,72.43333333333332,1,3,5,cgp,miniant,103
1199,19,52.23333333333333,4,6,7,cgp,miniant,103
599,7,75.66666666666667,0,2,5,cgp,miniant,103
1699,24,44.833333333333314,3,9,6,cgp,miniant,103
499,8,72.73333333333333,1,2,5,cgp,miniant,103
2499,26,53.73333333333333,3,10,6,cgp,miniant,103
1299,19,52.23333333333333,4,6,7,cgp,miniant,103
2299,26,53.73333333333333,3,10,6,cgp,miniant,103
2199,26,53.79999999999999,3,10,7,cgp,miniant,103
699,8,72.8,1,2,5,cgp,miniant,103
1099,18,50.9,5,5,6,cgp,miniant,103
1599,20,49.03333333333333,3,7,5,cgp,miniant,103
999,13,56.833333333333336,4,3,4,cgp,miniant,103
2099,29,52.83333333333332,4,11,7,cgp,miniant,103
199,16,66.39999999999999,3,5,6,cgp,miniant,103
799,8,72.66666666666667,1,2,5,cgp,miniant,103
2399,26,53.73333333333333,3,10,6,cgp,miniant,103
1799,24,50.09999999999999,3,9,6,cgp,miniant,103
1399,17,52.53333333333333,4,5,6,cgp,miniant,103
1499,13,61.06666666666666,2,4,5,cgp,miniant,103
999,9,72.13333333333333,2,2,4,cgp,miniant,103
1599,9,72.13333333333333,2,2,4,cgp,miniant,103
199,9,72.19999999999999,2,2,4,cgp,miniant,103
799,11,71.83333333333331,1,4,5,cgp,miniant,103
1899,8,75.06666666666666,1,2,4,cgp,miniant,103
2199,8,75.06666666666666,1,2,4,cgp,miniant,103
2299,8,75.06666666666666,1,2,4,cgp,miniant,103
1499,9,72.13333333333333,2,2,4,cgp,miniant,103
99,7,72.7333333333333,2,1,3,cgp,miniant,103
299,10,74.33333333333331,1,3,4,cgp,miniant,103
1699,9,72.13333333333333,2,2,4,cgp,miniant,103
1299,8,75.06666666666666,1,2,4,cgp,miniant,103
399,10,74.33333333333331,1,3,4,cgp,miniant,103
2099,8,75.06666666666666,1,2,4,cgp,miniant,103
599,8,75.06666666666666,1,2,4,cgp,miniant,103
899,11,71.83333333333331,1,4,5,cgp,miniant,103
1799,9,72.13333333333333,2,2,4,cgp,miniant,103
1999,8,75.06666666666666,1,2,4,cgp,miniant,103
499,8,75.06666666666666,1,2,4,cgp,miniant,103
2499,8,75.06666666666666,1,2,4,cgp,miniant,103
1099,9,72.13333333333333,2,2,4,cgp,miniant,103
699,8,75.06666666666666,1,2,4,cgp,miniant,103
1199,9,72.13333333333333,2,2,4,cgp,miniant,103
2399,9,72.19999999999999,2,2,4,cgp,miniant,103
1399,8,75.06666666666666,1,2,4,cgp,miniant,103
1799,14,63.46666666666666,5,3,4,cgp,miniant,103
2499,12,69.26666666666667,3,3,4,cgp,miniant,103
1499,17,71.03333333333332,2,6,6,cgp,miniant,103
2399,11,72.13333333333333,2,3,4,cgp,miniant,103
1999,20,61.29999999999999,3,7,6,cgp,miniant,103
2199,14,63.53333333333333,5,3,4,cgp,miniant,103
799,12,69.19999999999999,3,3,5,cgp,miniant,103
399,11,66.26666666666667,2,3,4,cgp,miniant,103
1199,10,72.0,1,3,4,cgp,miniant,103
1399,12,72.0,1,4,5,cgp,miniant,103
299,12,63.4,3,3,4,cgp,miniant,103
499,17,60.23333333333333,6,4,5,cgp,miniant,103
1099,12,60.53333333333333,3,3,4,cgp,miniant,103
599,13,69.26666666666667,2,4,6,cgp,miniant,103
1299,10,74.93333333333332,1,3,4,cgp,miniant,103
1599,12,69.26666666666667,3,3,4,cgp,miniant,103
899,13,66.39999999999999,4,3,4,cgp,miniant,103
999,12,69.19999999999999,3,3,5,cgp,miniant,103
1699,11,66.26666666666667,2,3,4,cgp,miniant,103
1899,11,69.2,2,3,4,cgp,miniant,103
99,10,75.0,1,3,5,cgp,miniant,103
699,12,60.53333333333333,3,3,4,cgp,miniant,103
199,11,66.26666666666667,2,3,4,cgp,miniant,103
2299,12,69.26666666666667,3,3,4,cgp,miniant,103
2099,13,66.33333333333333,4,3,5,cgp,miniant,103
899,11,68.13333333333333,4,2,4,cgp,miniant,103
1899,25,63.133333333333326,2,10,7,cgp,miniant,103
1599,20,61.36666666666665,3,7,6,cgp,miniant,103
2299,13,68.83333333333333,2,4,6,cgp,miniant,103
2499,17,67.93333333333332,2,6,6,cgp,miniant,103
799,15,60.833333333333336,6,3,4,cgp,miniant,103
99,10,72.13333333333333,2,3,4,cgp,miniant,103
1499,20,58.86666666666667,5,6,6,cgp,miniant,103
299,9,69.56666666666665,2,2,3,cgp,miniant,103
1199,11,64.46666666666665,4,2,3,cgp,miniant,103
2199,16,66.8,3,5,5,cgp,miniant,103
1799,19,65.13333333333333,3,7,6,cgp,miniant,103
1299,15,59.03333333333333,4,4,5,cgp,miniant,103
1699,16,63.1,5,4,6,cgp,miniant,103
1099,10,70.56666666666666,3,2,3,cgp,miniant,103
999,10,70.93333333333332,3,2,5,cgp,miniant,103
2399,15,68.53333333333332,2,5,6,cgp,miniant,103
2099,13,68.83333333333333,2,4,6,cgp,miniant,103
1399,14,59.03333333333333,5,3,4,cgp,miniant,103
699,21,57.23333333333333,6,6,7,cgp,miniant,103
599,10,69.19999999999999,3,2,4,cgp,miniant,103
199,9,72.23333333333332,2,2,4,cgp,miniant,103
399,9,72.36666666666666,2,2,4,cgp,miniant,103
1999,13,68.83333333333333,2,4,6,cgp,miniant,103
499,9,72.36666666666666,2,2,4,cgp,miniant,103
2199,16,67.53333333333332,3,5,6,cgp,miniant,103
499,19,64.16666666666667,4,6,6,cgp,miniant,103
599,21,60.93333333333333,4,7,6,cgp,miniant,103
2099,16,67.53333333333332,3,5,6,cgp,miniant,103
1299,15,67.6,2,5,5,cgp,miniant,103
2499,16,67.53333333333332,3,5,7,cgp,miniant,103
1599,14,66.53333333333333,3,4,6,cgp,miniant,103
1399,17,66.16666666666666,2,6,6,cgp,miniant,103
199,17,65.39999999999999,2,6,6,cgp,miniant,103
799,19,65.53333333333332,2,7,7,cgp,miniant,103
899,19,65.53333333333332,2,7,7,cgp,miniant,103
299,20,59.133333333333326,3,7,5,cgp,miniant,103
1999,16,67.53333333333332,3,5,6,cgp,miniant,103
1899,16,67.53333333333332,3,5,6,cgp,miniant,103
1799,15,66.46666666666665,4,4,6,cgp,miniant,103
2299,14,67.89999999999999,3,4,6,cgp,miniant,103
1699,17,66.16666666666667,4,5,8,cgp,miniant,103
1199,15,67.6,2,5,5,cgp,miniant,103
1099,23,59.93333333333332,4,8,8,cgp,miniant,103
2399,16,67.6,3,5,7,cgp,miniant,103
999,19,70.3,1,8,5,cgp,miniant,103
1499,14,66.53333333333333,3,4,6,cgp,miniant,103
99,19,68.23333333333333,2,7,6,cgp,miniant,103
399,19,61.73333333333333,2,7,4,cgp,miniant,103
699,21,65.16666666666667,2,8,6,cgp,miniant,103
1199,12,77.2,0,5,7,cgp,miniant,103
599,14,77.03333333333333,0,6,8,cgp,miniant,103
899,12,77.2,0,5,7,cgp,miniant,103
999,12,77.2,0,5,7,cgp,miniant,103
199,10,75.06666666666666,1,3,5,cgp,miniant,103
1499,11,69.26666666666665,2,4,5,cgp,miniant,103
1399,12,74.39999999999999,1,5,6,cgp,miniant,103
799,12,77.2,0,5,7,cgp,miniant,103
99,10,75.06666666666666,1,4,5,cgp,miniant,103
1099,12,77.2,0,5,7,cgp,miniant,103
399,11,77.63333333333333,0,5,6,cgp,miniant,103
1299,12,77.2,0,5,7,cgp,miniant,103
299,10,75.06666666666666,1,4,5,cgp,miniant,103
699,11,77.63333333333333,0,5,6,cgp,miniant,103
499,11,77.63333333333333,0,4,7,cgp,miniant,103
699,14,67.9,3,4,5,cgp,miniant,103
899,13,70.76666666666667,2,4,5,cgp,miniant,103
299,11,73.49999999999999,1,4,6,cgp,miniant,103
999,13,70.76666666666667,2,4,5,cgp,miniant,103
199,9,72.49999999999999,2,2,4,cgp,miniant,103
799,13,70.69999999999999,2,4,5,cgp,miniant,103
1299,15,70.53333333333332,2,6,5,cgp,miniant,103
1399,13,70.76666666666667,2,4,5,cgp,miniant,103
499,11,70.99999999999999,2,3,5,cgp,miniant,103
99,7,72.56666666666666,2,2,3,cgp,miniant,103
1199,13,70.83333333333333,2,5,4,cgp,miniant,103
399,11,70.99999999999999,2,3,6,cgp,miniant,103
599,12,68.13333333333333,3,3,4,cgp,miniant,103
1499,16,66.53333333333332,3,5,6,cgp,miniant,103
1099,13,70.76666666666667,2,4,5,cgp,miniant,103
999,9,77.56666666666666,0,4,5,cgp,miniant,103
599,10,73.43333333333334,1,4,5,cgp,miniant,103
1299,9,77.56666666666666,0,4,5,cgp,miniant,103
499,10,73.43333333333334,1,4,5,cgp,miniant,103
1399,9,77.56666666666666,0,4,5,cgp,miniant,103
799,9,77.56666666666666,0,4,4,cgp,miniant,103
99,8,72.73333333333333,1,3,4,cgp,miniant,103
199,10,71.3,1,4,6,cgp,miniant,103
1199,9,77.56666666666666,0,4,5,cgp,miniant,103
1099,11,74.63333333333333,0,5,5,cgp,miniant,103
399,9,74.26666666666667,0,4,4,cgp,miniant,103
1499,9,77.56666666666666,0,4,5,cgp,miniant,103
699,10,73.43333333333334,1,4,5,cgp,miniant,103
899,9,77.56666666666666,0,4,5,cgp,miniant,103
299,8,72.73333333333333,1,3,3,cgp,miniant,103
899,9,75.36666666666666,0,3,5,cgp,miniant,103
499,9,75.36666666666666,0,3,5,cgp,miniant,103
1399,9,75.36666666666666,0,3,5,cgp,miniant,103
199,9,75.36666666666666,0,3,5,cgp,miniant,103
999,9,75.36666666666666,0,3,5,cgp,miniant,103
799,9,75.36666666666666,0,3,5,cgp,miniant,103
1499,11,73.93333333333334,0,4,6,cgp,miniant,103
299,9,75.36666666666666,0,3,5,cgp,miniant,103
399,9,75.36666666666666,0,3,5,cgp,miniant,103
99,9,78.0,0,3,6,cgp,miniant,103
699,9,75.36666666666666,0,3,5,cgp,miniant,103
599,9,75.36666666666666,0,3,5,cgp,miniant,103
1299,9,75.36666666666666,0,3,5,cgp,miniant,103
1099,9,75.36666666666666,0,3,5,cgp,miniant,103
1199,9,75.36666666666666,0,3,5,cgp,miniant,103
799,11,76.8,0,5,3,cgp,miniant,103
699,11,76.5,0,5,3,cgp,miniant,103
1499,13,77.03333333333332,0,6,7,cgp,miniant,103
199,8,72.8,1,3,3,cgp,miniant,103
99,8,72.8,1,3,3,cgp,miniant,103
399,13,74.76666666666667,0,6,6,cgp,miniant,103
1399,13,77.03333333333332,0,6,7,cgp,miniant,103
1199,11,76.8,0,5,3,cgp,miniant,103
1099,11,76.8,0,5,3,cgp,miniant,103
599,10,72.13333333333333,1,4,3,cgp,miniant,103
999,11,76.8,0,5,3,cgp,miniant,103
899,11,76.8,0,5,3,cgp,miniant,103
499,11,70.7,1,5,3,cgp,miniant,103
299,8,72.8,1,3,3,cgp,miniant,103
1299,11,76.8,0,5,3,cgp,miniant,103
399,9,74.93333333333332,0,4,4,cgp,miniant,103
899,9,72.43333333333332,2,3,4,cgp,miniant,103
299,9,74.93333333333332,0,4,4,cgp,miniant,103
99,13,73.59999999999998,0,6,6,cgp,miniant,103
1199,9,72.43333333333332,2,2,5,cgp,miniant,103
599,8,75.36666666666666,1,3,4,cgp,miniant,103
499,9,75.06666666666666,0,4,4,cgp,miniant,103
1299,9,72.43333333333332,2,2,5,cgp,miniant,103
699,15,68.89999999999999,2,6,7,cgp,miniant,103
1099,9,72.43333333333332,2,2,5,cgp,miniant,103
999,9,72.43333333333332,2,2,5,cgp,miniant,103
199,9,74.93333333333332,0,4,4,cgp,miniant,103
799,10,69.49999999999999,3,2,5,cgp,miniant,103
1399,9,72.43333333333332,2,2,5,cgp,miniant,103
1499,9,72.43333333333332,2,2,5,cgp,miniant,103
999,10,75.06666666666666,1,3,5,cgp,miniant,103
199,9,69.86666666666666,2,2,5,cgp,miniant,103
799,9,72.49999999999999,2,2,5,cgp,miniant,103
1499,13,68.83333333333333,2,4,7,cgp,miniant,103
99,8,72.66666666666667,1,2,5,cgp,miniant,103
299,8,69.73333333333333,1,3,4,cgp,miniant,103
1299,13,68.83333333333333,2,4,7,cgp,miniant,103
399,8,69.73333333333333,1,3,4,cgp,miniant,103
599,9,72.43333333333332,2,3,4,cgp,miniant,103
899,10,74.99999999999999,1,3,5,cgp,miniant,103
499,11,74.63333333333333,1,4,6,cgp,miniant,103
1099,9,72.36666666666666,2,2,6,cgp,miniant,103
699,9,72.49999999999999,2,2,4,cgp,miniant,103
1199,11,72.36666666666666,0,5,7,cgp,miniant,103
1399,13,69.2,2,5,7,cgp,miniant,103
1499,12,63.16666666666666,3,4,4,cgp,miniant,103
799,11,72.06666666666665,0,5,5,cgp,miniant,103
399,11,71.06666666666666,2,4,4,cgp,miniant,103
1199,11,66.69999999999999,2,4,4,cgp,miniant,103
1399,12,71.59999999999998,1,5,4,cgp,miniant,103
299,11,70.93333333333332,2,4,5,cgp,miniant,103
499,11,72.06666666666665,0,5,5,cgp,miniant,103
1099,11,72.36666666666666,0,5,4,cgp,miniant,103
599,11,72.06666666666665,0,5,5,cgp,miniant,103
1299,10,69.26666666666665,1,4,4,cgp,miniant,103
899,10,72.36666666666666,1,4,5,cgp,miniant,103
999,10,72.49999999999999,1,4,5,cgp,miniant,103
99,9,72.56666666666665,2,3,3,cgp,miniant,103
699,10,69.49999999999999,1,4,4,cgp,miniant,103
199,12,69.56666666666666,1,5,5,cgp,miniant,103
899,10,72.19999999999999,1,4,5,cgp,miniant,103
799,10,72.19999999999999,1,4,5,cgp,miniant,103
99,15,77.1,0,7,4,cgp,miniant,103
1499,10,72.19999999999999,1,4,5,cgp,miniant,103
299,12,73.39999999999999,2,4,4,cgp,miniant,103
1199,10,72.19999999999999,1,4,5,cgp,miniant,103
1299,10,72.19999999999999,1,4,5,cgp,miniant,103
1099,10,72.19999999999999,1,4,5,cgp,miniant,103
999,15,66.46666666666665,2,6,5,cgp,miniant,103
1399,10,72.19999999999999,1,4,5,cgp,miniant,103
699,10,72.19999999999999,1,4,5,cgp,miniant,103
599,10,72.19999999999999,1,4,5,cgp,miniant,103
199,12,70.46666666666665,2,5,4,cgp,miniant,103
399,10,77.63333333333333,0,4,4,cgp,miniant,103
499,13,71.76666666666665,1,6,4,cgp,miniant,103
499,10,74.99999999999999,1,3,6,cgp,miniant,103
599,10,74.99999999999999,1,3,6,cgp,miniant,103
1299,10,75.06666666666666,1,3,5,cgp,miniant,103
1399,10,75.06666666666666,1,3,5,cgp,miniant,103
199,9,75.3,0,3,6,cgp,miniant,103
799,10,74.99999999999999,1,3,6,cgp,miniant,103
899,10,74.99999999999999,1,3,6,cgp,miniant,103
299,10,75.06666666666666,1,3,6,cgp,miniant,103
1199,10,74.99999999999999,1,3,6,cgp,miniant,103
1099,10,74.99999999999999,1,3,6,cgp,miniant,103
999,10,74.99999999999999,1,3,6,cgp,miniant,103
1499,10,75.06666666666666,1,3,5,cgp,miniant,103
99,9,71.06666666666666,2,3,3,cgp,miniant,103
399,10,74.99999999999999,1,3,6,cgp,miniant,103
699,10,74.99999999999999,1,3,6,cgp,miniant,103
1199,10,75.78333333333332,2,1,7,cgp,miniant,103
599,10,75.78333333333332,2,1,7,cgp,miniant,103
1899,10,75.78333333333332,2,1,7,cgp,miniant,103
899,10,75.78333333333332,2,1,7,cgp,miniant,103
1799,10,75.78333333333332,2,1,7,cgp,miniant,103
1699,10,75.78333333333332,2,1,7,cgp,miniant,103
999,10,75.78333333333332,2,1,7,cgp,miniant,103
199,16,74.6,0,5,9,cgp,miniant,103
1499,10,75.78333333333332,2,1,7,cgp,miniant,103
1399,10,75.78333333333332,2,1,7,cgp,miniant,103
799,10,75.78333333333332,2,1,7,cgp,miniant,103
99,20,73.69999999999999,0,7,9,cgp,miniant,103
1599,10,75.78333333333332,2,1,7,cgp,miniant,103
1099,10,75.78333333333332,2,1,7,cgp,miniant,103
2499,10,75.78333333333332,2,1,7,cgp,miniant,103
1999,10,75.78333333333332,2,1,7,cgp,miniant,103
399,10,75.78333333333332,2,1,7,cgp,miniant,103
1299,10,75.78333333333332,2,1,7,cgp,miniant,103
2099,10,75.78333333333332,2,1,7,cgp,miniant,103
2199,10,75.78333333333332,2,1,7,cgp,miniant,103
2299,10,75.78333333333332,2,1,7,cgp,miniant,103
299,15,72.66666666666664,3,3,9,cgp,miniant,103
2399,10,75.78333333333332,2,1,7,cgp,miniant,103
699,10,75.78333333333332,2,1,7,cgp,miniant,103
499,10,75.78333333333332,2,1,7,cgp,miniant,103
699,21,71.46666666666665,5,5,8,cgp,miniant,103
2299,21,70.0,5,5,8,cgp,miniant,103
1599,21,69.96666666666665,5,5,8,cgp,miniant,103
899,21,69.96666666666665,5,5,8,cgp,miniant,103
2199,21,70.0,5,5,8,cgp,miniant,103
1699,21,70.03333333333332,5,5,8,cgp,miniant,103
2399,21,70.0,5,5,8,cgp,miniant,103
1899,21,70.03333333333332,5,5,8,cgp,miniant,103
299,22,70.03333333333332,6,5,9,cgp,miniant,103
2099,21,70.03333333333332,5,5,8,cgp,miniant,103
999,21,69.96666666666665,5,5,8,cgp,miniant,103
199,18,69.61666666666666,6,3,7,cgp,miniant,103
799,21,71.46666666666665,5,5,8,cgp,miniant,103
1799,21,70.03333333333332,5,5,8,cgp,miniant,103
1299,21,70.03333333333332,5,5,8,cgp,miniant,103
1399,21,70.03333333333332,5,5,8,cgp,miniant,103
499,21,71.43333333333332,5,5,9,cgp,miniant,103
2499,21,70.0,5,5,8,cgp,miniant,103
1999,21,70.03333333333332,5,5,8,cgp,miniant,103
99,19,70.26666666666665,5,4,9,cgp,miniant,103
1199,21,69.96666666666665,5,5,8,cgp,miniant,103
399,21,71.46666666666665,5,5,10,cgp,miniant,103
599,21,71.43333333333332,5,5,10,cgp,miniant,103
1499,21,70.03333333333332,5,5,8,cgp,miniant,103
1099,21,69.96666666666665,5,5,8,cgp,miniant,103
2299,15,72.19999999999999,3,3,7,cgp,miniant,103
999,19,70.21666666666665,3,5,8,cgp,miniant,103
599,14,72.73333333333332,4,2,7,cgp,miniant,103
1299,13,72.21666666666665,3,2,7,cgp,miniant,103
499,11,74.34999999999998,3,1,6,cgp,miniant,103
1999,17,70.01666666666665,3,4,8,cgp,miniant,103
1399,13,72.21666666666665,3,2,7,cgp,miniant,103
799,18,67.8,4,4,9,cgp,miniant,103
99,12,70.05,4,1,5,cgp,miniant,103
199,14,69.86666666666666,6,1,5,cgp,miniant,103
2499,14,73.63333333333333,2,3,7,cgp,miniant,103
1599,19,68.58333333333331,5,4,8,cgp,miniant,103
2199,17,72.05,3,4,7,cgp,miniant,103
2399,15,72.16666666666664,3,3,8,cgp,miniant,103
1199,18,69.23333333333332,4,4,7,cgp,miniant,103
2099,17,70.69999999999999,3,4,8,cgp,miniant,103
1099,17,69.23333333333332,5,3,8,cgp,miniant,103
1699,20,69.08333333333331,4,5,8,cgp,miniant,103
1899,16,69.9833333333333,4,3,7,cgp,miniant,103
399,14,69.98333333333333,6,1,5,cgp,miniant,103
1499,13,72.21666666666665,3,2,7,cgp,miniant,103
699,20,68.93333333333332,6,4,6,cgp,miniant,103
1799,19,68.55,5,4,8,cgp,miniant,103
899,18,69.58333333333333,4,4,6,cgp,miniant,103
299,12,70.05,4,1,5,cgp,miniant,103
899,12,72.88333333333333,4,1,6,cgp,miniant,103
499,12,72.85,4,1,6,cgp,miniant,103
2499,15,71.91666666666666,4,3,8,cgp,miniant,103
1699,17,70.9,4,4,7,cgp,miniant,103
1399,21,67.18333333333332,5,5,7,cgp,miniant,103
199,22,70.1,6,5,8,cgp,miniant,103
1599,19,68.03333333333333,4,5,7,cgp,miniant,103
999,12,72.88333333333333,4,1,6,cgp,miniant,103
799,12,72.88333333333333,4,1,5,cgp,miniant,103
2199,16,71.8,3,4,7,cgp,miniant,103
1499,20,68.64999999999999,4,5,7,cgp,miniant,103
2399,18,69.64999999999999,5,4,7,cgp,miniant,103
299,16,64.21666666666665,8,1,4,cgp,miniant,103
399,12,72.85,4,1,6,cgp,miniant,103
99,15,71.39999999999998,5,2,5,cgp,miniant,103
1899,17,70.9,4,4,7,cgp,miniant,103
699,12,72.88333333333333,4,1,5,cgp,miniant,103
599,19,68.24999999999999,7,3,6,cgp,miniant,103
1299,18,61.76666666666666,7,3,4,cgp,miniant,103
1099,15,71.23333333333332,5,2,6,cgp,miniant,103
2099,16,71.8,3,4,7,cgp,miniant,103
2299,17,71.08333333333333,4,4,7,cgp,miniant,103
1199,16,69.86666666666666,6,2,6,cgp,miniant,103
1999,16,71.8,3,4,7,cgp,miniant,103
1799,17,70.9,4,4,7,cgp,miniant,103
1599,19,71.71666666666665,3,5,8,cgp,miniant,103
799,24,69.26666666666667,4,7,8,cgp,miniant,103
1699,19,71.74999999999999,3,5,7,cgp,miniant,103
699,23,72.2,3,7,8,cgp,miniant,103
2499,20,70.33333333333333,2,6,10,cgp,miniant,103
1499,19,71.71666666666665,3,5,8,cgp,miniant,103
199,16,74.76666666666667,2,4,9,cgp,miniant,103
99,12,71.48333333333333,4,1,6,cgp,miniant,103
2199,20,71.18333333333332,4,5,9,cgp,miniant,103
399,16,74.8,2,4,9,cgp,miniant,103
1399,19,71.71666666666665,3,5,8,cgp,miniant,103
1199,19,71.71666666666665,3,5,8,cgp,miniant,103
1899,19,71.74999999999999,3,5,7,cgp,miniant,103
1099,19,71.71666666666665,3,5,8,cgp,miniant,103
1999,17,72.64999999999999,3,4,7,cgp,miniant,103
2099,20,69.03333333333332,4,5,9,cgp,miniant,103
599,18,73.96666666666665,2,5,9,cgp,miniant,103
1799,19,71.74999999999999,3,5,7,cgp,miniant,103
999,20,73.03333333333333,2,6,9,cgp,miniant,103
2399,21,71.08333333333333,3,6,11,cgp,miniant,103
2299,21,70.99999999999999,3,6,10,cgp,miniant,103
899,20,73.03333333333333,2,6,9,cgp,miniant,103
499,15,76.8,1,4,9,cgp,miniant,103
299,16,74.64999999999999,2,4,8,cgp,miniant,103
1299,19,71.71666666666665,3,5,8,cgp,miniant,103
399,16,72.51666666666665,4,3,8,cgp,miniant,103
1999,14,72.63333333333333,2,3,6,cgp,miniant,103
899,16,72.61666666666666,4,3,8,cgp,miniant,103
299,18,71.14999999999999,4,4,9,cgp,miniant,103
1899,21,69.55,3,6,8,cgp,miniant,103
99,18,69.08333333333331,6,3,8,cgp,miniant,103
1199,16,72.61666666666666,4,3,8,cgp,miniant,103
599,16,72.64999999999999,4,3,9,cgp,miniant,103
1699,16,72.61666666666666,4,3,8,cgp,miniant,103
499,16,72.55,4,3,9,cgp,miniant,103
2499,20,62.49999999999998,6,4,6,cgp,miniant,103
1299,16,72.61666666666666,4,3,8,cgp,miniant,103
2299,23,60.34999999999999,7,5,6,cgp,miniant,103
2199,19,62.53333333333333,7,3,5,cgp,miniant,103
699,20,71.71666666666665,4,5,10,cgp,miniant,103
1099,16,72.61666666666666,4,3,8,cgp,miniant,103
1599,16,72.61666666666666,4,3,8,cgp,miniant,103
999,16,72.61666666666666,4,3,8,cgp,miniant,103
2099,18,66.08333333333331,6,3,5,cgp,miniant,103
199,23,64.53333333333333,7,5,8,cgp,miniant,103
799,16,72.61666666666666,4,3,8,cgp,miniant,103
2399,20,62.41666666666665,7,4,5,cgp,miniant,103
1799,16,71.23333333333333,4,3,8,cgp,miniant,103
1399,16,72.61666666666666,4,3,8,cgp,miniant,103
1499,16,72.61666666666666,4,3,8,cgp,miniant,103
999,15,72.78333333333332,3,3,8,cgp,miniant,103
1599,16,71.38333333333333,2,4,8,cgp,miniant,103
199,26,61.6,8,6,9,cgp,miniant,103
799,10,74.36666666666666,2,1,6,cgp,miniant,103
1899,13,72.1,3,2,6,cgp,miniant,103
2199,21,67.33333333333333,5,5,8,cgp,miniant,103
2299,19,68.98333333333332,5,4,9,cgp,miniant,103
1499,18,65.55,4,4,8,cgp,miniant,103
99,24,68.78333333333333,6,6,8,cgp,miniant,103
299,14,72.78333333333332,2,3,8,cgp,miniant,103
1699,13,72.16666666666666,3,2,6,cgp,miniant,103
1299,21,67.48333333333332,3,6,7,cgp,miniant,103
399,14,72.74999999999999,2,3,7,cgp,miniant,103
2099,18,68.36666666666666,4,4,7,cgp,miniant,103
599,10,74.43333333333332,2,1,7,cgp,miniant,103
899,10,74.43333333333332,2,1,7,cgp,miniant,103
1799,14,72.13333333333333,4,2,7,cgp,miniant,103
1999,13,71.73333333333333,2,3,6,cgp,miniant,103
499,14,72.78333333333332,2,3,8,cgp,miniant,103
2499,15,69.88333333333333,5,2,7,cgp,miniant,103
1099,18,71.85,2,5,9,cgp,miniant,103
699,10,74.36666666666666,2,1,6,cgp,miniant,103
1199,16,72.06666666666665,2,4,9,cgp,miniant,103
2399,24,67.14999999999999,6,6,11,cgp,miniant,103
1399,15,67.73333333333332,3,3,7,cgp,miniant,103
1799,14,69.28333333333332,4,2,5,cgp,miniant,103
2499,14,69.28333333333332,4,2,5,cgp,miniant,103
1499,14,69.28333333333332,4,2,5,cgp,miniant,103
2399,14,69.28333333333332,4,2,5,cgp,miniant,103
1999,14,71.8,4,2,5,cgp,miniant,103
2199,14,69.28333333333332,4,2,5,cgp,miniant,103
799,14,69.28333333333332,4,2,5,cgp,miniant,103
399,18,69.43333333333332,6,3,7,cgp,miniant,103
1199,18,69.99999999999999,4,4,7,cgp,miniant,103
1399,14,69.28333333333332,4,2,5,cgp,miniant,103
299,17,69.53333333333332,5,3,5,cgp,miniant,103
499,17,69.49999999999999,5,3,6,cgp,miniant,103
1099,15,70.3,5,2,6,cgp,miniant,103
599,17,68.44999999999999,5,3,6,cgp,miniant,103
1299,14,69.28333333333332,4,2,5,cgp,miniant,103
1599,14,69.28333333333332,4,2,5,cgp,miniant,103
899,15,70.3,5,2,6,cgp,miniant,103
999,15,70.3,5,2,6,cgp,miniant,103
1699,14,69.28333333333332,4,2,6,cgp,miniant,103
1899,14,69.28333333333332,4,2,5,cgp,miniant,103
99,18,69.31666666666666,3,5,7,cgp,miniant,103
699,17,68.44999999999999,5,3,6,cgp,miniant,103
199,25,64.34999999999998,7,6,7,cgp,miniant,103
2299,14,69.28333333333332,4,2,5,cgp,miniant,103
2099,14,69.28333333333332,4,2,5,cgp,miniant,103
899,25,65.19999999999999,7,6,7,cgp,miniant,103
1899,22,67.86666666666666,6,5,9,cgp,miniant,103
1599,24,64.69999999999999,8,5,9,cgp,miniant,103
2299,23,64.96666666666665,7,5,9,cgp,miniant,103
2499,23,67.68333333333332,5,6,9,cgp,miniant,103
799,25,65.19999999999999,7,6,7,cgp,miniant,103
99,23,65.64999999999999,7,5,6,cgp,miniant,103
1499,23,66.13333333333333,7,5,7,cgp,miniant,103
299,22,68.63333333333333,6,5,8,cgp,miniant,103
1199,25,65.19999999999999,7,6,7,cgp,miniant,103
2199,24,66.25,6,6,9,cgp,miniant,103
1799,22,67.86666666666666,6,5,9,cgp,miniant,103
1299,23,66.13333333333333,7,5,8,cgp,miniant,103
1699,21,67.86666666666666,5,5,9,cgp,miniant,103
1099,25,65.19999999999999,7,6,7,cgp,miniant,103
999,25,65.19999999999999,7,6,7,cgp,miniant,103
2399,24,66.28333333333332,6,6,10,cgp,miniant,103
2099,25,67.53333333333332,5,7,10,cgp,miniant,103
1399,23,66.13333333333333,7,5,8,cgp,miniant,103
699,25,65.19999999999999,7,6,7,cgp,miniant,103
599,23,66.06666666666666,7,5,6,cgp,miniant,103
199,22,67.23333333333332,6,5,7,cgp,miniant,103
399,24,67.34999999999998,6,6,6,cgp,miniant,103
1999,22,67.86666666666666,6,5,9,cgp,miniant,103
499,23,66.06666666666666,7,5,6,cgp,miniant,103
2199,25,70.16666666666666,3,8,7,cgp,miniant,103
499,18,71.99999999999999,2,5,6,cgp,miniant,103
599,20,71.85,2,6,7,cgp,miniant,103
2099,25,69.59999999999998,3,8,7,cgp,miniant,103
1299,21,70.59999999999998,3,6,8,cgp,miniant,103
2499,25,70.31666666666665,3,8,8,cgp,miniant,103
1599,21,70.59999999999998,3,6,8,cgp,miniant,103
1399,21,70.59999999999998,3,6,8,cgp,miniant,103
199,20,70.38333333333331,2,6,7,cgp,miniant,103
799,22,71.66666666666666,2,7,7,cgp,miniant,103
899,21,70.59999999999998,3,6,8,cgp,miniant,103
299,23,67.7,4,7,6,cgp,miniant,103
1999,25,69.48333333333332,3,8,7,cgp,miniant,103
1899,23,68.94999999999999,3,7,8,cgp,miniant,103
1799,21,68.98333333333332,3,6,7,cgp,miniant,103
2299,24,68.31666666666665,4,7,7,cgp,miniant,103
1699,21,70.59999999999998,3,6,8,cgp,miniant,103
1199,21,70.59999999999998,3,6,8,cgp,miniant,103
1099,21,70.59999999999998,3,6,8,cgp,miniant,103
2399,24,68.31666666666665,4,7,7,cgp,miniant,103
999,21,70.59999999999998,3,6,8,cgp,miniant,103
1499,21,70.59999999999998,3,6,8,cgp,miniant,103
99,20,70.38333333333331,2,6,7,cgp,miniant,103
399,16,72.18333333333332,2,4,7,cgp,miniant,103
699,20,71.85,2,6,7,cgp,miniant,103
1199,14,69.64999999999999,5,3,6,cgp,miniant,103
599,12,71.14999999999999,4,3,5,cgp,miniant,103
899,14,71.36666666666667,4,3,4,cgp,miniant,103
999,14,69.64999999999999,5,3,6,cgp,miniant,103
199,19,71.06666666666666,3,6,7,cgp,miniant,103
1499,15,69.55,4,4,6,cgp,miniant,103
1399,16,69.76666666666667,4,4,6,cgp,miniant,103
799,12,71.38333333333333,3,3,5,cgp,miniant,103
99,11,74.31666666666666,1,3,7,cgp,miniant,103
1099,14,68.51666666666667,5,3,6,cgp,miniant,103
399,10,74.14999999999998,3,3,2,cgp,miniant,103
1299,12,70.76666666666667,5,2,4,cgp,miniant,103
299,10,71.58333333333331,4,2,2,cgp,miniant,103
699,10,71.45,4,2,4,cgp,miniant,103
499,16,75.14999999999999,1,6,5,cgp,miniant,103
699,11,71.66666666666664,4,2,4,cgp,miniant,103
899,12,72.66666666666664,2,4,5,cgp,miniant,103
299,12,72.88333333333333,3,2,4,cgp,miniant,103
999,15,72.58333333333331,2,5,5,cgp,miniant,103
199,13,71.41666666666667,4,3,4,cgp,miniant,103
799,12,71.28333333333332,3,3,4,cgp,miniant,103
1299,11,71.55,4,2,4,cgp,miniant,103
1399,12,72.83333333333331,3,3,4,cgp,miniant,103
499,14,72.73333333333333,3,4,5,cgp,miniant,103
99,12,71.56666666666666,3,3,5,cgp,miniant,103
1199,11,71.55,4,2,4,cgp,miniant,103
399,12,72.88333333333333,3,3,4,cgp,miniant,103
599,11,71.59999999999998,4,2,4,cgp,miniant,103
1499,11,71.55,4,2,4,cgp,miniant,103
1099,13,70.69999999999999,2,4,5,cgp,miniant,103
999,12,72.88333333333333,3,3,3,cgp,miniant,103
599,16,65.94999999999999,3,5,5,cgp,miniant,103
1299,12,72.19999999999999,3,3,4,cgp,miniant,103
499,15,66.63333333333333,2,5,5,cgp,miniant,103
1399,15,69.98333333333333,5,3,5,cgp,miniant,103
799,12,72.88333333333333,3,2,5,cgp,miniant,103
99,18,66.44999999999999,2,6,5,cgp,miniant,103
199,17,66.41666666666667,2,6,7,cgp,miniant,103
1199,12,72.19999999999999,3,3,4,cgp,miniant,103
1099,12,72.19999999999999,3,3,4,cgp,miniant,103
399,18,66.48333333333333,2,6,6,cgp,miniant,103
1499,16,69.26666666666667,6,3,6,cgp,miniant,103
699,13,72.83333333333333,4,3,3,cgp,miniant,103
899,12,72.88333333333333,3,2,5,cgp,miniant,103
299,15,66.63333333333333,2,5,5,cgp,miniant,103
899,15,71.38333333333333,3,4,8,cgp,miniant,103
499,16,71.3,3,5,6,cgp,miniant,103
1399,15,71.3,4,3,7,cgp,miniant,103
199,9,71.69999999999999,5,0,4,cgp,miniant,103
999,12,72.88333333333333,3,2,7,cgp,miniant,103
799,12,72.88333333333333,3,3,6,cgp,miniant,103
1499,15,70.73333333333333,4,3,7,cgp,miniant,103
299,14,71.3,4,4,6,cgp,miniant,103
399,14,70.01666666666665,5,3,6,cgp,miniant,103
99,12,72.98333333333333,3,3,4,cgp,miniant,103
699,13,71.41666666666664,4,2,8,cgp,miniant,103
599,13,71.38333333333333,4,2,8,cgp,miniant,103
1299,18,70.58333333333333,4,5,7,cgp,miniant,103
1099,12,72.88333333333333,3,3,6,cgp,miniant,103
1199,16,71.14999999999999,3,5,6,cgp,miniant,103
799,18,73.66666666666664,3,6,6,cgp,miniant,103
699,15,73.89999999999999,3,5,5,cgp,miniant,103
1499,17,69.56666666666666,4,5,5,cgp,miniant,103
199,14,67.98333333333333,6,2,4,cgp,miniant,103
99,12,70.16666666666664,6,1,4,cgp,miniant,103
399,12,68.76666666666665,6,1,4,cgp,miniant,103
1399,17,70.99999999999999,4,5,5,cgp,miniant,103
1199,17,71.03333333333332,4,5,6,cgp,miniant,103
1099,19,70.88333333333331,4,6,6,cgp,miniant,103
599,13,68.55,5,2,3,cgp,miniant,103
999,17,71.03333333333332,4,5,6,cgp,miniant,103
899,18,73.66666666666664,3,6,7,cgp,miniant,103
499,12,68.76666666666665,6,1,4,cgp,miniant,103
299,14,68.64999999999999,6,2,4,cgp,miniant,103
1299,22,69.16666666666664,4,7,6,cgp,miniant,103
399,12,71.31666666666666,3,3,6,cgp,miniant,103
899,12,71.28333333333332,3,3,5,cgp,miniant,103
299,12,70.91666666666666,2,4,4,cgp,miniant,103
99,10,73.56666666666666,2,3,4,cgp,miniant,103
1199,12,71.28333333333332,3,3,5,cgp,miniant,103
599,12,71.31666666666666,3,3,6,cgp,miniant,103
499,12,72.63333333333333,2,4,6,cgp,miniant,103
1299,12,71.31666666666666,3,3,5,cgp,miniant,103
699,14,69.81666666666665,4,3,6,cgp,miniant,103
1099,12,71.31666666666666,3,3,5,cgp,miniant,103
999,12,71.28333333333332,3,3,5,cgp,miniant,103
199,20,70.23333333333333,1,8,4,cgp,miniant,103
799,13,72.63333333333333,2,4,5,cgp,miniant,103
1399,12,71.28333333333332,3,3,5,cgp,miniant,103
1499,13,72.6,2,4,5,cgp,miniant,103
999,18,66.28333333333332,4,5,5,cgp,miniant,103
199,16,71.11666666666666,3,5,6,cgp,miniant,103
799,16,67.74999999999999,3,5,5,cgp,miniant,103
1499,14,69.24999999999999,3,4,5,cgp,miniant,103
99,16,71.11666666666666,3,5,6,cgp,miniant,103
299,16,71.05,3,5,6,cgp,miniant,103
1299,15,70.56666666666666,2,5,4,cgp,miniant,103
399,16,71.05,3,5,6,cgp,miniant,103
599,16,71.05,3,5,6,cgp,miniant,103
899,16,67.74999999999999,3,5,5,cgp,miniant,103
499,16,71.05,3,5,6,cgp,miniant,103
1099,15,67.81666666666666,4,4,3,cgp,miniant,103
699,19,69.61666666666666,3,6,7,cgp,miniant,103
1199,14,69.24999999999999,3,4,3,cgp,miniant,103
1399,14,70.56666666666666,2,5,4,cgp,miniant,103
1499,16,73.76666666666667,1,6,6,cgp,miniant,103
799,14,73.95,1,5,5,cgp,miniant,103
399,13,71.19999999999999,2,4,2,cgp,miniant,103
1199,16,73.76666666666667,1,6,7,cgp,miniant,103
1399,16,73.76666666666667,1,6,6,cgp,miniant,103
299,15,69.58333333333333,4,4,3,cgp,miniant,103
499,13,72.69999999999999,4,3,5,cgp,miniant,103
1099,18,70.86666666666666,2,6,7,cgp,miniant,103
599,13,73.95,2,4,5,cgp,miniant,103
1299,16,73.76666666666667,1,6,6,cgp,miniant,103
899,19,71.76666666666667,2,7,7,cgp,miniant,103
999,18,70.95,1,7,7,cgp,miniant,103
99,9,74.31666666666665,3,2,3,cgp,miniant,103
699,17,70.95,1,6,5,cgp,miniant,103
199,12,72.81666666666668,3,3,4,cgp,miniant,103
899,12,69.98333333333333,5,2,4,cgp,miniant,103
799,11,71.35000000000001,4,2,5,cgp,miniant,103
99,15,72.48333333333332,2,5,6,cgp,miniant,103
1499,17,70.3,4,5,7,cgp,miniant,103
299,13,71.26666666666667,4,3,5,cgp,miniant,103
1199,11,71.31666666666666,3,3,4,cgp,miniant,103
1299,15,72.59999999999998,3,4,7,cgp,miniant,103
1099,14,68.23333333333333,4,3,4,cgp,miniant,103
999,13,70.55,4,3,5,cgp,miniant,103
1399,16,69.69999999999999,4,4,6,cgp,miniant,103
699,12,71.41666666666666,3,3,5,cgp,miniant,103
599,11,71.41666666666667,4,2,5,cgp,miniant,103
199,16,72.28333333333333,1,6,4,cgp,miniant,103
399,11,71.44999999999997,4,2,4,cgp,miniant,103
499,14,73.73333333333333,3,4,5,cgp,miniant,103
499,11,71.66666666666667,4,1,4,cgp,miniant,103
599,11,70.16666666666667,4,2,4,cgp,miniant,103
1299,13,71.13333333333333,4,3,4,cgp,miniant,103
1399,11,68.19999999999999,4,2,3,cgp,miniant,103
199,11,71.60000000000001,4,1,4,cgp,miniant,103
799,11,71.31666666666665,3,3,4,cgp,miniant,103
899,14,71.29999999999998,3,4,5,cgp,miniant,103
299,13,71.44999999999999,4,2,5,cgp,miniant,103
1199,14,71.23333333333332,3,4,6,cgp,miniant,103
1099,13,74.99999999999999,2,4,5,cgp,miniant,103
999,12,69.66666666666666,3,3,4,cgp,miniant,103
1499,13,71.16666666666666,4,3,3,cgp,miniant,103
99,14,71.48333333333333,4,3,6,cgp,miniant,103
399,13,70.16666666666667,4,3,4,cgp,miniant,103
699,13,71.44999999999999,4,2,4,cgp,miniant,103
1199,19,68.24999999999999,5,3,6,cgp,miniant,103
599,21,70.225,3,5,9,cgp,miniant,103
1899,18,68.52499999999999,6,2,7,cgp,miniant,103
899,18,70.44999999999999,4,3,6,cgp,miniant,103
1799,18,68.52499999999999,6,2,7,cgp,miniant,103
1699,18,68.52499999999999,6,2,7,cgp,miniant,103
999,19,68.24999999999999,5,3,6,cgp,miniant,103
199,12,74.39999999999999,2,1,5,cgp,miniant,103
1499,19,68.24999999999999,5,3,6,cgp,miniant,103
1399,19,68.29999999999998,5,3,6,cgp,miniant,103
799,18,70.44999999999999,4,3,6,cgp,miniant,103
99,14,73.77499999999999,1,3,6,cgp,miniant,103
1599,18,68.52499999999999,6,2,7,cgp,miniant,103
1099,19,68.24999999999999,5,3,6,cgp,miniant,103
2499,20,68.38749999999999,6,3,7,cgp,miniant,103
1999,18,68.52499999999999,6,2,7,cgp,miniant,103
399,19,74.88749999999999,3,4,9,cgp,miniant,103
1299,19,68.29999999999998,5,3,6,cgp,miniant,103
2099,20,68.38749999999999,6,3,7,cgp,miniant,103
2199,20,68.36249999999998,6,3,7,cgp,miniant,103
2299,20,68.38749999999999,6,3,7,cgp,miniant,103
299,17,71.96249999999999,3,3,7,cgp,miniant,103
2399,20,68.38749999999999,6,3,7,cgp,miniant,103
699,18,70.44999999999999,4,3,6,cgp,miniant,103
499,20,70.6625,2,5,8,cgp,miniant,103
699,13,75.35,1,2,3,cgp,miniant,103
2299,19,67.3625,5,3,5,cgp,miniant,103
1599,14,74.25,2,2,3,cgp,miniant,103
899,17,74.08749999999999,1,4,6,cgp,miniant,103
2199,19,67.3625,5,3,5,cgp,miniant,103
1699,14,74.27499999999999,2,2,3,cgp,miniant,103
2399,20,67.33749999999999,6,3,5,cgp,miniant,103
1899,16,73.06249999999999,2,3,5,cgp,miniant,103
299,13,76.31249999999999,1,2,4,cgp,miniant,103
2099,19,68.46249999999999,5,3,5,cgp,miniant,103
999,16,73.7125,2,3,5,cgp,miniant,103
199,13,74.76249999999999,1,2,5,cgp,miniant,103
799,13,75.35,1,2,3,cgp,miniant,103
1799,14,74.27499999999999,2,2,3,cgp,miniant,103
1299,13,75.35,1,2,3,cgp,miniant,103
1399,13,75.35,1,2,3,cgp,miniant,103
499,13,75.21249999999999,1,2,3,cgp,miniant,103
2499,18,68.4375,4,3,5,cgp,miniant,103
1999,17,69.7375,3,3,5,cgp,miniant,103
99,15,73.1,3,2,6,cgp,miniant,103
1199,13,75.35,1,2,3,cgp,miniant,103
399,13,75.21249999999999,1,2,4,cgp,miniant,103
599,13,75.35,1,2,3,cgp,miniant,103
1499,13,75.35,1,2,3,cgp,miniant,103
1099,13,75.35,1,2,3,cgp,miniant,103
2299,20,75.82499999999999,1,6,10,cgp,miniant,103
999,21,74.46249999999999,3,5,10,cgp,miniant,103
599,20,74.81249999999999,3,5,11,cgp,miniant,103
1299,20,74.94999999999999,2,5,9,cgp,miniant,103
499,20,74.81249999999999,3,5,11,cgp,miniant,103
1999,22,74.725,1,7,10,cgp,miniant,103
1399,21,74.43749999999999,3,5,10,cgp,miniant,103
799,23,71.42499999999998,3,6,11,cgp,miniant,103
99,21,65.8125,4,5,8,cgp,miniant,103
199,20,65.33749999999999,5,4,9,cgp,miniant,103
2499,20,75.82499999999999,1,6,10,cgp,miniant,103
1599,21,74.8625,3,5,9,cgp,miniant,103
2199,20,75.82499999999999,1,6,10,cgp,miniant,103
2399,20,75.82499999999999,1,6,10,cgp,miniant,103
1199,20,74.975,2,5,9,cgp,miniant,103
2099,22,76.725,1,7,11,cgp,miniant,103
1099,20,74.94999999999999,2,5,9,cgp,miniant,103
1699,21,74.8625,3,5,9,cgp,miniant,103
1899,18,76.1,1,5,8,cgp,miniant,103
399,20,74.81249999999999,3,5,11,cgp,miniant,103
1499,21,74.8625,3,5,9,cgp,miniant,103
699,25,71.58749999999999,4,7,10,cgp,miniant,103
1799,20,75.96249999999999,2,5,9,cgp,miniant,103
899,28,71.57499999999999,2,9,12,cgp,miniant,103
299,22,74.1625,3,6,12,cgp,miniant,103
899,19,75.66249999999998,2,5,7,cgp,miniant,103
499,16,72.76249999999999,2,3,7,cgp,miniant,103
2499,21,74.27499999999998,3,5,9,cgp,miniant,103
1699,16,75.91249999999998,2,3,9,cgp,miniant,103
1399,17,74.78749999999998,3,3,7,cgp,miniant,103
199,16,77.36249999999998,0,4,8,cgp,miniant,103
1599,17,74.78749999999998,3,3,7,cgp,miniant,103
999,19,74.825,3,4,8,cgp,miniant,103
799,16,75.16249999999998,3,3,7,cgp,miniant,103
2199,21,73.69999999999999,3,5,8,cgp,miniant,103
1499,17,74.78749999999998,3,3,7,cgp,miniant,103
2399,20,74.7875,2,5,9,cgp,miniant,103
299,20,72.75,4,4,10,cgp,miniant,103
399,15,75.26249999999999,1,3,7,cgp,miniant,103
99,18,73.98750000000001,0,5,10,cgp,miniant,103
1899,16,75.6125,2,3,7,cgp,miniant,103
699,17,74.69999999999999,3,3,7,cgp,miniant,103
599,15,75.32499999999999,1,3,7,cgp,miniant,103
1299,17,74.78749999999998,3,3,7,cgp,miniant,103
1099,16,75.9125,2,3,7,cgp,miniant,103
2099,21,73.69999999999999,3,5,8,cgp,miniant,103
2299,25,74.07499999999999,3,7,9,cgp,miniant,103
1199,17,74.78749999999998,3,3,7,cgp,miniant,103
1999,16,75.6125,2,3,7,cgp,miniant,103
1799,16,75.93749999999999,2,3,7,cgp,miniant,103
