evaluation,fitness,uniqueness,time
0,-118.78550720214844,1.0,4.68
100,-118.78550720214844,1.0,4.68
200,-118.78550720214844,1.0,4.68
300,-118.78550720214844,1.0,4.68
400,-118.78550720214844,1.0,4.68
500,-118.78550720214844,1.0,4.68
600,-118.78550720214844,1.0,4.68
700,-118.78550720214844,1.0,4.68
800,-118.78550720214844,1.0,4.68
900,-118.78550720214844,1.0,4.68
1000,-118.78550720214844,1.0,4.68
1100,-118.78550720214844,1.0,4.68
1200,-118.78550720214844,1.0,4.68
1300,-118.78550720214844,1.0,4.68
1400,-118.78550720214844,1.0,4.68
1500,-118.78550720214844,1.0,4.68
1600,-118.78550720214844,1.0,4.68
1700,-118.78550720214844,1.0,4.68
1800,-118.78550720214844,1.0,4.68
1900,-103.92807006835938,1.0,4.68
2000,-103.92807006835938,1.0,4.68
2100,-103.92807006835938,1.0,4.68
2200,-103.92807006835938,1.0,4.68
2300,-103.92807006835938,1.0,4.68
2400,-103.92807006835938,1.0,4.68
2500,-103.92807006835938,1.0,4.68
2600,-103.92807006835938,1.0,4.68
2700,-103.92807006835938,1.0,4.68
2800,-103.92807006835938,1.0,4.68
2900,-103.92807006835938,1.0,4.68
3000,-103.92807006835938,1.0,4.68
3100,-103.92807006835938,1.0,4.68
3200,-103.92807006835938,1.0,4.68
3300,-103.92807006835938,1.0,4.68
3400,-103.92807006835938,1.0,4.68
3500,-103.92807006835938,1.0,4.68
3600,-103.92807006835938,1.0,4.68
3700,-103.92807006835938,1.0,4.68
3800,-103.92807006835938,1.0,4.68
3900,-103.92807006835938,1.0,4.68
4000,-103.92807006835938,1.0,4.68
4100,-103.92807006835938,1.0,4.68
4200,-98.65817260742188,1.0,4.68
4300,-98.65817260742188,1.0,4.68
4400,-98.65817260742188,1.0,4.68
4500,-98.65817260742188,1.0,4.68
4600,-98.65817260742188,1.0,4.68
4700,-67.80330657958984,1.0,4.68
4800,-67.80330657958984,1.0,4.68
4900,-67.80330657958984,1.0,4.68
5000,-67.80330657958984,1.0,4.68
5100,-67.80330657958984,1.0,4.68
5200,-67.80330657958984,1.0,4.68
5300,-67.80330657958984,1.0,4.68
5400,-67.80330657958984,1.0,4.68
5500,-67.80330657958984,1.0,4.68
5600,-67.80330657958984,1.0,4.68
5700,-67.80330657958984,1.0,4.68
5800,-67.80330657958984,1.0,4.68
5900,-67.80330657958984,1.0,4.68
6000,-67.80330657958984,1.0,4.68
6100,-67.80330657958984,1.0,4.68
6200,-67.80330657958984,1.0,4.68
6300,-67.80330657958984,1.0,4.68
6400,-67.80330657958984,1.0,4.68
6500,-67.80330657958984,1.0,4.68
6600,-67.80330657958984,1.0,4.68
6700,-67.80330657958984,1.0,4.68
6800,-67.80330657958984,1.0,4.68
6900,-63.92798614501953,1.0,4.68
7000,-63.92798614501953,1.0,4.68
7100,-63.92798614501953,1.0,4.68
7200,-63.92798614501953,1.0,4.68
7300,-63.92798614501953,1.0,4.68
7400,-63.92798614501953,1.0,4.68
7500,-63.92798614501953,1.0,4.68
7600,-63.92798614501953,1.0,4.68
7700,-63.92798614501953,1.0,4.68
7800,-63.92798614501953,1.0,4.68
7900,-63.92798614501953,1.0,4.68
8000,-63.92798614501953,1.0,4.68
8100,-61.18576431274414,1.0,4.68
8200,-61.18576431274414,1.0,4.68
8300,-61.18576431274414,1.0,4.68
8400,-61.18576431274414,1.0,4.68
8500,-61.18576431274414,1.0,4.68
8600,-61.18576431274414,1.0,4.68
8700,-61.18576431274414,1.0,4.68
8800,-61.18576431274414,1.0,4.68
8900,-61.18576431274414,1.0,4.68
9000,-61.18576431274414,1.0,4.68
9100,-60.99755859375,1.0,4.68
9200,-60.99755859375,1.0,4.68
9300,-60.99755859375,1.0,4.68
9400,-60.99755859375,1.0,4.68
9500,-60.99755859375,1.0,4.68
9600,-60.99755859375,1.0,4.68
9700,-60.99755859375,1.0,4.68
9800,-60.99755859375,1.0,4.68
9900,-60.99755859375,1.0,4.68
10000,-60.99755859375,1.0,4.68
10100,-52.866920471191406,1.0,4.68
10200,-52.866920471191406,1.0,4.68
10300,-52.866920471191406,1.0,4.68
10400,-52.866920471191406,1.0,4.68
10500,-52.866920471191406,1.0,4.68
10600,-52.866920471191406,1.0,4.68
10700,-52.866920471191406,1.0,4.68
10800,-52.866920471191406,1.0,4.68
10900,-46.53630447387695,1.0,4.68
11000,-46.53630447387695,1.0,4.68
11100,-46.53630447387695,1.0,4.68
11200,-46.53630447387695,1.0,4.68
11300,-46.53630447387695,1.0,4.68
11400,-46.53630447387695,1.0,4.68
11500,-46.53630447387695,1.0,4.68
11600,-46.53630447387695,1.0,4.68
11700,-46.53630447387695,1.0,4.68
11800,-46.53630447387695,1.0,4.68
11900,-46.53630447387695,1.0,4.68
12000,-46.53630447387695,1.0,4.68
12100,-46.53630447387695,1.0,4.68
12200,-46.53630447387695,1.0,4.68
12300,-46.53630447387695,1.0,4.68
12400,-46.53630447387695,1.0,4.68
12500,-46.53630447387695,1.0,4.68
12600,-46.53630447387695,1.0,4.68
12700,-46.53630447387695,1.0,4.68
12800,-46.53630447387695,1.0,4.68
12900,-46.53630447387695,1.0,4.68
13000,-46.53630447387695,1.0,4.68
13100,-46.53630447387695,1.0,4.68
13200,-46.53630447387695,1.0,4.68
13300,-46.53630447387695,1.0,4.68
13400,-46.53630447387695,1.0,4.68
13500,-46.53630447387695,1.0,4.68
13600,-46.53630447387695,1.0,4.68
13700,-46.53630447387695,1.0,4.68
13800,-46.53630447387695,1.0,4.68
13900,-46.53630447387695,1.0,4.68
14000,-46.53630447387695,1.0,4.68
14100,-46.53630447387695,1.0,4.68
14200,-46.53630447387695,1.0,4.68
14300,-46.53630447387695,1.0,4.68
14400,-46.53630447387695,1.0,4.68
14500,-46.53630447387695,1.0,4.68
14600,-46.53630447387695,1.0,4.68
14700,-46.53630447387695,1.0,4.68
14800,-46.53630447387695,1.0,4.68
14900,-46.53630447387695,1.0,4.68
15000,-46.53630447387695,1.0,4.68
15100,-46.53630447387695,1.0,4.68
15200,-46.53630447387695,1.0,4.68
15300,-46.53630447387695,1.0,4.68
15400,-46.53630447387695,1.0,4.68
15500,-46.53630447387695,1.0,4.68
15600,-46.53630447387695,1.0,4.68
15700,-46.53630447387695,1.0,4.68
15800,-46.53630447387695,1.0,4.68
15900,-46.53630447387695,1.0,4.68
16000,-46.53630447387695,1.0,4.68
16100,-46.53630447387695,1.0,4.68
16200,-46.53630447387695,1.0,4.68
16300,-46.53630447387695,1.0,4.68
16400,-46.53630447387695,1.0,4.68
16500,-46.53630447387695,1.0,4.68
16600,-46.53630447387695,1.0,4.68
16700,-46.53630447387695,1.0,4.68
16800,-46.53630447387695,1.0,4.68
16900,-46.53630447387695,1.0,4.68
17000,-46.53630447387695,1.0,4.68
17100,-46.53630447387695,1.0,4.68
17200,-46.53630447387695,1.0,4.68
17300,-46.53630447387695,1.0,4.68
17400,-46.53630447387695,1.0,4.68
17500,-46.53630447387695,1.0,4.68
17600,-46.53630447387695,1.0,4.68
17700,-46.53630447387695,1.0,4.68
17800,-46.53630447387695,1.0,4.68
17900,-46.53630447387695,1.0,4.68
18000,-46.53630447387695,1.0,4.68
18100,-46.53630447387695,1.0,4.68
18200,-46.53630447387695,1.0,4.68
18300,-46.53630447387695,1.0,4.68
18400,-46.53630447387695,1.0,4.68
18500,-46.53630447387695,1.0,4.68
18600,-46.53630447387695,1.0,4.68
18700,-46.53630447387695,1.0,4.68
18800,-46.53630447387695,1.0,4.68
18900,-46.53630447387695,1.0,4.68
19000,-46.53630447387695,1.0,4.68
19100,-46.53630447387695,1.0,4.68
19200,-46.53630447387695,1.0,4.68
19300,-46.53630447387695,1.0,4.68
19400,-46.53630447387695,1.0,4.68
19500,-46.53630447387695,1.0,4.68
19600,-46.53630447387695,1.0,4.68
19700,-46.53630447387695,1.0,4.68
19800,-46.53630447387695,1.0,4.68
19900,-46.53630447387695,1.0,4.68
20000,-46.53630447387695,1.0,4.68
20100,-46.53630447387695,1.0,4.68
20200,-46.53630447387695,1.0,4.68
20300,-46.53630447387695,1.0,4.68
20400,-46.53630447387695,1.0,4.68
20500,-46.53630447387695,1.0,4.68
20600,-46.53630447387695,1.0,4.68
20700,-46.53630447387695,1.0,4.68
20800,-46.53630447387695,1.0,4.68
20900,-46.53630447387695,1.0,4.68
21000,-46.53630447387695,1.0,4.68
21100,-46.53630447387695,1.0,4.68
21200,-46.53630447387695,1.0,4.68
21300,-46.53630447387695,1.0,4.68
21400,-46.53630447387695,1.0,4.68
21500,-46.53630447387695,1.0,4.68
21600,-46.53630447387695,1.0,4.68
21700,-46.53630447387695,1.0,4.68
21800,-46.53630447387695,1.0,4.68
21900,-46.53630447387695,1.0,4.68
22000,-46.53630447387695,1.0,4.68
22100,-46.53630447387695,1.0,4.68
22200,-46.53630447387695,1.0,4.68
22300,-46.53630447387695,1.0,4.68
22400,-46.53630447387695,1.0,4.68
22500,-46.53630447387695,1.0,4.68
22600,-46.53630447387695,1.0,4.68
22700,-46.53630447387695,1.0,4.68
22800,-46.53630447387695,1.0,4.68
22900,-46.53630447387695,1.0,4.68
23000,-46.53630447387695,1.0,4.68
23100,-46.53630447387695,1.0,4.68
23200,-46.53630447387695,1.0,4.68
23300,-46.53630447387695,1.0,4.68
23400,-46.53630447387695,1.0,4.68
23500,-46.53630447387695,1.0,4.68
23600,-46.53630447387695,1.0,4.68
23700,-46.53630447387695,1.0,4.68
23800,-46.53630447387695,1.0,4.68
23900,-46.53630447387695,1.0,4.68
24000,-46.53630447387695,1.0,4.68
24100,-46.53630447387695,1.0,4.68
24200,-46.53630447387695,1.0,4.68
24300,-46.53630447387695,1.0,4.68
24400,-46.53630447387695,1.0,4.68
24500,-46.53630447387695,1.0,4.68
24600,-46.53630447387695,1.0,4.68
24700,-46.53630447387695,1.0,4.68
24800,-46.53630447387695,1.0,4.68
24900,-46.53630447387695,1.0,4.68
25000,-46.53630447387695,1.0,4.68
25100,-46.53630447387695,1.0,4.68
25200,-46.53630447387695,1.0,4.68
25300,-46.53630447387695,1.0,4.68
25400,-46.53630447387695,1.0,4.68
25500,-46.53630447387695,1.0,4.68
25600,-46.53630447387695,1.0,4.68
25700,-46.53630447387695,1.0,4.68
25800,-46.53630447387695,1.0,4.68
25900,-46.53630447387695,1.0,4.68
26000,-46.53630447387695,1.0,4.68
26100,-46.53630447387695,1.0,4.68
26200,-46.53630447387695,1.0,4.68
26300,-46.53630447387695,1.0,4.68
26400,-46.53630447387695,1.0,4.68
26500,-46.53630447387695,1.0,4.68
26600,-46.53630447387695,1.0,4.68
26700,-46.53630447387695,1.0,4.68
26800,-46.53630447387695,1.0,4.68
26900,-46.53630447387695,1.0,4.68
27000,-46.53630447387695,1.0,4.68
27100,-46.53630447387695,1.0,4.68
27200,-46.53630447387695,1.0,4.68
27300,-46.53630447387695,1.0,4.68
27400,-46.53630447387695,1.0,4.68
27500,-46.53630447387695,1.0,4.68
27600,-46.53630447387695,1.0,4.68
27700,-46.53630447387695,1.0,4.68
27800,-46.53630447387695,1.0,4.74
27900,-46.53630447387695,1.0,4.74
28000,-46.53630447387695,1.0,4.74
28100,-46.53630447387695,1.0,4.74
28200,-46.53630447387695,1.0,4.74
28300,-46.53630447387695,1.0,4.74
28400,-46.53630447387695,1.0,4.74
28500,-46.53630447387695,1.0,4.74
28600,-46.53630447387695,1.0,4.74
28700,-46.53630447387695,1.0,4.74
28800,-46.53630447387695,1.0,4.74
28900,-46.53630447387695,1.0,4.74
29000,-46.53630447387695,1.0,4.74
29100,-46.53630447387695,1.0,4.74
29200,-46.53630447387695,1.0,4.74
29300,-46.53630447387695,1.0,4.74
29400,-46.53630447387695,1.0,4.74
29500,-46.53630447387695,1.0,4.74
29600,-46.53630447387695,1.0,4.74
29700,-46.53630447387695,1.0,4.74
29800,-46.53630447387695,1.0,4.74
29900,-46.53630447387695,1.0,4.74
30000,-46.53630447387695,1.0,4.74
30100,-46.53630447387695,1.0,4.74
30200,-46.53630447387695,1.0,4.74
30300,-46.53630447387695,1.0,4.74
30400,-46.53630447387695,1.0,4.74
30500,-46.53630447387695,1.0,4.74
30600,-46.53630447387695,1.0,4.74
30700,-46.53630447387695,1.0,4.74
30800,-46.53630447387695,1.0,4.74
30900,-46.53630447387695,1.0,4.74
31000,-46.53630447387695,1.0,4.74
31100,-46.53630447387695,1.0,4.74
31200,-46.53630447387695,1.0,4.74
31300,-46.53630447387695,1.0,4.74
31400,-46.53630447387695,1.0,4.74
31500,-46.53630447387695,1.0,4.74
31600,-46.53630447387695,1.0,4.74
31700,-46.53630447387695,1.0,4.74
31800,-46.53630447387695,1.0,4.74
31900,-46.53630447387695,1.0,4.74
32000,-46.53630447387695,1.0,4.74
32100,-46.53630447387695,1.0,4.74
32200,-46.53630447387695,1.0,4.74
32300,-46.53630447387695,1.0,4.74
32400,-46.53630447387695,1.0,4.74
32500,-46.53630447387695,1.0,4.74
32600,-46.53630447387695,1.0,4.74
32700,-46.53630447387695,1.0,4.74
32800,-46.53630447387695,1.0,4.74
32900,-46.53630447387695,1.0,4.74
33000,-46.53630447387695,1.0,4.74
33100,-46.53630447387695,1.0,4.74
33200,-46.53630447387695,1.0,4.74
33300,-46.53630447387695,1.0,4.74
33400,-46.53630447387695,1.0,4.74
33500,-46.53630447387695,1.0,4.74
33600,-46.53630447387695,1.0,4.74
33700,-46.53630447387695,1.0,4.74
33800,-46.53630447387695,1.0,4.74
33900,-46.53630447387695,1.0,4.74
34000,-46.53630447387695,1.0,4.74
34100,-46.53630447387695,1.0,4.74
34200,-46.53630447387695,1.0,4.74
34300,-46.53630447387695,1.0,4.74
34400,-46.53630447387695,1.0,4.74
34500,-46.53630447387695,1.0,4.74
34600,-46.53630447387695,1.0,4.74
34700,-46.53630447387695,1.0,4.74
34800,-39.746036529541016,1.0,4.74
34900,-39.746036529541016,1.0,4.74
35000,-39.746036529541016,1.0,4.74
35100,-39.746036529541016,1.0,4.74
35200,-39.746036529541016,1.0,4.74
35300,-39.746036529541016,1.0,4.74
35400,-39.746036529541016,1.0,4.74
35500,-39.746036529541016,1.0,4.74
35600,-39.746036529541016,1.0,4.74
35700,-39.746036529541016,1.0,4.74
35800,-39.746036529541016,1.0,4.74
35900,-39.746036529541016,1.0,4.74
36000,-39.746036529541016,1.0,4.74
36100,-39.746036529541016,1.0,4.74
36200,-39.746036529541016,1.0,4.74
36300,-39.746036529541016,1.0,4.74
36400,-39.746036529541016,1.0,4.74
36500,-39.746036529541016,1.0,4.74
36600,-39.746036529541016,1.0,4.74
36700,-39.746036529541016,1.0,4.74
36800,-39.746036529541016,1.0,4.74
36900,-39.746036529541016,1.0,4.74
37000,-39.746036529541016,1.0,4.74
37100,-39.746036529541016,1.0,4.74
37200,-39.746036529541016,1.0,4.74
37300,-39.746036529541016,1.0,4.74
37400,-39.746036529541016,1.0,4.74
37500,-39.746036529541016,1.0,4.74
37600,-39.746036529541016,1.0,4.74
37700,-39.746036529541016,1.0,4.74
37800,-39.746036529541016,1.0,4.74
37900,-39.746036529541016,1.0,4.74
38000,-39.746036529541016,1.0,4.74
38100,-39.746036529541016,1.0,4.74
38200,-39.746036529541016,1.0,4.74
38300,-39.746036529541016,1.0,4.74
38400,-39.746036529541016,1.0,4.74
38500,-39.746036529541016,1.0,4.74
38600,-39.746036529541016,1.0,4.74
38700,-39.746036529541016,1.0,4.74
38800,-39.746036529541016,1.0,4.74
38900,-39.746036529541016,1.0,4.74
39000,-39.746036529541016,1.0,4.74
39100,-39.746036529541016,1.0,4.74
39200,-39.746036529541016,1.0,4.74
39300,-39.746036529541016,1.0,4.74
39400,-39.746036529541016,1.0,4.74
39500,-39.746036529541016,1.0,4.74
39600,-39.746036529541016,1.0,4.74
39700,-39.746036529541016,1.0,4.74
39800,-39.746036529541016,1.0,4.74
39900,-39.746036529541016,1.0,4.74
40000,-39.746036529541016,1.0,4.74
40100,-39.746036529541016,1.0,4.74
40200,-39.746036529541016,1.0,4.74
40300,-39.746036529541016,1.0,4.74
40400,-39.746036529541016,1.0,4.74
40500,-39.746036529541016,1.0,4.74
40600,-39.746036529541016,1.0,4.74
40700,-39.746036529541016,1.0,4.74
40800,-39.746036529541016,1.0,4.74
40900,-39.746036529541016,1.0,4.74
41000,-39.746036529541016,1.0,4.74
41100,-39.746036529541016,1.0,4.74
41200,-39.746036529541016,1.0,4.74
41300,-39.746036529541016,1.0,4.74
41400,-39.746036529541016,1.0,4.74
41500,-39.746036529541016,1.0,4.74
41600,-39.746036529541016,1.0,4.74
41700,-39.746036529541016,1.0,4.74
41800,-39.746036529541016,1.0,4.74
41900,-39.746036529541016,1.0,4.74
42000,-39.746036529541016,1.0,4.74
42100,-39.746036529541016,1.0,4.74
42200,-39.746036529541016,1.0,4.74
42300,-39.746036529541016,1.0,4.74
42400,-39.746036529541016,1.0,4.74
42500,-39.746036529541016,1.0,4.74
42600,-39.746036529541016,1.0,4.74
42700,-39.746036529541016,1.0,4.74
42800,-39.746036529541016,1.0,4.74
42900,-39.746036529541016,1.0,4.74
43000,-39.746036529541016,1.0,4.74
43100,-39.746036529541016,1.0,4.74
43200,-39.746036529541016,1.0,4.74
43300,-39.746036529541016,1.0,4.74
43400,-39.746036529541016,1.0,4.74
43500,-39.746036529541016,1.0,4.74
43600,-39.746036529541016,1.0,4.74
43700,-39.746036529541016,1.0,4.74
43800,-39.746036529541016,1.0,4.74
43900,-39.746036529541016,1.0,4.74
44000,-39.746036529541016,1.0,4.74
44100,-39.746036529541016,1.0,4.74
44200,-39.746036529541016,1.0,4.74
44300,-39.746036529541016,1.0,4.74
44400,-39.746036529541016,1.0,4.74
44500,-39.746036529541016,1.0,4.74
44600,-39.746036529541016,1.0,4.74
44700,-39.746036529541016,1.0,4.74
44800,-39.746036529541016,1.0,4.74
44900,-39.746036529541016,1.0,4.74
45000,-39.746036529541016,1.0,4.74
45100,-39.746036529541016,1.0,4.74
45200,-39.746036529541016,1.0,4.74
45300,-39.746036529541016,1.0,4.74
45400,-39.746036529541016,1.0,4.74
45500,-39.746036529541016,1.0,4.74
45600,-39.746036529541016,1.0,4.74
45700,-39.746036529541016,1.0,4.74
45800,-39.746036529541016,1.0,4.74
45900,-39.746036529541016,1.0,4.74
46000,-39.746036529541016,1.0,4.74
46100,-39.746036529541016,1.0,4.74
46200,-39.746036529541016,1.0,4.74
46300,-39.746036529541016,1.0,4.74
46400,-39.746036529541016,1.0,4.74
46500,-39.746036529541016,1.0,4.74
46600,-39.746036529541016,1.0,4.74
46700,-39.746036529541016,1.0,4.74
46800,-39.746036529541016,1.0,4.74
46900,-39.746036529541016,1.0,4.74
47000,-39.746036529541016,1.0,4.74
47100,-39.746036529541016,1.0,4.74
47200,-39.746036529541016,1.0,4.74
47300,-39.746036529541016,1.0,4.74
47400,-39.746036529541016,1.0,4.74
47500,-39.746036529541016,1.0,4.74
47600,-39.746036529541016,1.0,4.74
47700,-39.746036529541016,1.0,4.74
47800,-39.746036529541016,1.0,4.74
47900,-39.746036529541016,1.0,4.74
48000,-39.746036529541016,1.0,4.74
48100,-39.746036529541016,1.0,4.74
48200,-39.746036529541016,1.0,4.74
48300,-39.746036529541016,1.0,4.74
48400,-39.746036529541016,1.0,4.74
48500,-39.746036529541016,1.0,4.74
48600,-39.746036529541016,1.0,4.74
48700,-39.746036529541016,1.0,4.74
48800,-39.746036529541016,1.0,4.74
48900,-39.746036529541016,1.0,4.74
49000,-39.746036529541016,1.0,4.74
49100,-39.746036529541016,1.0,4.74
49200,-39.746036529541016,1.0,4.74
49300,-39.746036529541016,1.0,4.74
49400,-39.746036529541016,1.0,4.74
49500,-39.746036529541016,1.0,4.74
49600,-39.746036529541016,1.0,4.74
49700,-39.746036529541016,1.0,4.74
49800,-39.746036529541016,1.0,4.74
49900,-39.746036529541016,1.0,4.74
50000,-39.746036529541016,1.0,4.74
50100,-39.746036529541016,1.0,4.74
50200,-39.746036529541016,1.0,4.74
50300,-39.746036529541016,1.0,4.74
50400,-39.746036529541016,1.0,4.74
50500,-39.746036529541016,1.0,4.74
50600,-39.746036529541016,1.0,4.74
50700,-39.746036529541016,1.0,4.74
50800,-39.746036529541016,1.0,4.74
50900,-39.746036529541016,1.0,4.74
51000,-39.746036529541016,1.0,4.74
51100,-39.746036529541016,1.0,4.74
51200,-39.746036529541016,1.0,4.74
51300,-39.746036529541016,1.0,4.74
51400,-39.746036529541016,1.0,4.74
51500,-39.746036529541016,1.0,4.74
51600,-39.746036529541016,1.0,4.74
51700,-39.746036529541016,1.0,4.74
51800,-39.746036529541016,1.0,4.74
51900,-39.746036529541016,1.0,4.74
52000,-39.746036529541016,1.0,4.74
52100,-39.746036529541016,1.0,4.74
52200,-39.746036529541016,1.0,4.74
52300,-39.746036529541016,1.0,4.74
52400,-39.746036529541016,1.0,4.74
52500,-39.746036529541016,1.0,4.74
52600,-39.746036529541016,1.0,4.74
52700,-39.746036529541016,1.0,4.74
52800,-39.746036529541016,1.0,4.74
52900,-39.746036529541016,1.0,4.74
53000,-39.746036529541016,1.0,4.74
53100,-39.746036529541016,1.0,4.74
53200,-39.746036529541016,1.0,4.74
53300,-39.746036529541016,1.0,4.74
53400,-39.746036529541016,1.0,4.74
53500,-39.746036529541016,1.0,4.74
53600,-39.746036529541016,1.0,4.74
53700,-39.746036529541016,1.0,4.74
53800,-39.746036529541016,1.0,4.74
53900,-39.746036529541016,1.0,4.74
54000,-39.746036529541016,1.0,4.74
54100,-39.746036529541016,1.0,4.74
54200,-39.746036529541016,1.0,4.74
54300,-39.746036529541016,1.0,4.74
54400,-39.746036529541016,1.0,4.74
54500,-39.746036529541016,1.0,4.74
54600,-39.746036529541016,1.0,4.74
54700,-39.746036529541016,1.0,4.74
54800,-39.746036529541016,1.0,4.74
54900,-39.746036529541016,1.0,4.74
55000,-39.746036529541016,1.0,4.74
55100,-39.746036529541016,1.0,4.74
55200,-39.746036529541016,1.0,4.74
55300,-39.746036529541016,1.0,4.74
55400,-39.746036529541016,1.0,4.74
55500,-39.746036529541016,1.0,4.74
78071,-39.746036529541016,0.25,4.60
78171,-39.746036529541016,0.25,4.60
78271,-39.746036529541016,0.25,4.60
78371,-39.746036529541016,0.25,4.60
78471,-39.746036529541016,0.25,4.60
78571,-39.746036529541016,0.25,4.60
78671,-39.746036529541016,0.25,4.60
78771,-39.746036529541016,0.25,4.60
78871,-39.746036529541016,0.25,4.60
78971,-39.746036529541016,0.25,4.60
79071,-39.746036529541016,0.25,4.60
79171,-39.746036529541016,0.25,4.60
79271,-39.746036529541016,0.25,4.60
79371,-39.746036529541016,0.25,4.60
79471,-39.746036529541016,0.25,4.60
79571,-39.746036529541016,0.25,4.60
79671,-39.746036529541016,0.25,4.60
79771,-39.746036529541016,0.25,4.60
79871,-39.746036529541016,0.25,4.60
79971,-39.746036529541016,0.25,4.60
80071,-39.746036529541016,0.25,4.60
80171,-39.746036529541016,0.25,4.60
80271,-39.746036529541016,0.25,4.60
80371,-39.746036529541016,0.25,4.60
80471,-39.746036529541016,0.25,4.60
80571,-39.746036529541016,0.25,4.60
80671,-39.746036529541016,0.25,4.60
80771,-39.746036529541016,0.25,4.60
80871,-39.746036529541016,0.25,4.60
80971,-39.746036529541016,0.25,4.60
81071,-39.746036529541016,0.25,4.60
81171,-39.746036529541016,0.25,4.60
81271,-39.746036529541016,0.25,4.60
81371,-39.746036529541016,0.25,4.60
81471,-39.746036529541016,0.25,4.60
81571,-39.746036529541016,0.25,4.60
81671,-39.746036529541016,0.25,4.60
81771,-39.746036529541016,0.25,4.60
81871,-39.746036529541016,0.25,4.60
81971,-39.746036529541016,0.25,4.60
82071,-39.746036529541016,0.25,4.60
82171,-39.746036529541016,0.25,4.60
82271,-39.746036529541016,0.25,4.60
82371,-39.746036529541016,0.25,4.60
82471,-39.746036529541016,0.25,4.60
82571,-39.746036529541016,0.25,4.60
82671,-39.746036529541016,0.25,4.60
82771,-39.746036529541016,0.25,4.60
82871,-39.746036529541016,0.25,4.60
82971,-39.746036529541016,0.25,4.60
83071,-39.746036529541016,0.25,4.60
83171,-39.746036529541016,0.25,4.60
83271,-39.746036529541016,0.25,4.60
83371,-39.746036529541016,0.25,4.60
83471,-36.55585479736328,0.25,4.60
83571,-36.55585479736328,0.25,4.60
83671,-36.55585479736328,0.25,4.60
83771,-36.55585479736328,0.25,4.60
83871,-36.55585479736328,0.25,4.60
83971,-36.55585479736328,0.25,4.60
84071,-36.55585479736328,0.25,4.60
84171,-36.55585479736328,0.25,4.60
84271,-36.55585479736328,0.25,4.60
84371,-36.55585479736328,0.25,4.60
84471,-36.55585479736328,0.25,4.60
84571,-36.55585479736328,0.25,4.60
84671,-36.55585479736328,0.25,4.60
84771,-36.55585479736328,0.25,4.60
84871,-36.55585479736328,0.25,4.60
84971,-36.55585479736328,0.25,4.60
85071,-36.55585479736328,0.25,4.60
85171,-36.55585479736328,0.25,4.60
85271,-36.55585479736328,0.25,4.60
85371,-36.55585479736328,0.25,4.60
85471,-36.55585479736328,0.25,4.60
85571,-36.55585479736328,0.25,4.60
85671,-36.55585479736328,0.25,4.60
85771,-36.55585479736328,0.25,4.60
85871,-36.55585479736328,0.25,4.60
85971,-36.55585479736328,0.25,4.60
86071,-36.55585479736328,0.25,4.60
86171,-36.55585479736328,0.25,4.60
86271,-36.55585479736328,0.25,4.60
86371,-36.55585479736328,0.25,4.60
86471,-36.55585479736328,0.25,4.60
86571,-36.55585479736328,0.25,4.60
86671,-36.55585479736328,0.25,4.60
86771,-36.55585479736328,0.25,4.60
86871,-36.55585479736328,0.25,4.60
86971,-35.46782302856445,0.25,4.60
87071,-35.46782302856445,0.25,4.60
87171,-35.46782302856445,0.25,4.60
87271,-35.46782302856445,0.25,4.60
87371,-35.46782302856445,0.25,4.60
87471,-35.46782302856445,0.25,4.60
87571,-35.46782302856445,0.25,4.60
87671,-35.46782302856445,0.25,4.60
87771,-35.46782302856445,0.25,4.60
87871,-35.46782302856445,0.25,4.60
87971,-35.46782302856445,0.25,4.60
88071,-35.46782302856445,0.25,4.60
88171,-35.46782302856445,0.25,4.60
88271,-35.46782302856445,0.25,4.60
88371,-35.46782302856445,0.25,4.60
88471,-35.46782302856445,0.25,4.60
88571,-35.46782302856445,0.25,4.60
88671,-35.46782302856445,0.25,4.60
88771,-35.46782302856445,0.25,4.60
88871,-35.46782302856445,0.25,4.60
88971,-35.46782302856445,0.25,4.60
89071,-35.46782302856445,0.25,4.60
89171,-35.46782302856445,0.25,4.60
89271,-35.46782302856445,0.25,4.60
89371,-35.46782302856445,0.25,4.60
89471,-35.46782302856445,0.25,4.60
89571,-35.46782302856445,0.25,4.60
89671,-35.46782302856445,0.25,4.60
89771,-35.46782302856445,0.25,4.60
89871,-35.46782302856445,0.25,4.60
89971,-35.46782302856445,0.25,4.60
90071,-35.46782302856445,0.25,4.60
90171,-35.46782302856445,0.25,4.60
90271,-35.46782302856445,0.25,4.60
90371,-35.46782302856445,0.25,4.60
90471,-35.46782302856445,0.25,4.60
90571,-35.46782302856445,0.25,4.60
90671,-35.46782302856445,0.25,4.60
90771,-35.46782302856445,0.25,4.60
90871,-35.46782302856445,0.25,4.60
90971,-35.46782302856445,0.25,4.60
91071,-35.46782302856445,0.25,4.60
91171,-35.46782302856445,0.25,4.60
91271,-35.46782302856445,0.25,4.60
91371,-35.46782302856445,0.25,4.60
91471,-35.46782302856445,0.25,4.60
91571,-35.46782302856445,0.25,4.60
91671,-35.46782302856445,0.25,4.60
91771,-35.46782302856445,0.25,4.60
91871,-35.46782302856445,0.25,4.60
91971,-35.46782302856445,0.25,4.60
92071,-35.46782302856445,0.25,4.60
92171,-35.46782302856445,0.25,4.60
92271,-35.46782302856445,0.25,4.60
92371,-35.46782302856445,0.25,4.60
92471,-35.46782302856445,0.25,4.60
92571,-35.46782302856445,0.25,4.60
92671,-35.46782302856445,0.25,4.60
92771,-35.46782302856445,0.25,4.60
92871,-35.46782302856445,0.25,4.60
92971,-35.46782302856445,0.25,4.60
93071,-35.46782302856445,0.25,4.60
93171,-35.46782302856445,0.25,4.60
93271,-35.46782302856445,0.25,4.60
93371,-35.46782302856445,0.25,4.60
93471,-35.46782302856445,0.25,4.60
93571,-35.46782302856445,0.25,4.60
93671,-35.46782302856445,0.25,4.60
93771,-35.46782302856445,0.25,4.60
93871,-35.46782302856445,0.25,4.60
93971,-35.46782302856445,0.25,4.60
94071,-35.46782302856445,0.25,4.60
94171,-35.46782302856445,0.25,4.60
94271,-35.46782302856445,0.25,4.60
94371,-35.46782302856445,0.25,4.60
94471,-35.46782302856445,0.25,4.60
94571,-35.46782302856445,0.25,4.60
94671,-35.46782302856445,0.25,4.60
94771,-35.46782302856445,0.25,4.60
94871,-35.46782302856445,0.25,4.60
94971,-35.46782302856445,0.25,4.60
95071,-35.46782302856445,0.25,4.60
95171,-35.46782302856445,0.25,4.60
95271,-35.46782302856445,0.25,4.60
95371,-35.46782302856445,0.25,4.60
95471,-35.46782302856445,0.25,4.60
95571,-35.46782302856445,0.25,4.60
95671,-35.46782302856445,0.25,4.60
95771,-35.46782302856445,0.25,4.60
95871,-35.46782302856445,0.25,4.60
95971,-35.46782302856445,0.25,4.60
96071,-35.46782302856445,0.25,4.60
96171,-35.46782302856445,0.25,4.60
96271,-35.46782302856445,0.25,4.60
96371,-35.46782302856445,0.25,4.60
96471,-35.46782302856445,0.25,4.60
96571,-35.46782302856445,0.25,4.60
96671,-35.46782302856445,0.25,4.60
96771,-35.46782302856445,0.25,4.60
96871,-35.46782302856445,0.25,4.60
96971,-35.46782302856445,0.25,4.60
97071,-35.46782302856445,0.25,4.60
97171,-35.46782302856445,0.25,4.60
97271,-35.46782302856445,0.25,4.60
97371,-35.46782302856445,0.25,4.60
97471,-35.46782302856445,0.25,4.60
97571,-35.46782302856445,0.25,4.60
97671,-35.46782302856445,0.25,4.60
97771,-35.46782302856445,0.25,4.60
97871,-35.46782302856445,0.25,4.60
97971,-35.46782302856445,0.25,4.60
98071,-35.46782302856445,0.25,4.60
98171,-35.46782302856445,0.25,4.60
98271,-35.46782302856445,0.25,4.60
98371,-35.46782302856445,0.25,4.60
98471,-35.46782302856445,0.25,4.60
98571,-35.46782302856445,0.25,4.60
98671,-35.46782302856445,0.25,4.60
98771,-30.8170108795166,0.25,4.60
98871,-30.8170108795166,0.25,4.60
98971,-30.8170108795166,0.25,4.60
99071,-30.8170108795166,0.25,4.60
99171,-30.8170108795166,0.25,4.60
99271,-30.8170108795166,0.25,4.60
99371,-30.8170108795166,0.25,4.60
99471,-30.8170108795166,0.25,4.60
99571,-30.8170108795166,0.25,4.60
99671,-30.8170108795166,0.25,4.60
99771,-30.8170108795166,0.25,4.60
99871,-30.8170108795166,0.25,4.60
99971,-30.8170108795166,0.25,4.60
100071,-30.8170108795166,0.25,4.60
100171,-30.8170108795166,0.25,4.60
100271,-30.8170108795166,0.25,4.60
100371,-30.8170108795166,0.25,4.60
100471,-30.8170108795166,0.25,4.60
100571,-30.8170108795166,0.25,4.60
100671,-30.8170108795166,0.25,4.60
100771,-30.8170108795166,0.25,4.60
100871,-30.8170108795166,0.25,4.60
100971,-30.8170108795166,0.25,4.60
101071,-30.8170108795166,0.25,4.60
101171,-30.8170108795166,0.25,4.60
101271,-30.8170108795166,0.25,4.60
101371,-30.8170108795166,0.25,4.60
101471,-30.8170108795166,0.25,4.60
101571,-30.8170108795166,0.25,4.60
101671,-30.8170108795166,0.25,4.60
101771,-30.8170108795166,0.25,4.60
101871,-30.8170108795166,0.25,4.60
101971,-30.8170108795166,0.25,4.60
102071,-30.8170108795166,0.25,4.60
102171,-30.8170108795166,0.25,4.60
102271,-30.8170108795166,0.25,4.60
102371,-30.8170108795166,0.25,4.60
102471,-30.8170108795166,0.25,4.60
102571,-30.8170108795166,0.25,4.60
102671,-30.8170108795166,0.25,4.60
102771,-30.8170108795166,0.25,4.60
102871,-30.8170108795166,0.25,4.60
102971,-30.8170108795166,0.25,4.60
103071,-30.8170108795166,0.25,4.60
103171,-30.8170108795166,0.25,4.60
103271,-30.8170108795166,0.25,4.60
103371,-30.8170108795166,0.25,4.60
103471,-30.8170108795166,0.25,4.60
103571,-30.8170108795166,0.25,4.60
103671,-30.8170108795166,0.25,4.60
103771,-30.8170108795166,0.25,4.60
103871,-30.8170108795166,0.25,4.60
103971,-30.8170108795166,0.25,4.60
104071,-30.8170108795166,0.25,4.60
104171,-30.8170108795166,0.25,4.60
104271,-30.8170108795166,0.25,4.60
104371,-30.8170108795166,0.25,4.60
104471,-30.8170108795166,0.25,4.60
104571,-30.8170108795166,0.25,4.60
104671,-30.8170108795166,0.25,4.60
104771,-30.8170108795166,0.25,4.60
104871,-30.8170108795166,0.25,4.60
104971,-30.8170108795166,0.25,4.60
105071,-30.8170108795166,0.25,4.60
105171,-30.8170108795166,0.25,4.60
105271,-30.8170108795166,0.25,4.60
105371,-30.8170108795166,0.25,4.60
105471,-30.8170108795166,0.25,4.60
105571,-30.8170108795166,0.25,4.60
105671,-30.8170108795166,0.25,4.60
105771,-30.8170108795166,0.25,4.60
128272,-22.75773811340332,0.25,4.60
128272,-22.75773811340332,0.25,4.63
128372,-22.75773811340332,0.25,4.63
128472,-22.75773811340332,0.25,4.63
128572,-22.75773811340332,0.25,4.63
128672,-22.75773811340332,0.25,4.63
128772,-22.75773811340332,0.25,4.63
128872,-22.75773811340332,0.25,4.63
128972,-22.75773811340332,0.25,4.63
129072,-22.75773811340332,0.25,4.63
129172,-22.75773811340332,0.25,4.63
129272,-22.75773811340332,0.25,4.63
129372,-22.75773811340332,0.25,4.63
129472,-22.75773811340332,0.26,4.63
129572,-22.75773811340332,0.27,4.63
129672,-22.75773811340332,0.26,4.63
129772,-22.75773811340332,0.26,4.63
129872,-22.75773811340332,0.26,4.63
129972,-22.75773811340332,0.26,4.63
130072,-22.75773811340332,0.26,4.63
130172,-22.75773811340332,0.26,4.63
130272,-22.75773811340332,0.26,4.63
130372,-22.75773811340332,0.26,4.63
130472,-22.75773811340332,0.26,4.63
130572,-22.75773811340332,0.26,4.63
130672,-22.75773811340332,0.26,4.63
130772,-22.75773811340332,0.26,4.63
130872,-22.75773811340332,0.26,4.63
130972,-22.75773811340332,0.26,4.63
131072,-22.75773811340332,0.27,4.63
131172,-22.75773811340332,0.27,4.63
131272,-22.75773811340332,0.27,4.63
131372,-22.75773811340332,0.28,4.63
131472,-22.75773811340332,0.28,4.63
131572,-22.75773811340332,0.28,4.63
131672,-22.75773811340332,0.28,4.63
131772,-22.75773811340332,0.28,4.63
131872,-22.75773811340332,0.28,4.63
131972,-22.75773811340332,0.28,4.63
132072,-22.75773811340332,0.28,4.63
132172,-22.75773811340332,0.28,4.63
132272,-22.75773811340332,0.28,4.63
132372,-22.75773811340332,0.28,4.63
132472,-22.75773811340332,0.28,4.63
132572,-22.75773811340332,0.28,4.63
132672,-22.75773811340332,0.28,4.63
132772,-22.75773811340332,0.28,4.63
132872,-22.75773811340332,0.28,4.63
132972,-22.75773811340332,0.28,4.63
133072,-22.75773811340332,0.28,4.63
133172,-22.75773811340332,0.28,4.63
133272,-22.75773811340332,0.28,4.63
133372,-22.75773811340332,0.28,4.63
133472,-22.75773811340332,0.28,4.63
133572,-22.75773811340332,0.28,4.63
133672,-22.75773811340332,0.28,4.63
133772,-22.75773811340332,0.28,4.63
133872,-22.75773811340332,0.28,4.63
133972,-22.75773811340332,0.28,4.63
134072,-22.75773811340332,0.28,4.63
134172,-22.75773811340332,0.28,4.63
134272,-22.75773811340332,0.28,4.63
134372,-22.75773811340332,0.28,4.63
134472,-22.75773811340332,0.28,4.63
134572,-22.75773811340332,0.28,4.63
134672,-22.75773811340332,0.28,4.63
134772,-22.75773811340332,0.28,4.63
134872,-22.75773811340332,0.28,4.63
134972,-22.75773811340332,0.28,4.63
135072,-22.75773811340332,0.28,4.63
135172,-22.75773811340332,0.28,4.63
135272,-22.75773811340332,0.28,4.63
135372,-22.75773811340332,0.28,4.63
135472,-22.75773811340332,0.28,4.63
135572,-22.75773811340332,0.28,4.63
135672,-22.75773811340332,0.28,4.63
135772,-22.75773811340332,0.28,4.63
135872,-22.75773811340332,0.29,4.63
135972,-22.571123123168945,0.29,4.63
136072,-22.571123123168945,0.29,4.63
136172,-22.571123123168945,0.29,4.63
136272,-22.571123123168945,0.29,4.63
136372,-22.571123123168945,0.29,4.63
136472,-22.571123123168945,0.29,4.63
136572,-22.571123123168945,0.29,4.63
136672,-22.571123123168945,0.29,4.63
136772,-22.571123123168945,0.29,4.63
136872,-22.571123123168945,0.29,4.63
136972,-22.571123123168945,0.29,4.63
137072,-22.571123123168945,0.29,4.63
137172,-22.571123123168945,0.29,4.63
137272,-22.571123123168945,0.29,4.63
137372,-22.571123123168945,0.29,4.63
137472,-22.571123123168945,0.29,4.63
137572,-22.571123123168945,0.29,4.63
137672,-22.571123123168945,0.29,4.63
137772,-22.571123123168945,0.29,4.63
137872,-22.571123123168945,0.29,4.63
137972,-22.571123123168945,0.29,4.63
138072,-22.571123123168945,0.28,4.63
138172,-22.571123123168945,0.28,4.63
138272,-22.571123123168945,0.28,4.63
138372,-22.571123123168945,0.28,4.63
138472,-22.571123123168945,0.28,4.63
138572,-22.571123123168945,0.28,4.63
138672,-22.571123123168945,0.28,4.63
138772,-22.571123123168945,0.28,4.63
138872,-22.571123123168945,0.28,4.63
138972,-22.571123123168945,0.28,4.63
139072,-22.571123123168945,0.28,4.63
139172,-22.571123123168945,0.3,4.63
139272,-22.571123123168945,0.3,4.63
139372,-22.571123123168945,0.3,4.63
139472,-22.571123123168945,0.3,4.63
139572,-22.571123123168945,0.3,4.63
139672,-22.571123123168945,0.3,4.63
139772,-22.571123123168945,0.3,4.63
139872,-22.571123123168945,0.3,4.63
139972,-22.571123123168945,0.3,4.63
140072,-22.571123123168945,0.3,4.63
140172,-22.571123123168945,0.3,4.63
140272,-22.571123123168945,0.3,4.63
140372,-22.571123123168945,0.3,4.63
140472,-22.571123123168945,0.3,4.63
140572,-22.571123123168945,0.3,4.63
140672,-22.571123123168945,0.3,4.63
140772,-22.571123123168945,0.3,4.63
140872,-22.571123123168945,0.3,4.63
140972,-22.571123123168945,0.3,4.63
141072,-22.571123123168945,0.3,4.63
141172,-22.571123123168945,0.3,4.63
141272,-22.571123123168945,0.3,4.63
141372,-22.571123123168945,0.3,4.63
141472,-22.571123123168945,0.3,4.63
141572,-22.571123123168945,0.3,4.63
141672,-22.571123123168945,0.3,4.63
141772,-22.571123123168945,0.3,4.63
141872,-22.571123123168945,0.3,4.63
141972,-22.571123123168945,0.3,4.63
142072,-22.571123123168945,0.3,4.63
142172,-22.571123123168945,0.3,4.63
142272,-22.571123123168945,0.3,4.63
142372,-22.571123123168945,0.3,4.63
142472,-22.571123123168945,0.3,4.63
142572,-22.571123123168945,0.3,4.63
142672,-22.571123123168945,0.3,4.63
142772,-22.571123123168945,0.3,4.63
142872,-22.571123123168945,0.3,4.63
142972,-21.918752670288086,0.3,4.63
143072,-21.918752670288086,0.3,4.63
143172,-21.918752670288086,0.3,4.63
143272,-21.918752670288086,0.3,4.63
143372,-21.918752670288086,0.3,4.63
143472,-21.918752670288086,0.3,4.63
143572,-21.918752670288086,0.3,4.63
143672,-21.918752670288086,0.3,4.63
143772,-21.918752670288086,0.3,4.63
143872,-21.918752670288086,0.3,4.63
143972,-21.918752670288086,0.3,4.63
144072,-21.918752670288086,0.3,4.63
144172,-21.918752670288086,0.3,4.63
144272,-21.918752670288086,0.3,4.63
144372,-21.918752670288086,0.3,4.63
144472,-21.918752670288086,0.3,4.63
144572,-21.918752670288086,0.3,4.63
144672,-21.918752670288086,0.3,4.63
144772,-21.918752670288086,0.3,4.63
144872,-21.918752670288086,0.3,4.63
144972,-21.918752670288086,0.3,4.63
145072,-21.918752670288086,0.3,4.63
145172,-21.918752670288086,0.3,4.63
145272,-21.918752670288086,0.3,4.63
145372,-21.918752670288086,0.3,4.63
145472,-21.918752670288086,0.3,4.63
145572,-21.918752670288086,0.3,4.63
145672,-21.918752670288086,0.3,4.63
145772,-21.918752670288086,0.3,4.63
145872,-21.918752670288086,0.3,4.63
145972,-21.918752670288086,0.3,4.63
146072,-21.918752670288086,0.3,4.63
146172,-21.918752670288086,0.3,4.63
146272,-21.918752670288086,0.3,4.63
146372,-21.918752670288086,0.3,4.63
146472,-21.918752670288086,0.3,4.63
146572,-21.918752670288086,0.3,4.63
146672,-21.918752670288086,0.31,4.63
146772,-21.918752670288086,0.31,4.63
146872,-21.918752670288086,0.31,4.63
146972,-21.918752670288086,0.31,4.63
147072,-21.918752670288086,0.31,4.63
147172,-21.918752670288086,0.31,4.63
147272,-21.918752670288086,0.31,4.63
147372,-21.918752670288086,0.31,4.63
147472,-21.918752670288086,0.31,4.63
147572,-21.918752670288086,0.31,4.63
147672,-21.918752670288086,0.31,4.63
147772,-21.918752670288086,0.31,4.63
147872,-21.918752670288086,0.31,4.63
147972,-21.918752670288086,0.31,4.63
148072,-21.918752670288086,0.31,4.63
148172,-21.918752670288086,0.31,4.63
148272,-21.918752670288086,0.31,4.63
148372,-21.918752670288086,0.31,4.63
148472,-21.918752670288086,0.31,4.63
148572,-21.918752670288086,0.31,4.63
148672,-21.918752670288086,0.31,4.63
148772,-21.918752670288086,0.31,4.63
148872,-21.918752670288086,0.31,4.63
148972,-21.918752670288086,0.31,4.63
149072,-21.918752670288086,0.31,4.63
149172,-21.918752670288086,0.31,4.63
149272,-21.918752670288086,0.31,4.63
149372,-21.918752670288086,0.31,4.63
149472,-21.918752670288086,0.31,4.63
149572,-21.918752670288086,0.31,4.63
149672,-21.918752670288086,0.31,4.63
149772,-21.918752670288086,0.31,4.63
149872,-21.918752670288086,0.31,4.63
149972,-21.918752670288086,0.31,4.63
150072,-21.918752670288086,0.31,4.63
150172,-21.918752670288086,0.31,4.63
150272,-21.918752670288086,0.31,4.63
150372,-21.918752670288086,0.31,4.63
150472,-21.918752670288086,0.31,4.63
150572,-21.918752670288086,0.31,4.63
150672,-21.918752670288086,0.31,4.63
150772,-21.918752670288086,0.31,4.63
150872,-21.918752670288086,0.31,4.63
150972,-21.918752670288086,0.31,4.63
151072,-21.918752670288086,0.31,4.63
151172,-21.918752670288086,0.31,4.63
151272,-21.918752670288086,0.31,4.63
151372,-20.978347778320312,0.31,4.63
151472,-20.978347778320312,0.31,4.63
151572,-20.978347778320312,0.31,4.63
151672,-20.978347778320312,0.31,4.63
151772,-20.978347778320312,0.31,4.63
151872,-20.978347778320312,0.31,4.63
151972,-20.978347778320312,0.31,4.63
152072,-20.978347778320312,0.31,4.63
152172,-20.978347778320312,0.31,4.63
152272,-20.978347778320312,0.31,4.63
152372,-20.978347778320312,0.31,4.63
152472,-20.978347778320312,0.31,4.63
152572,-20.978347778320312,0.31,4.63
152672,-20.978347778320312,0.31,4.63
152772,-20.978347778320312,0.31,4.63
152872,-20.978347778320312,0.31,4.63
152972,-20.978347778320312,0.31,4.63
153072,-20.978347778320312,0.31,4.63
153172,-20.978347778320312,0.31,4.63
153272,-20.978347778320312,0.31,4.63
153372,-20.978347778320312,0.31,4.63
153472,-20.978347778320312,0.31,4.63
153572,-20.978347778320312,0.31,4.63
153672,-20.978347778320312,0.31,4.63
153772,-20.978347778320312,0.31,4.63
153872,-20.978347778320312,0.31,4.63
153972,-20.978347778320312,0.31,4.63
154072,-20.978347778320312,0.31,4.63
154172,-20.978347778320312,0.31,4.63
154272,-20.978347778320312,0.31,4.63
154372,-20.978347778320312,0.31,4.63
154472,-20.978347778320312,0.31,4.63
154572,-20.978347778320312,0.31,4.63
154672,-20.978347778320312,0.31,4.63
154772,-20.978347778320312,0.31,4.63
154872,-20.978347778320312,0.31,4.63
154972,-20.978347778320312,0.31,4.63
155072,-20.978347778320312,0.31,4.63
155172,-20.978347778320312,0.31,4.63
155272,-20.978347778320312,0.31,4.63
155372,-20.978347778320312,0.31,4.63
155472,-20.978347778320312,0.31,4.63
155572,-20.978347778320312,0.31,4.63
155672,-20.978347778320312,0.31,4.63
155772,-20.978347778320312,0.31,4.63
155872,-20.978347778320312,0.31,4.63
155972,-20.978347778320312,0.31,4.63
173977,-19.386302947998047,0.15,4.63
173977,-19.386302947998047,0.15,4.57
174077,-19.386302947998047,0.15,4.57
174177,-19.386302947998047,0.15,4.57
174277,-19.386302947998047,0.15,4.57
174377,-19.386302947998047,0.15,4.57
174477,-19.386302947998047,0.15,4.57
174577,-19.386302947998047,0.15,4.57
174677,-19.386302947998047,0.15,4.57
174777,-19.386302947998047,0.15,4.57
174877,-19.386302947998047,0.15,4.57
174977,-19.386302947998047,0.15,4.57
175077,-19.386302947998047,0.15,4.57
175177,-19.386302947998047,0.15,4.57
175277,-19.386302947998047,0.15,4.57
175377,-19.386302947998047,0.15,4.57
175477,-19.386302947998047,0.15,4.57
175577,-19.386302947998047,0.15,4.57
175677,-19.386302947998047,0.15,4.57
175777,-19.386302947998047,0.15,4.57
175877,-19.386302947998047,0.15,4.57
175977,-19.386302947998047,0.15,4.57
176077,-19.386302947998047,0.15,4.57
176177,-19.386302947998047,0.15,4.57
176277,-19.386302947998047,0.15,4.57
176377,-19.386302947998047,0.15,4.57
176477,-19.386302947998047,0.15,4.57
176577,-19.386302947998047,0.15,4.57
176677,-19.386302947998047,0.15,4.57
176777,-19.386302947998047,0.15,4.57
176877,-19.386302947998047,0.15,4.57
176977,-19.386302947998047,0.15,4.57
177077,-19.386302947998047,0.15,4.57
177177,-19.386302947998047,0.15,4.57
177277,-19.386302947998047,0.15,4.57
177377,-19.386302947998047,0.15,4.57
177477,-19.386302947998047,0.15,4.57
177577,-19.386302947998047,0.15,4.57
177677,-19.386302947998047,0.15,4.57
177777,-19.386302947998047,0.15,4.57
177877,-19.386302947998047,0.15,4.57
177977,-19.386302947998047,0.15,4.57
178077,-19.386302947998047,0.15,4.57
178177,-19.386302947998047,0.15,4.57
178277,-19.386302947998047,0.15,4.57
178377,-19.386302947998047,0.15,4.57
178477,-19.386302947998047,0.15,4.57
178577,-19.386302947998047,0.15,4.57
178677,-19.386302947998047,0.15,4.57
178777,-19.386302947998047,0.15,4.57
178877,-19.386302947998047,0.15,4.57
178977,-19.386302947998047,0.15,4.57
179077,-19.386302947998047,0.15,4.57
179177,-19.386302947998047,0.15,4.57
179277,-19.386302947998047,0.15,4.57
179377,-19.386302947998047,0.15,4.57
179477,-19.386302947998047,0.15,4.57
179577,-19.386302947998047,0.15,4.57
179677,-19.386302947998047,0.15,4.57
179777,-19.386302947998047,0.15,4.57
179877,-19.386302947998047,0.15,4.57
179977,-19.386302947998047,0.15,4.57
180077,-19.386302947998047,0.15,4.57
180177,-19.386302947998047,0.15,4.57
180277,-19.386302947998047,0.15,4.57
180377,-19.386302947998047,0.15,4.57
180477,-19.386302947998047,0.15,4.57
180577,-19.386302947998047,0.15,4.57
180677,-19.386302947998047,0.15,4.57
180777,-19.386302947998047,0.15,4.57
180877,-19.386302947998047,0.15,4.57
180977,-19.386302947998047,0.15,4.57
181077,-19.386302947998047,0.15,4.57
181177,-19.386302947998047,0.15,4.57
181277,-19.386302947998047,0.15,4.57
181377,-19.386302947998047,0.15,4.57
181477,-19.386302947998047,0.15,4.57
181577,-19.386302947998047,0.15,4.57
181677,-19.386302947998047,0.15,4.57
181777,-19.386302947998047,0.15,4.57
181877,-19.386302947998047,0.15,4.57
181977,-19.386302947998047,0.15,4.57
182077,-19.386302947998047,0.15,4.57
182177,-19.386302947998047,0.15,4.57
182277,-19.386302947998047,0.15,4.57
182377,-19.386302947998047,0.15,4.57
182477,-19.386302947998047,0.15,4.57
182577,-19.386302947998047,0.15,4.57
182677,-19.386302947998047,0.15,4.57
182777,-19.386302947998047,0.15,4.57
182877,-19.386302947998047,0.15,4.57
182977,-19.386302947998047,0.15,4.57
183077,-19.386302947998047,0.15,4.57
183177,-19.386302947998047,0.15,4.57
183277,-19.386302947998047,0.15,4.57
183377,-19.386302947998047,0.15,4.57
183477,-19.386302947998047,0.15,4.57
183577,-19.386302947998047,0.15,4.57
183677,-19.386302947998047,0.15,4.57
183777,-19.386302947998047,0.15,4.57
183877,-19.386302947998047,0.15,4.57
183977,-19.386302947998047,0.15,4.57
184077,-19.386302947998047,0.15,4.57
184177,-19.386302947998047,0.15,4.57
184277,-19.386302947998047,0.15,4.57
184377,-19.386302947998047,0.15,4.57
184477,-19.386302947998047,0.15,4.57
184577,-19.386302947998047,0.15,4.57
184677,-19.386302947998047,0.15,4.57
184777,-19.386302947998047,0.15,4.57
184877,-19.386302947998047,0.15,4.57
184977,-19.386302947998047,0.15,4.57
185077,-19.386302947998047,0.15,4.57
185177,-19.386302947998047,0.15,4.57
185277,-19.386302947998047,0.15,4.57
185377,-19.386302947998047,0.15,4.57
185477,-19.386302947998047,0.15,4.57
185577,-19.386302947998047,0.15,4.57
185677,-19.386302947998047,0.15,4.57
185777,-19.386302947998047,0.15,4.57
185877,-19.386302947998047,0.15,4.57
185977,-19.386302947998047,0.15,4.57
186077,-19.386302947998047,0.15,4.57
186177,-19.386302947998047,0.15,4.57
186277,-19.386302947998047,0.15,4.57
186377,-19.386302947998047,0.15,4.57
186477,-19.386302947998047,0.15,4.57
186577,-19.386302947998047,0.15,4.57
186677,-19.386302947998047,0.15,4.57
186777,-19.386302947998047,0.15,4.57
186877,-19.386302947998047,0.15,4.57
186977,-19.386302947998047,0.15,4.57
187077,-19.386302947998047,0.15,4.57
187177,-19.386302947998047,0.15,4.57
187277,-19.386302947998047,0.15,4.57
187377,-19.386302947998047,0.15,4.57
187477,-19.386302947998047,0.15,4.57
187577,-19.386302947998047,0.15,4.57
187677,-19.386302947998047,0.15,4.57
187777,-19.386302947998047,0.15,4.57
187877,-19.386302947998047,0.15,4.57
187977,-19.386302947998047,0.15,4.57
188077,-19.386302947998047,0.15,4.57
188177,-19.386302947998047,0.15,4.57
188277,-19.386302947998047,0.15,4.57
188377,-19.386302947998047,0.15,4.57
188477,-19.386302947998047,0.15,4.57
188577,-19.386302947998047,0.15,4.57
188677,-19.386302947998047,0.15,4.57
188777,-19.386302947998047,0.15,4.57
188877,-19.386302947998047,0.15,4.57
188977,-19.386302947998047,0.15,4.57
189077,-19.386302947998047,0.15,4.57
189177,-19.386302947998047,0.15,4.57
189277,-19.386302947998047,0.15,4.57
189377,-19.386302947998047,0.15,4.57
189477,-19.386302947998047,0.15,4.57
189577,-19.386302947998047,0.15,4.57
189677,-19.386302947998047,0.15,4.57
189777,-19.386302947998047,0.15,4.57
189877,-19.386302947998047,0.15,4.57
189977,-19.386302947998047,0.15,4.57
190077,-19.386302947998047,0.15,4.57
190177,-19.386302947998047,0.15,4.57
190277,-19.386302947998047,0.15,4.57
190377,-19.386302947998047,0.15,4.57
190477,-19.386302947998047,0.15,4.57
190577,-19.386302947998047,0.15,4.57
190677,-19.386302947998047,0.15,4.57
190777,-19.386302947998047,0.15,4.57
190877,-19.386302947998047,0.15,4.57
190977,-19.386302947998047,0.15,4.57
191077,-19.386302947998047,0.15,4.57
191177,-19.386302947998047,0.15,4.57
191277,-19.386302947998047,0.15,4.57
191377,-19.386302947998047,0.15,4.57
191477,-19.386302947998047,0.15,4.57
191577,-19.386302947998047,0.15,4.57
191677,-19.386302947998047,0.15,4.57
191777,-19.386302947998047,0.15,4.57
191877,-19.386302947998047,0.15,4.57
191977,-19.386302947998047,0.15,4.57
192077,-19.386302947998047,0.15,4.57
192177,-19.386302947998047,0.15,4.57
192277,-19.386302947998047,0.15,4.57
192377,-19.386302947998047,0.15,4.57
192477,-19.386302947998047,0.15,4.57
192577,-19.386302947998047,0.15,4.57
192677,-19.386302947998047,0.15,4.57
192777,-19.386302947998047,0.15,4.57
192877,-19.386302947998047,0.15,4.57
192977,-19.386302947998047,0.15,4.57
193077,-19.386302947998047,0.15,4.57
193177,-19.386302947998047,0.15,4.57
193277,-19.386302947998047,0.15,4.57
193377,-19.386302947998047,0.15,4.57
193477,-19.386302947998047,0.15,4.57
193577,-19.386302947998047,0.15,4.57
193677,-19.386302947998047,0.15,4.57
193777,-19.386302947998047,0.15,4.57
193877,-19.386302947998047,0.15,4.57
193977,-19.386302947998047,0.15,4.57
194077,-19.386302947998047,0.15,4.57
194177,-19.386302947998047,0.15,4.57
194277,-19.386302947998047,0.15,4.57
194377,-19.386302947998047,0.15,4.57
194477,-19.386302947998047,0.15,4.57
194577,-19.386302947998047,0.15,4.57
194677,-19.386302947998047,0.15,4.57
194777,-19.386302947998047,0.15,4.57
194877,-19.386302947998047,0.15,4.57
194977,-19.386302947998047,0.15,4.57
195077,-19.386302947998047,0.15,4.57
195177,-19.386302947998047,0.15,4.57
195277,-19.386302947998047,0.15,4.57
195377,-19.386302947998047,0.15,4.57
195477,-19.386302947998047,0.15,4.57
195577,-19.386302947998047,0.15,4.57
195677,-19.386302947998047,0.15,4.57
195777,-19.386302947998047,0.15,4.57
195877,-19.386302947998047,0.15,4.57
195977,-19.386302947998047,0.15,4.57
196077,-19.386302947998047,0.15,4.57
196177,-19.386302947998047,0.15,4.57
196277,-19.386302947998047,0.15,4.57
196377,-19.386302947998047,0.15,4.57
196477,-19.386302947998047,0.15,4.57
196577,-19.386302947998047,0.15,4.57
196677,-19.386302947998047,0.15,4.57
196777,-19.386302947998047,0.15,4.57
196877,-19.386302947998047,0.15,4.57
196977,-19.386302947998047,0.15,4.57
197077,-19.386302947998047,0.15,4.57
197177,-19.386302947998047,0.15,4.57
197277,-19.386302947998047,0.15,4.57
197377,-19.386302947998047,0.15,4.57
197477,-19.386302947998047,0.15,4.57
197577,-19.386302947998047,0.15,4.57
197677,-19.386302947998047,0.15,4.57
197777,-19.386302947998047,0.15,4.57
197877,-19.386302947998047,0.15,4.57
197977,-19.386302947998047,0.15,4.57
198077,-19.386302947998047,0.15,4.57
198177,-19.386302947998047,0.15,4.57
198277,-19.386302947998047,0.15,4.57
198377,-19.386302947998047,0.15,4.57
198477,-19.386302947998047,0.15,4.57
198577,-19.386302947998047,0.15,4.57
198677,-19.386302947998047,0.15,4.57
198777,-19.386302947998047,0.15,4.57
198877,-19.386302947998047,0.15,4.57
198977,-19.386302947998047,0.15,4.57
199077,-19.386302947998047,0.15,4.57
199177,-19.386302947998047,0.15,4.57
199277,-19.386302947998047,0.15,4.57
199377,-19.386302947998047,0.15,4.57
199477,-19.386302947998047,0.15,4.57
199577,-19.386302947998047,0.15,4.57
199677,-19.386302947998047,0.15,4.57
199777,-19.386302947998047,0.15,4.57
199877,-19.386302947998047,0.15,4.57
199977,-19.386302947998047,0.15,4.57
200077,-19.386302947998047,0.15,4.57
200177,-19.386302947998047,0.15,4.57
200277,-19.386302947998047,0.15,4.57
200377,-19.386302947998047,0.15,4.57
200477,-19.386302947998047,0.15,4.57
200577,-19.386302947998047,0.15,4.57
200677,-19.386302947998047,0.15,4.57
200777,-19.386302947998047,0.15,4.57
200877,-19.386302947998047,0.15,4.57
200977,-19.386302947998047,0.15,4.57
201077,-19.386302947998047,0.15,4.57
201177,-19.386302947998047,0.15,4.57
201277,-19.386302947998047,0.15,4.57
201377,-19.386302947998047,0.15,4.57
201477,-19.386302947998047,0.15,4.57
201577,-19.386302947998047,0.15,4.57
201677,-19.386302947998047,0.15,4.57
