,iteration,front_size,reward,simplicity
0,0,3,10.5789795,0.8333333
1,0,3,12.951087,0.81666666
2,0,3,24.569971,0.7833333
3,1,5,10.5789795,0.8333333
4,1,5,12.951087,0.81666666
5,1,5,24.569971,0.7833333
6,1,5,17.101173,0.79999995
7,1,5,27.12104,0.76666665
8,2,5,10.5789795,0.8333333
9,2,5,12.951087,0.81666666
10,2,5,24.569971,0.7833333
11,2,5,17.101173,0.79999995
12,2,5,27.12104,0.76666665
13,3,5,10.5789795,0.8333333
14,3,5,12.951087,0.81666666
15,3,5,24.569971,0.7833333
16,3,5,17.101173,0.79999995
17,3,5,27.12104,0.76666665
18,4,4,24.569971,0.7833333
19,4,4,25.445421,0.76666665
20,4,4,20.186508,0.81666666
21,4,4,16.983742,0.8333333
22,5,4,24.569971,0.7833333
23,5,4,25.445421,0.76666665
24,5,4,20.186508,0.81666666
25,5,4,16.983742,0.8333333
26,6,5,24.569971,0.7833333
27,6,5,25.445421,0.76666665
28,6,5,20.186508,0.81666666
29,6,5,16.983742,0.8333333
30,6,5,22.042702,0.79999995
31,7,5,24.569971,0.7833333
32,7,5,25.445421,0.76666665
33,7,5,20.186508,0.81666666
34,7,5,16.983742,0.8333333
35,7,5,22.042702,0.79999995
36,8,5,24.569971,0.7833333
37,8,5,25.445421,0.76666665
38,8,5,20.186508,0.81666666
39,8,5,16.983742,0.8333333
40,8,5,22.042702,0.79999995
41,9,3,20.186508,0.81666666
42,9,3,16.983742,0.8333333
43,9,3,180.06934,0.79999995
44,10,3,177.64563,0.79999995
45,10,3,18.805485,0.8333333
46,10,3,20.381536,0.81666666
47,11,3,22.683558,0.79999995
48,11,3,18.805485,0.8333333
49,11,3,20.381536,0.81666666
50,12,3,22.042702,0.79999995
51,12,3,18.805485,0.8333333
52,12,3,20.381536,0.81666666
53,13,3,22.042702,0.79999995
54,13,3,18.805485,0.8333333
55,13,3,21.469002,0.81666666
56,14,4,22.042702,0.79999995
57,14,4,18.805485,0.8333333
58,14,4,21.469002,0.81666666
59,14,4,23.410152,0.6833333
60,15,4,22.042702,0.79999995
61,15,4,23.410152,0.6833333
62,15,4,21.489943,0.81666666
63,15,4,19.401533,0.8333333
64,16,4,22.042702,0.79999995
65,16,4,23.410152,0.6833333
66,16,4,21.489943,0.81666666
67,16,4,19.401533,0.8333333
68,17,4,22.042702,0.79999995
69,17,4,23.410152,0.6833333
70,17,4,21.489943,0.81666666
71,17,4,19.401533,0.8333333
72,18,4,22.042702,0.79999995
73,18,4,23.410152,0.6833333
74,18,4,21.489943,0.81666666
75,18,4,19.401533,0.8333333
76,19,4,22.042702,0.79999995
77,19,4,23.410152,0.6833333
78,19,4,21.489943,0.81666666
79,19,4,19.401533,0.8333333
80,20,5,22.042702,0.79999995
81,20,5,23.410152,0.6833333
82,20,5,21.489943,0.81666666
83,20,5,19.401533,0.8333333
84,20,5,22.101028,0.75
85,21,4,22.042702,0.79999995
86,21,4,21.489943,0.81666666
87,21,4,19.401533,0.8333333
88,21,4,22.101028,0.75
89,22,3,22.042702,0.79999995
90,22,3,21.489943,0.81666666
91,22,3,19.401533,0.8333333
92,23,3,22.042702,0.79999995
93,23,3,21.489943,0.81666666
94,23,3,21.284788,0.8333333
95,24,3,22.042702,0.79999995
96,24,3,21.489943,0.81666666
97,24,3,21.284788,0.8333333
98,25,3,22.042702,0.79999995
99,25,3,21.284788,0.8333333
100,25,3,21.744314,0.81666666
101,26,3,22.042702,0.79999995
102,26,3,21.284788,0.8333333
103,26,3,21.943981,0.81666666
104,27,4,22.042702,0.79999995
105,27,4,21.284788,0.8333333
106,27,4,21.943981,0.81666666
107,27,4,25.548174,0.6833333
108,28,4,22.042702,0.79999995
109,28,4,21.284788,0.8333333
110,28,4,21.943981,0.81666666
111,28,4,25.548174,0.6833333
112,29,4,22.042702,0.79999995
113,29,4,21.284788,0.8333333
114,29,4,21.943981,0.81666666
115,29,4,25.548174,0.6833333
116,30,4,22.042702,0.79999995
117,30,4,21.284788,0.8333333
118,30,4,21.943981,0.81666666
119,30,4,25.548174,0.6833333
120,31,4,22.042702,0.79999995
121,31,4,21.284788,0.8333333
122,31,4,21.943981,0.81666666
123,31,4,25.548174,0.6833333
124,32,4,22.042702,0.79999995
125,32,4,21.284788,0.8333333
126,32,4,21.943981,0.81666666
127,32,4,25.548174,0.6833333
128,33,2,22.121239,0.8333333
129,33,2,25.973806,0.81666666
130,34,3,22.121239,0.8333333
131,34,3,25.973806,0.81666666
132,34,3,36.35191,0.76666665
133,35,3,22.121239,0.8333333
134,35,3,25.973806,0.81666666
135,35,3,36.35191,0.76666665
136,36,3,22.121239,0.8333333
137,36,3,36.35191,0.76666665
138,36,3,28.524515,0.81666666
139,37,3,36.35191,0.76666665
140,37,3,28.524515,0.81666666
141,37,3,23.784239,0.8333333
142,38,3,36.35191,0.76666665
143,38,3,28.524515,0.81666666
144,38,3,23.784239,0.8333333
145,39,3,36.35191,0.76666665
146,39,3,28.524515,0.81666666
147,39,3,23.784239,0.8333333
148,40,3,36.35191,0.76666665
149,40,3,28.524515,0.81666666
150,40,3,23.784239,0.8333333
151,41,5,36.35191,0.76666665
152,41,5,28.524515,0.81666666
153,41,5,23.784239,0.8333333
154,41,5,223.46965,0.71666664
155,41,5,187.66988,0.75
156,42,5,36.35191,0.76666665
157,42,5,28.524515,0.81666666
158,42,5,23.784239,0.8333333
159,42,5,223.46965,0.71666664
160,42,5,187.66988,0.75
161,43,5,36.35191,0.76666665
162,43,5,28.524515,0.81666666
163,43,5,23.784239,0.8333333
164,43,5,223.46965,0.71666664
165,43,5,187.66988,0.75
166,44,5,36.35191,0.76666665
167,44,5,28.524515,0.81666666
168,44,5,23.784239,0.8333333
169,44,5,223.46965,0.71666664
170,44,5,187.66988,0.75
171,45,5,36.35191,0.76666665
172,45,5,28.524515,0.81666666
173,45,5,23.784239,0.8333333
174,45,5,223.46965,0.71666664
175,45,5,187.66988,0.75
176,46,5,36.35191,0.76666665
177,46,5,28.524515,0.81666666
178,46,5,23.784239,0.8333333
179,46,5,223.46965,0.71666664
180,46,5,187.66988,0.75
181,47,5,36.35191,0.76666665
182,47,5,28.524515,0.81666666
183,47,5,23.784239,0.8333333
184,47,5,223.46965,0.71666664
185,47,5,190.37564,0.75
186,48,5,36.35191,0.76666665
187,48,5,28.524515,0.81666666
188,48,5,223.46965,0.71666664
189,48,5,190.37564,0.75
190,48,5,24.149963,0.8333333
191,49,5,36.35191,0.76666665
192,49,5,28.524515,0.81666666
193,49,5,223.46965,0.71666664
194,49,5,190.37564,0.75
195,49,5,24.149963,0.8333333
196,50,5,36.35191,0.76666665
197,50,5,28.524515,0.81666666
198,50,5,223.46965,0.71666664
199,50,5,190.37564,0.75
200,50,5,24.149963,0.8333333
201,51,5,36.35191,0.76666665
202,51,5,28.524515,0.81666666
203,51,5,223.46965,0.71666664
204,51,5,190.37564,0.75
205,51,5,24.149963,0.8333333
206,52,5,223.46965,0.71666664
207,52,5,190.37564,0.75
208,52,5,24.149963,0.8333333
209,52,5,30.828667,0.81666666
210,52,5,37.38447,0.76666665
211,53,5,223.46965,0.71666664
212,53,5,190.37564,0.75
213,53,5,24.149963,0.8333333
214,53,5,30.828667,0.81666666
215,53,5,37.38447,0.76666665
216,54,5,223.46965,0.71666664
217,54,5,24.149963,0.8333333
218,54,5,30.828667,0.81666666
219,54,5,192.93878,0.79999995
220,54,5,210.69777,0.73333335
221,55,5,24.149963,0.8333333
222,55,5,30.828667,0.81666666
223,55,5,192.93878,0.79999995
224,55,5,210.69777,0.73333335
225,55,5,265.49646,0.71666664
226,56,5,24.149963,0.8333333
227,56,5,30.828667,0.81666666
228,56,5,192.93878,0.79999995
229,56,5,210.69777,0.73333335
230,56,5,265.49646,0.71666664
231,57,5,24.149963,0.8333333
232,57,5,30.828667,0.81666666
233,57,5,192.93878,0.79999995
234,57,5,210.69777,0.73333335
235,57,5,265.49646,0.71666664
236,58,5,24.149963,0.8333333
237,58,5,30.828667,0.81666666
238,58,5,265.49646,0.71666664
239,58,5,233.04515,0.7833333
240,58,5,219.09354,0.79999995
241,59,5,24.149963,0.8333333
242,59,5,30.828667,0.81666666
243,59,5,265.49646,0.71666664
244,59,5,233.04515,0.7833333
245,59,5,219.09354,0.79999995
246,60,5,24.149963,0.8333333
247,60,5,30.828667,0.81666666
248,60,5,265.49646,0.71666664
249,60,5,231.97047,0.79999995
250,60,5,235.03436,0.7833333
251,61,5,24.149963,0.8333333
252,61,5,30.828667,0.81666666
253,61,5,265.49646,0.71666664
254,61,5,231.97047,0.79999995
255,61,5,235.03436,0.7833333
256,62,4,23.784239,0.8333333
257,62,4,30.828667,0.81666666
258,62,4,265.49646,0.71666664
259,62,4,241.70845,0.79999995
260,63,4,23.784239,0.8333333
261,63,4,30.828667,0.81666666
262,63,4,265.49646,0.71666664
263,63,4,241.70845,0.79999995
264,64,4,23.784239,0.8333333
265,64,4,265.49646,0.71666664
266,64,4,241.70845,0.79999995
267,64,4,45.54116,0.81666666
268,65,4,23.784239,0.8333333
269,65,4,265.49646,0.71666664
270,65,4,241.70845,0.79999995
271,65,4,45.54116,0.81666666
272,66,4,23.784239,0.8333333
273,66,4,265.49646,0.71666664
274,66,4,241.70845,0.79999995
275,66,4,45.54116,0.81666666
276,67,4,23.784239,0.8333333
277,67,4,265.49646,0.71666664
278,67,4,241.70845,0.79999995
279,67,4,45.54116,0.81666666
280,68,4,23.784239,0.8333333
281,68,4,265.49646,0.71666664
282,68,4,241.70845,0.79999995
283,68,4,45.54116,0.81666666
284,69,4,23.784239,0.8333333
285,69,4,265.49646,0.71666664
286,69,4,241.70845,0.79999995
287,69,4,45.54116,0.81666666
288,70,4,23.784239,0.8333333
289,70,4,265.49646,0.71666664
290,70,4,241.70845,0.79999995
291,70,4,45.54116,0.81666666
292,71,4,23.784239,0.8333333
293,71,4,265.49646,0.71666664
294,71,4,241.70845,0.79999995
295,71,4,45.54116,0.81666666
296,72,4,23.784239,0.8333333
297,72,4,265.49646,0.71666664
298,72,4,241.70845,0.79999995
299,72,4,45.54116,0.81666666
300,73,4,23.784239,0.8333333
301,73,4,265.49646,0.71666664
302,73,4,241.70845,0.79999995
303,73,4,68.904175,0.81666666
304,74,4,23.784239,0.8333333
305,74,4,265.49646,0.71666664
306,74,4,241.70845,0.79999995
307,74,4,220.04099,0.81666666
308,75,5,23.784239,0.8333333
309,75,5,265.49646,0.71666664
310,75,5,220.04099,0.81666666
311,75,5,248.62062,0.79999995
312,75,5,253.92494,0.75
313,76,5,23.784239,0.8333333
314,76,5,265.49646,0.71666664
315,76,5,220.04099,0.81666666
316,76,5,248.62062,0.79999995
317,76,5,253.92494,0.75
318,77,5,23.784239,0.8333333
319,77,5,265.49646,0.71666664
320,77,5,220.04099,0.81666666
321,77,5,248.62062,0.79999995
322,77,5,253.92494,0.75
323,78,5,23.784239,0.8333333
324,78,5,265.49646,0.71666664
325,78,5,220.04099,0.81666666
326,78,5,248.62062,0.79999995
327,78,5,253.92494,0.75
328,79,5,23.784239,0.8333333
329,79,5,265.49646,0.71666664
330,79,5,220.04099,0.81666666
331,79,5,248.62062,0.79999995
332,79,5,253.92494,0.75
333,80,5,23.784239,0.8333333
334,80,5,265.49646,0.71666664
335,80,5,220.04099,0.81666666
336,80,5,248.62062,0.79999995
337,80,5,253.92494,0.75
338,81,5,23.784239,0.8333333
339,81,5,265.49646,0.71666664
340,81,5,218.61159,0.81666666
341,81,5,248.62062,0.79999995
342,81,5,253.92494,0.75
343,82,5,23.784239,0.8333333
344,82,5,265.49646,0.71666664
345,82,5,248.62062,0.79999995
346,82,5,254.50423,0.75
347,82,5,227.67325,0.81666666
348,83,5,23.784239,0.8333333
349,83,5,265.49646,0.71666664
350,83,5,248.62062,0.79999995
351,83,5,254.50423,0.75
352,83,5,227.67325,0.81666666
353,84,5,23.784239,0.8333333
354,84,5,265.49646,0.71666664
355,84,5,248.62062,0.79999995
356,84,5,254.50423,0.75
357,84,5,227.67325,0.81666666
358,85,5,23.784239,0.8333333
359,85,5,265.49646,0.71666664
360,85,5,248.62062,0.79999995
361,85,5,227.67325,0.81666666
362,85,5,257.42145,0.75
363,86,5,23.784239,0.8333333
364,86,5,265.49646,0.71666664
365,86,5,248.62062,0.79999995
366,86,5,227.67325,0.81666666
367,86,5,257.42145,0.75
368,87,5,23.784239,0.8333333
369,87,5,265.49646,0.71666664
370,87,5,248.62062,0.79999995
371,87,5,227.67325,0.81666666
372,87,5,257.42145,0.75
373,88,5,23.784239,0.8333333
374,88,5,265.49646,0.71666664
375,88,5,227.67325,0.81666666
376,88,5,247.4449,0.79999995
377,88,5,260.639,0.75
378,89,5,23.784239,0.8333333
379,89,5,265.49646,0.71666664
380,89,5,227.67325,0.81666666
381,89,5,247.4449,0.79999995
382,89,5,260.639,0.75
383,90,5,22.121239,0.8333333
384,90,5,265.49646,0.71666664
385,90,5,227.67325,0.81666666
386,90,5,247.4449,0.79999995
387,90,5,265.23203,0.75
388,91,5,22.121239,0.8333333
389,91,5,265.49646,0.71666664
390,91,5,227.67325,0.81666666
391,91,5,247.4449,0.79999995
392,91,5,265.23203,0.75
393,92,5,22.121239,0.8333333
394,92,5,265.49646,0.71666664
395,92,5,227.67325,0.81666666
396,92,5,247.4449,0.79999995
397,92,5,265.23203,0.75
398,93,5,22.121239,0.8333333
399,93,5,265.49646,0.71666664
400,93,5,227.67325,0.81666666
401,93,5,247.4449,0.79999995
402,93,5,265.23203,0.75
403,94,5,22.121239,0.8333333
404,94,5,265.49646,0.71666664
405,94,5,227.67325,0.81666666
406,94,5,247.4449,0.79999995
407,94,5,265.23203,0.75
408,95,4,22.121239,0.8333333
409,95,4,245.43452,0.79999995
410,95,4,227.67325,0.81666666
411,95,4,265.23203,0.75
412,96,5,22.121239,0.8333333
413,96,5,245.43452,0.79999995
414,96,5,227.67325,0.81666666
415,96,5,260.639,0.75
416,96,5,253.85925,0.76666665
417,97,5,22.121239,0.8333333
418,97,5,227.67325,0.81666666
419,97,5,253.85925,0.76666665
420,97,5,248.93391,0.79999995
421,97,5,259.96725,0.75
422,98,5,22.121239,0.8333333
423,98,5,253.92494,0.75
424,98,5,227.67325,0.81666666
425,98,5,253.85925,0.76666665
426,98,5,248.93391,0.79999995
427,99,5,253.92494,0.75
428,99,5,227.67325,0.81666666
429,99,5,253.85925,0.76666665
430,99,5,248.93391,0.79999995
431,99,5,24.646912,0.8333333
432,100,5,253.92494,0.75
433,100,5,227.67325,0.81666666
434,100,5,253.85925,0.76666665
435,100,5,248.93391,0.79999995
436,100,5,24.646912,0.8333333
437,101,5,227.67325,0.81666666
438,101,5,253.85925,0.76666665
439,101,5,248.93391,0.79999995
440,101,5,24.646912,0.8333333
441,101,5,254.75963,0.75
442,102,5,253.85925,0.76666665
443,102,5,248.93391,0.79999995
444,102,5,24.646912,0.8333333
445,102,5,254.75963,0.75
446,102,5,226.02725,0.81666666
447,103,5,253.85925,0.76666665
448,103,5,248.93391,0.79999995
449,103,5,24.646912,0.8333333
450,103,5,254.75963,0.75
451,103,5,226.02725,0.81666666
452,104,5,253.92494,0.75
453,104,5,253.85925,0.76666665
454,104,5,248.93391,0.79999995
455,104,5,24.646912,0.8333333
456,104,5,231.53062,0.81666666
457,105,5,253.92494,0.75
458,105,5,253.85925,0.76666665
459,105,5,248.93391,0.79999995
460,105,5,24.646912,0.8333333
461,105,5,231.53062,0.81666666
462,106,5,253.92494,0.75
463,106,5,253.85925,0.76666665
464,106,5,248.93391,0.79999995
465,106,5,24.646912,0.8333333
466,106,5,231.53062,0.81666666
467,107,5,253.92494,0.75
468,107,5,253.85925,0.76666665
469,107,5,248.93391,0.79999995
470,107,5,24.646912,0.8333333
471,107,5,231.53062,0.81666666
472,108,5,253.92494,0.75
473,108,5,253.85925,0.76666665
474,108,5,248.93391,0.79999995
475,108,5,24.646912,0.8333333
476,108,5,231.53062,0.81666666
477,109,5,253.92494,0.75
478,109,5,253.85925,0.76666665
479,109,5,248.93391,0.79999995
480,109,5,24.646912,0.8333333
481,109,5,228.77841,0.81666666
482,110,5,253.92494,0.75
483,110,5,253.85925,0.76666665
484,110,5,248.93391,0.79999995
485,110,5,24.646912,0.8333333
486,110,5,228.77841,0.81666666
487,111,5,253.92494,0.75
488,111,5,253.85925,0.76666665
489,111,5,248.93391,0.79999995
490,111,5,24.646912,0.8333333
491,111,5,228.77841,0.81666666
492,112,5,253.92494,0.75
493,112,5,253.85925,0.76666665
494,112,5,248.93391,0.79999995
495,112,5,24.646912,0.8333333
496,112,5,228.77841,0.81666666
497,113,5,253.92494,0.75
498,113,5,253.85925,0.76666665
499,113,5,248.93391,0.79999995
500,113,5,24.646912,0.8333333
501,113,5,228.77841,0.81666666
502,114,5,253.92494,0.75
503,114,5,253.85925,0.76666665
504,114,5,248.93391,0.79999995
505,114,5,24.646912,0.8333333
506,114,5,228.77841,0.81666666
507,115,5,253.92494,0.75
508,115,5,253.85925,0.76666665
509,115,5,248.93391,0.79999995
510,115,5,24.646912,0.8333333
511,115,5,228.77841,0.81666666
512,116,5,253.92494,0.75
513,116,5,253.85925,0.76666665
514,116,5,248.93391,0.79999995
515,116,5,24.646912,0.8333333
516,116,5,228.77841,0.81666666
517,117,5,253.92494,0.75
518,117,5,253.85925,0.76666665
519,117,5,248.93391,0.79999995
520,117,5,24.646912,0.8333333
521,117,5,228.77841,0.81666666
522,118,5,253.92494,0.75
523,118,5,253.85925,0.76666665
524,118,5,248.93391,0.79999995
525,118,5,24.646912,0.8333333
526,118,5,228.77841,0.81666666
527,119,5,253.92494,0.75
528,119,5,253.85925,0.76666665
529,119,5,248.93391,0.79999995
530,119,5,24.646912,0.8333333
531,119,5,228.77841,0.81666666
532,120,5,22.121239,0.8333333
533,120,5,253.92494,0.75
534,120,5,253.85925,0.76666665
535,120,5,248.93391,0.79999995
536,120,5,228.77841,0.81666666
537,121,5,22.121239,0.8333333
538,121,5,253.92494,0.75
539,121,5,253.85925,0.76666665
540,121,5,248.93391,0.79999995
541,121,5,228.77841,0.81666666
542,122,5,22.121239,0.8333333
543,122,5,253.92494,0.75
544,122,5,253.85925,0.76666665
545,122,5,248.93391,0.79999995
546,122,5,228.77841,0.81666666
547,123,5,22.121239,0.8333333
548,123,5,253.92494,0.75
549,123,5,253.85925,0.76666665
550,123,5,248.93391,0.79999995
551,123,5,228.77841,0.81666666
552,124,5,22.121239,0.8333333
553,124,5,253.92494,0.75
554,124,5,253.85925,0.76666665
555,124,5,248.93391,0.79999995
556,124,5,228.77841,0.81666666
557,125,5,22.121239,0.8333333
558,125,5,253.92494,0.75
559,125,5,253.85925,0.76666665
560,125,5,248.93391,0.79999995
561,125,5,228.77841,0.81666666
562,126,5,22.121239,0.8333333
563,126,5,253.92494,0.75
564,126,5,253.85925,0.76666665
565,126,5,248.93391,0.79999995
566,126,5,228.77841,0.81666666
567,127,5,22.121239,0.8333333
568,127,5,253.92494,0.75
569,127,5,253.85925,0.76666665
570,127,5,248.93391,0.79999995
571,127,5,228.77841,0.81666666
572,128,5,22.121239,0.8333333
573,128,5,253.92494,0.75
574,128,5,253.85925,0.76666665
575,128,5,248.93391,0.79999995
576,128,5,227.62958,0.81666666
577,129,5,22.121239,0.8333333
578,129,5,253.92494,0.75
579,129,5,253.85925,0.76666665
580,129,5,248.93391,0.79999995
581,129,5,227.62958,0.81666666
582,130,5,22.121239,0.8333333
583,130,5,253.92494,0.75
584,130,5,253.85925,0.76666665
585,130,5,248.93391,0.79999995
586,130,5,227.62958,0.81666666
587,131,5,22.121239,0.8333333
588,131,5,253.92494,0.75
589,131,5,253.85925,0.76666665
590,131,5,248.93391,0.79999995
591,131,5,227.62958,0.81666666
592,132,5,22.121239,0.8333333
593,132,5,253.92494,0.75
594,132,5,253.85925,0.76666665
595,132,5,248.93391,0.79999995
596,132,5,228.48181,0.81666666
597,133,5,22.121239,0.8333333
598,133,5,253.92494,0.75
599,133,5,253.85925,0.76666665
600,133,5,248.93391,0.79999995
601,133,5,228.48181,0.81666666
602,134,4,22.121239,0.8333333
603,134,4,253.85925,0.76666665
604,134,4,248.93391,0.79999995
605,134,4,228.48181,0.81666666
606,135,4,22.121239,0.8333333
607,135,4,253.85925,0.76666665
608,135,4,248.93391,0.79999995
609,135,4,228.48181,0.81666666
610,136,4,22.121239,0.8333333
611,136,4,253.85925,0.76666665
612,136,4,248.93391,0.79999995
613,136,4,228.48181,0.81666666
614,137,4,22.121239,0.8333333
615,137,4,253.85925,0.76666665
616,137,4,248.93391,0.79999995
617,137,4,228.48181,0.81666666
618,138,4,253.85925,0.76666665
619,138,4,248.93391,0.79999995
620,138,4,226.10205,0.81666666
621,138,4,20.529667,0.8333333
622,139,5,253.85925,0.76666665
623,139,5,248.93391,0.79999995
624,139,5,228.29771,0.81666666
625,139,5,261.04333,0.75
626,139,5,23.066301,0.8333333
627,140,5,253.85925,0.76666665
628,140,5,248.93391,0.79999995
629,140,5,228.29771,0.81666666
630,140,5,261.04333,0.75
631,140,5,23.066301,0.8333333
632,141,5,253.85925,0.76666665
633,141,5,248.93391,0.79999995
634,141,5,261.04333,0.75
635,141,5,23.066301,0.8333333
636,141,5,229.55742,0.81666666
637,142,5,253.85925,0.76666665
638,142,5,248.93391,0.79999995
639,142,5,20.529667,0.8333333
640,142,5,229.55742,0.81666666
641,142,5,269.19257,0.75
642,143,5,253.85925,0.76666665
643,143,5,248.93391,0.79999995
644,143,5,20.529667,0.8333333
645,143,5,229.55742,0.81666666
646,143,5,269.19257,0.75
647,144,5,253.85925,0.76666665
648,144,5,248.93391,0.79999995
649,144,5,19.354046,0.8333333
650,144,5,261.04333,0.75
651,144,5,229.55742,0.81666666
652,145,5,253.85925,0.76666665
653,145,5,248.93391,0.79999995
654,145,5,19.354046,0.8333333
655,145,5,261.04333,0.75
656,145,5,229.55742,0.81666666
657,146,5,253.85925,0.76666665
658,146,5,248.93391,0.79999995
659,146,5,19.354046,0.8333333
660,146,5,261.04333,0.75
661,146,5,229.55742,0.81666666
662,147,5,253.85925,0.76666665
663,147,5,248.93391,0.79999995
664,147,5,19.354046,0.8333333
665,147,5,261.04333,0.75
666,147,5,229.55742,0.81666666
667,148,5,253.85925,0.76666665
668,148,5,248.93391,0.79999995
669,148,5,19.354046,0.8333333
670,148,5,261.04333,0.75
671,148,5,229.55742,0.81666666
672,149,5,253.85925,0.76666665
673,149,5,248.93391,0.79999995
674,149,5,19.354046,0.8333333
675,149,5,261.04333,0.75
676,149,5,229.55742,0.81666666
677,150,5,253.85925,0.76666665
678,150,5,248.93391,0.79999995
679,150,5,261.04333,0.75
680,150,5,229.55742,0.81666666
681,150,5,24.073338,0.8333333
682,151,5,253.85925,0.76666665
683,151,5,248.93391,0.79999995
684,151,5,261.04333,0.75
685,151,5,229.55742,0.81666666
686,151,5,24.073338,0.8333333
687,152,5,253.85925,0.76666665
688,152,5,248.93391,0.79999995
689,152,5,261.04333,0.75
690,152,5,232.61789,0.81666666
691,152,5,26.998123,0.8333333
692,153,4,248.93391,0.79999995
693,153,4,232.61789,0.81666666
694,153,4,26.998123,0.8333333
695,153,4,260.72104,0.76666665
696,154,4,248.93391,0.79999995
697,154,4,26.998123,0.8333333
698,154,4,255.9192,0.76666665
699,154,4,231.53915,0.81666666
700,155,4,253.85925,0.76666665
701,155,4,248.93391,0.79999995
702,155,4,26.998123,0.8333333
703,155,4,231.53915,0.81666666
704,156,4,253.85925,0.76666665
705,156,4,248.93391,0.79999995
706,156,4,26.998123,0.8333333
707,156,4,231.53915,0.81666666
708,157,4,253.85925,0.76666665
709,157,4,248.93391,0.79999995
710,157,4,26.998123,0.8333333
711,157,4,231.53915,0.81666666
712,158,4,253.85925,0.76666665
713,158,4,248.93391,0.79999995
714,158,4,26.998123,0.8333333
715,158,4,231.53915,0.81666666
716,159,4,253.85925,0.76666665
717,159,4,248.93391,0.79999995
718,159,4,26.998123,0.8333333
719,159,4,231.53915,0.81666666
720,160,4,253.85925,0.76666665
721,160,4,248.93391,0.79999995
722,160,4,26.998123,0.8333333
723,160,4,231.53915,0.81666666
724,161,4,253.85925,0.76666665
725,161,4,248.93391,0.79999995
726,161,4,26.998123,0.8333333
727,161,4,231.53915,0.81666666
728,162,4,253.85925,0.76666665
729,162,4,248.93391,0.79999995
730,162,4,26.998123,0.8333333
731,162,4,231.53915,0.81666666
732,163,4,253.85925,0.76666665
733,163,4,248.93391,0.79999995
734,163,4,26.998123,0.8333333
735,163,4,231.53915,0.81666666
736,164,4,253.85925,0.76666665
737,164,4,248.93391,0.79999995
738,164,4,26.998123,0.8333333
739,164,4,231.53915,0.81666666
740,165,4,253.85925,0.76666665
741,165,4,248.93391,0.79999995
742,165,4,26.998123,0.8333333
743,165,4,231.53915,0.81666666
744,166,4,253.85925,0.76666665
745,166,4,248.93391,0.79999995
746,166,4,26.998123,0.8333333
747,166,4,231.53915,0.81666666
748,167,4,253.85925,0.76666665
749,167,4,248.93391,0.79999995
750,167,4,26.998123,0.8333333
751,167,4,231.53915,0.81666666
752,168,4,253.85925,0.76666665
753,168,4,248.93391,0.79999995
754,168,4,26.998123,0.8333333
755,168,4,231.53915,0.81666666
756,169,4,253.85925,0.76666665
757,169,4,248.93391,0.79999995
758,169,4,26.998123,0.8333333
759,169,4,231.53915,0.81666666
760,170,5,253.85925,0.76666665
761,170,5,248.93391,0.79999995
762,170,5,26.998123,0.8333333
763,170,5,231.53915,0.81666666
764,170,5,256.36386,0.71666664
765,171,5,253.85925,0.76666665
766,171,5,248.93391,0.79999995
767,171,5,26.998123,0.8333333
768,171,5,229.8143,0.81666666
769,171,5,256.36386,0.71666664
770,172,6,253.85925,0.76666665
771,172,6,248.93391,0.79999995
772,172,6,226.10205,0.81666666
773,172,6,26.998123,0.8333333
774,172,6,256.36386,0.71666664
775,172,6,256.21048,0.75
776,173,6,253.85925,0.76666665
777,173,6,248.93391,0.79999995
778,173,6,26.998123,0.8333333
779,173,6,256.36386,0.71666664
780,173,6,256.21048,0.75
781,173,6,229.22473,0.81666666
782,174,6,253.85925,0.76666665
783,174,6,248.93391,0.79999995
784,174,6,26.998123,0.8333333
785,174,6,256.36386,0.71666664
786,174,6,256.21048,0.75
787,174,6,229.22473,0.81666666
788,175,6,253.85925,0.76666665
789,175,6,248.93391,0.79999995
790,175,6,26.998123,0.8333333
791,175,6,256.36386,0.71666664
792,175,6,256.21048,0.75
793,175,6,229.22473,0.81666666
794,176,6,253.85925,0.76666665
795,176,6,248.93391,0.79999995
796,176,6,26.998123,0.8333333
797,176,6,256.21048,0.75
798,176,6,229.22473,0.81666666
799,176,6,258.2717,0.73333335
800,177,6,253.85925,0.76666665
801,177,6,248.93391,0.79999995
802,177,6,26.998123,0.8333333
803,177,6,256.21048,0.75
804,177,6,229.22473,0.81666666
805,177,6,258.2717,0.73333335
806,178,5,26.998123,0.8333333
807,178,5,227.71289,0.81666666
808,178,5,258.2717,0.73333335
809,178,5,256.5288,0.76666665
810,178,5,249.80951,0.79999995
811,179,5,26.998123,0.8333333
812,179,5,227.71289,0.81666666
813,179,5,258.2717,0.73333335
814,179,5,256.5288,0.76666665
815,179,5,249.80951,0.79999995
816,180,5,26.998123,0.8333333
817,180,5,227.71289,0.81666666
818,180,5,258.2717,0.73333335
819,180,5,256.5288,0.76666665
820,180,5,249.80951,0.79999995
821,181,5,248.93391,0.79999995
822,181,5,26.998123,0.8333333
823,181,5,227.71289,0.81666666
824,181,5,258.2717,0.73333335
825,181,5,256.5288,0.76666665
826,182,5,253.85925,0.76666665
827,182,5,248.93391,0.79999995
828,182,5,26.998123,0.8333333
829,182,5,258.2717,0.73333335
830,182,5,230.49518,0.81666666
831,183,5,253.85925,0.76666665
832,183,5,248.93391,0.79999995
833,183,5,26.998123,0.8333333
834,183,5,258.2717,0.73333335
835,183,5,230.49518,0.81666666
836,184,5,253.85925,0.76666665
837,184,5,248.93391,0.79999995
838,184,5,26.998123,0.8333333
839,184,5,258.2717,0.73333335
840,184,5,230.49518,0.81666666
841,185,5,253.85925,0.76666665
842,185,5,248.93391,0.79999995
843,185,5,26.998123,0.8333333
844,185,5,258.2717,0.73333335
845,185,5,230.49518,0.81666666
846,186,5,253.85925,0.76666665
847,186,5,248.93391,0.79999995
848,186,5,26.998123,0.8333333
849,186,5,258.2717,0.73333335
850,186,5,230.49518,0.81666666
851,187,5,253.85925,0.76666665
852,187,5,248.93391,0.79999995
853,187,5,26.998123,0.8333333
854,187,5,258.2717,0.73333335
855,187,5,230.49518,0.81666666
856,188,5,253.85925,0.76666665
857,188,5,248.93391,0.79999995
858,188,5,26.998123,0.8333333
859,188,5,258.2717,0.73333335
860,188,5,230.49518,0.81666666
861,189,5,253.85925,0.76666665
862,189,5,248.93391,0.79999995
863,189,5,26.998123,0.8333333
864,189,5,258.2717,0.73333335
865,189,5,230.49518,0.81666666
866,190,5,253.85925,0.76666665
867,190,5,248.93391,0.79999995
868,190,5,26.998123,0.8333333
869,190,5,258.2717,0.73333335
870,190,5,230.49518,0.81666666
871,191,5,253.85925,0.76666665
872,191,5,248.93391,0.79999995
873,191,5,26.998123,0.8333333
874,191,5,258.2717,0.73333335
875,191,5,230.49518,0.81666666
876,192,5,253.85925,0.76666665
877,192,5,248.93391,0.79999995
878,192,5,26.998123,0.8333333
879,192,5,258.2717,0.73333335
880,192,5,230.49518,0.81666666
881,193,5,253.85925,0.76666665
882,193,5,248.93391,0.79999995
883,193,5,26.998123,0.8333333
884,193,5,258.2717,0.73333335
885,193,5,230.49518,0.81666666
886,194,5,253.85925,0.76666665
887,194,5,248.93391,0.79999995
888,194,5,26.998123,0.8333333
889,194,5,258.2717,0.73333335
890,194,5,230.49518,0.81666666
891,195,5,253.85925,0.76666665
892,195,5,248.93391,0.79999995
893,195,5,26.998123,0.8333333
894,195,5,258.2717,0.73333335
895,195,5,230.49518,0.81666666
896,196,5,248.93391,0.79999995
897,196,5,26.998123,0.8333333
898,196,5,258.2717,0.73333335
899,196,5,230.49518,0.81666666
900,196,5,254.73393,0.76666665
901,197,5,248.93391,0.79999995
902,197,5,26.998123,0.8333333
903,197,5,258.2717,0.73333335
904,197,5,230.49518,0.81666666
905,197,5,254.73393,0.76666665
906,198,5,248.93391,0.79999995
907,198,5,26.998123,0.8333333
908,198,5,258.2717,0.73333335
909,198,5,230.49518,0.81666666
910,198,5,254.73393,0.76666665
911,199,5,248.93391,0.79999995
912,199,5,26.998123,0.8333333
913,199,5,258.2717,0.73333335
914,199,5,230.49518,0.81666666
915,199,5,254.73393,0.76666665
916,200,5,248.93391,0.79999995
917,200,5,26.998123,0.8333333
918,200,5,258.2717,0.73333335
919,200,5,230.49518,0.81666666
920,200,5,254.73393,0.76666665
921,201,5,248.93391,0.79999995
922,201,5,26.998123,0.8333333
923,201,5,258.2717,0.73333335
924,201,5,230.49518,0.81666666
925,201,5,254.73393,0.76666665
926,202,5,248.93391,0.79999995
927,202,5,26.998123,0.8333333
928,202,5,258.2717,0.73333335
929,202,5,230.49518,0.81666666
930,202,5,254.73393,0.76666665
931,203,5,248.93391,0.79999995
932,203,5,26.998123,0.8333333
933,203,5,230.49518,0.81666666
934,203,5,258.67075,0.76666665
935,203,5,267.00525,0.73333335
936,204,5,248.93391,0.79999995
937,204,5,26.998123,0.8333333
938,204,5,230.49518,0.81666666
939,204,5,258.67075,0.76666665
940,204,5,267.00525,0.73333335
941,205,5,248.93391,0.79999995
942,205,5,26.998123,0.8333333
943,205,5,230.49518,0.81666666
944,205,5,267.00525,0.73333335
945,205,5,261.5934,0.76666665
946,206,5,248.93391,0.79999995
947,206,5,26.998123,0.8333333
948,206,5,267.00525,0.73333335
949,206,5,261.5934,0.76666665
950,206,5,229.02904,0.81666666
951,207,5,248.93391,0.79999995
952,207,5,26.998123,0.8333333
953,207,5,267.00525,0.73333335
954,207,5,261.5934,0.76666665
955,207,5,229.02904,0.81666666
956,208,5,248.93391,0.79999995
957,208,5,26.998123,0.8333333
958,208,5,267.00525,0.73333335
959,208,5,261.5934,0.76666665
960,208,5,229.02904,0.81666666
961,209,4,248.93391,0.79999995
962,209,4,26.998123,0.8333333
963,209,4,261.5934,0.76666665
964,209,4,229.02904,0.81666666
965,210,4,248.93391,0.79999995
966,210,4,26.998123,0.8333333
967,210,4,258.67075,0.76666665
968,210,4,229.02904,0.81666666
969,211,4,248.93391,0.79999995
970,211,4,26.998123,0.8333333
971,211,4,258.67075,0.76666665
972,211,4,229.02904,0.81666666
973,212,4,248.93391,0.79999995
974,212,4,26.998123,0.8333333
975,212,4,227.31905,0.81666666
976,212,4,256.077,0.76666665
977,213,4,253.85925,0.76666665
978,213,4,248.93391,0.79999995
979,213,4,26.998123,0.8333333
980,213,4,227.31905,0.81666666
981,214,4,253.85925,0.76666665
982,214,4,248.93391,0.79999995
983,214,4,26.998123,0.8333333
984,214,4,227.31905,0.81666666
985,215,4,253.85925,0.76666665
986,215,4,248.93391,0.79999995
987,215,4,26.998123,0.8333333
988,215,4,227.31905,0.81666666
989,216,4,253.85925,0.76666665
990,216,4,248.93391,0.79999995
991,216,4,26.998123,0.8333333
992,216,4,227.31905,0.81666666
993,217,4,253.85925,0.76666665
994,217,4,248.93391,0.79999995
995,217,4,26.998123,0.8333333
996,217,4,227.31905,0.81666666
997,218,4,253.85925,0.76666665
998,218,4,248.93391,0.79999995
999,218,4,26.998123,0.8333333
1000,218,4,227.31905,0.81666666
1001,219,4,253.85925,0.76666665
1002,219,4,248.93391,0.79999995
1003,219,4,26.998123,0.8333333
1004,219,4,227.31905,0.81666666
1005,220,4,253.85925,0.76666665
1006,220,4,248.93391,0.79999995
1007,220,4,26.998123,0.8333333
1008,220,4,227.31905,0.81666666
1009,221,4,253.85925,0.76666665
1010,221,4,248.93391,0.79999995
1011,221,4,26.998123,0.8333333
1012,221,4,227.31905,0.81666666
1013,222,4,253.85925,0.76666665
1014,222,4,248.93391,0.79999995
1015,222,4,26.998123,0.8333333
1016,222,4,227.31905,0.81666666
1017,223,4,253.85925,0.76666665
1018,223,4,248.93391,0.79999995
1019,223,4,26.998123,0.8333333
1020,223,4,227.31905,0.81666666
1021,224,4,253.85925,0.76666665
1022,224,4,248.93391,0.79999995
1023,224,4,26.998123,0.8333333
1024,224,4,227.31905,0.81666666
1025,225,4,253.85925,0.76666665
1026,225,4,248.93391,0.79999995
1027,225,4,26.998123,0.8333333
1028,225,4,226.27213,0.81666666
1029,226,4,253.85925,0.76666665
1030,226,4,248.93391,0.79999995
1031,226,4,26.998123,0.8333333
1032,226,4,228.6307,0.81666666
1033,227,4,253.85925,0.76666665
1034,227,4,248.93391,0.79999995
1035,227,4,26.998123,0.8333333
1036,227,4,228.6307,0.81666666
1037,228,4,253.85925,0.76666665
1038,228,4,248.93391,0.79999995
1039,228,4,26.998123,0.8333333
1040,228,4,228.6307,0.81666666
1041,229,4,253.85925,0.76666665
1042,229,4,248.93391,0.79999995
1043,229,4,26.998123,0.8333333
1044,229,4,228.6307,0.81666666
1045,230,4,253.85925,0.76666665
1046,230,4,248.93391,0.79999995
1047,230,4,26.998123,0.8333333
1048,230,4,228.6307,0.81666666
1049,231,4,253.85925,0.76666665
1050,231,4,248.93391,0.79999995
1051,231,4,26.998123,0.8333333
1052,231,4,228.6307,0.81666666
1053,232,4,253.85925,0.76666665
1054,232,4,248.93391,0.79999995
1055,232,4,26.998123,0.8333333
1056,232,4,228.6307,0.81666666
1057,233,4,253.85925,0.76666665
1058,233,4,248.93391,0.79999995
1059,233,4,26.998123,0.8333333
1060,233,4,229.29459,0.81666666
1061,234,4,253.85925,0.76666665
1062,234,4,248.93391,0.79999995
1063,234,4,26.998123,0.8333333
1064,234,4,229.29459,0.81666666
1065,235,4,253.85925,0.76666665
1066,235,4,248.93391,0.79999995
1067,235,4,26.998123,0.8333333
1068,235,4,226.27213,0.81666666
1069,236,4,253.85925,0.76666665
1070,236,4,248.93391,0.79999995
1071,236,4,26.998123,0.8333333
1072,236,4,226.27213,0.81666666
1073,237,4,253.85925,0.76666665
1074,237,4,248.93391,0.79999995
1075,237,4,26.998123,0.8333333
1076,237,4,225.8398,0.81666666
1077,238,4,253.85925,0.76666665
1078,238,4,248.93391,0.79999995
1079,238,4,26.998123,0.8333333
1080,238,4,225.8398,0.81666666
1081,239,4,253.85925,0.76666665
1082,239,4,248.93391,0.79999995
1083,239,4,26.998123,0.8333333
1084,239,4,225.8398,0.81666666
1085,240,4,253.85925,0.76666665
1086,240,4,248.93391,0.79999995
1087,240,4,26.998123,0.8333333
1088,240,4,225.8398,0.81666666
1089,241,4,253.85925,0.76666665
1090,241,4,248.93391,0.79999995
1091,241,4,26.998123,0.8333333
1092,241,4,225.8398,0.81666666
1093,242,4,253.85925,0.76666665
1094,242,4,248.93391,0.79999995
1095,242,4,26.998123,0.8333333
1096,242,4,225.8398,0.81666666
1097,243,4,253.85925,0.76666665
1098,243,4,248.93391,0.79999995
1099,243,4,26.998123,0.8333333
1100,243,4,228.44003,0.81666666
1101,244,4,253.85925,0.76666665
1102,244,4,248.93391,0.79999995
1103,244,4,26.998123,0.8333333
1104,244,4,228.44003,0.81666666
1105,245,4,253.85925,0.76666665
1106,245,4,248.93391,0.79999995
1107,245,4,26.998123,0.8333333
1108,245,4,228.44003,0.81666666
1109,246,4,253.85925,0.76666665
1110,246,4,248.93391,0.79999995
1111,246,4,26.998123,0.8333333
1112,246,4,228.44003,0.81666666
1113,247,4,253.85925,0.76666665
1114,247,4,248.93391,0.79999995
1115,247,4,26.998123,0.8333333
1116,247,4,231.18541,0.81666666
1117,248,4,253.85925,0.76666665
1118,248,4,248.93391,0.79999995
1119,248,4,26.998123,0.8333333
1120,248,4,231.18541,0.81666666
1121,249,4,253.85925,0.76666665
1122,249,4,248.93391,0.79999995
1123,249,4,26.998123,0.8333333
1124,249,4,231.18541,0.81666666
1125,250,4,253.85925,0.76666665
1126,250,4,248.93391,0.79999995
1127,250,4,26.998123,0.8333333
1128,250,4,231.18541,0.81666666
1129,251,4,248.93391,0.79999995
1130,251,4,26.998123,0.8333333
1131,251,4,231.18541,0.81666666
1132,251,4,254.89925,0.7833333
1133,252,4,248.93391,0.79999995
1134,252,4,26.998123,0.8333333
1135,252,4,231.18541,0.81666666
1136,252,4,254.89925,0.7833333
1137,253,4,248.93391,0.79999995
1138,253,4,26.998123,0.8333333
1139,253,4,231.18541,0.81666666
1140,253,4,254.89925,0.7833333
1141,254,4,248.93391,0.79999995
1142,254,4,26.998123,0.8333333
1143,254,4,231.18541,0.81666666
1144,254,4,254.89925,0.7833333
1145,255,4,248.93391,0.79999995
1146,255,4,26.998123,0.8333333
1147,255,4,231.18541,0.81666666
1148,255,4,254.89925,0.7833333
1149,256,4,248.93391,0.79999995
1150,256,4,26.998123,0.8333333
1151,256,4,231.18541,0.81666666
1152,256,4,258.31607,0.7833333
1153,257,4,248.93391,0.79999995
1154,257,4,26.998123,0.8333333
1155,257,4,231.18541,0.81666666
1156,257,4,254.89925,0.7833333
1157,258,4,248.93391,0.79999995
1158,258,4,26.998123,0.8333333
1159,258,4,231.18541,0.81666666
1160,258,4,254.89925,0.7833333
1161,259,4,248.93391,0.79999995
1162,259,4,26.998123,0.8333333
1163,259,4,231.18541,0.81666666
1164,259,4,254.89925,0.7833333
1165,260,4,248.93391,0.79999995
1166,260,4,26.998123,0.8333333
1167,260,4,231.18541,0.81666666
1168,260,4,254.89925,0.7833333
1169,261,4,248.93391,0.79999995
1170,261,4,26.998123,0.8333333
1171,261,4,231.18541,0.81666666
1172,261,4,254.89925,0.7833333
1173,262,4,248.93391,0.79999995
1174,262,4,26.998123,0.8333333
1175,262,4,254.89925,0.7833333
1176,262,4,232.9987,0.81666666
1177,263,4,248.93391,0.79999995
1178,263,4,26.998123,0.8333333
1179,263,4,231.18541,0.81666666
1180,263,4,254.89925,0.7833333
1181,264,4,248.93391,0.79999995
1182,264,4,26.998123,0.8333333
1183,264,4,254.89925,0.7833333
1184,264,4,227.48965,0.81666666
1185,265,4,248.93391,0.79999995
1186,265,4,26.998123,0.8333333
1187,265,4,254.89925,0.7833333
1188,265,4,227.48965,0.81666666
1189,266,4,248.93391,0.79999995
1190,266,4,26.998123,0.8333333
1191,266,4,254.89925,0.7833333
1192,266,4,227.48965,0.81666666
1193,267,4,248.93391,0.79999995
1194,267,4,26.998123,0.8333333
1195,267,4,227.48965,0.81666666
1196,267,4,257.8175,0.7833333
1197,268,4,248.93391,0.79999995
1198,268,4,26.998123,0.8333333
1199,268,4,254.89925,0.7833333
1200,268,4,227.48965,0.81666666
1201,269,4,248.93391,0.79999995
1202,269,4,26.998123,0.8333333
1203,269,4,254.89925,0.7833333
1204,269,4,227.48965,0.81666666
1205,270,4,248.93391,0.79999995
1206,270,4,26.998123,0.8333333
1207,270,4,256.03635,0.7833333
1208,270,4,230.75665,0.81666666
1209,271,4,248.93391,0.79999995
1210,271,4,26.998123,0.8333333
1211,271,4,254.89925,0.7833333
1212,271,4,230.75665,0.81666666
1213,272,4,248.93391,0.79999995
1214,272,4,26.998123,0.8333333
1215,272,4,254.89925,0.7833333
1216,272,4,230.75665,0.81666666
1217,273,4,248.93391,0.79999995
1218,273,4,26.998123,0.8333333
1219,273,4,254.89925,0.7833333
1220,273,4,230.75665,0.81666666
1221,274,4,248.93391,0.79999995
1222,274,4,26.998123,0.8333333
1223,274,4,254.89925,0.7833333
1224,274,4,230.75665,0.81666666
1225,275,4,248.93391,0.79999995
1226,275,4,26.998123,0.8333333
1227,275,4,254.89925,0.7833333
1228,275,4,230.75665,0.81666666
1229,276,4,248.93391,0.79999995
1230,276,4,26.998123,0.8333333
1231,276,4,254.89925,0.7833333
1232,276,4,230.75665,0.81666666
1233,277,4,248.93391,0.79999995
1234,277,4,26.998123,0.8333333
1235,277,4,228.05258,0.81666666
1236,277,4,259.0578,0.7833333
1237,278,4,248.93391,0.79999995
1238,278,4,26.998123,0.8333333
1239,278,4,254.89925,0.7833333
1240,278,4,228.05258,0.81666666
1241,279,4,248.93391,0.79999995
1242,279,4,26.998123,0.8333333
1243,279,4,254.89925,0.7833333
1244,279,4,238.04239,0.81666666
1245,280,4,248.93391,0.79999995
1246,280,4,26.998123,0.8333333
1247,280,4,238.04239,0.81666666
1248,280,4,260.59048,0.7833333
1249,281,4,248.93391,0.79999995
1250,281,4,26.998123,0.8333333
1251,281,4,238.04239,0.81666666
1252,281,4,260.35382,0.7833333
1253,282,4,26.998123,0.8333333
1254,282,4,238.04239,0.81666666
1255,282,4,256.20703,0.79999995
1256,282,4,260.4524,0.7833333
1257,283,4,26.998123,0.8333333
1258,283,4,238.04239,0.81666666
1259,283,4,260.35382,0.7833333
1260,283,4,260.04367,0.79999995
1261,284,4,26.998123,0.8333333
1262,284,4,238.04239,0.81666666
1263,284,4,260.35382,0.7833333
1264,284,4,260.04367,0.79999995
1265,285,4,26.998123,0.8333333
1266,285,4,238.04239,0.81666666
1267,285,4,260.35382,0.7833333
1268,285,4,260.04367,0.79999995
1269,286,4,26.998123,0.8333333
1270,286,4,238.04239,0.81666666
1271,286,4,260.35382,0.7833333
1272,286,4,260.04367,0.79999995
1273,287,4,26.998123,0.8333333
1274,287,4,238.04239,0.81666666
1275,287,4,260.35382,0.7833333
1276,287,4,260.04367,0.79999995
1277,288,4,26.998123,0.8333333
1278,288,4,238.04239,0.81666666
1279,288,4,260.35382,0.7833333
1280,288,4,260.04367,0.79999995
1281,289,4,26.998123,0.8333333
1282,289,4,238.04239,0.81666666
1283,289,4,260.35382,0.7833333
1284,289,4,260.04367,0.79999995
1285,290,4,26.998123,0.8333333
1286,290,4,238.04239,0.81666666
1287,290,4,260.35382,0.7833333
1288,290,4,260.04367,0.79999995
1289,291,4,26.998123,0.8333333
1290,291,4,260.35382,0.7833333
1291,291,4,260.04367,0.79999995
1292,291,4,243.51247,0.81666666
1293,292,4,26.998123,0.8333333
1294,292,4,260.35382,0.7833333
1295,292,4,260.04367,0.79999995
1296,292,4,243.51247,0.81666666
1297,293,4,26.998123,0.8333333
1298,293,4,260.35382,0.7833333
1299,293,4,260.04367,0.79999995
1300,293,4,243.51247,0.81666666
1301,294,4,26.998123,0.8333333
1302,294,4,260.35382,0.7833333
1303,294,4,260.04367,0.79999995
1304,294,4,243.51247,0.81666666
1305,295,4,26.998123,0.8333333
1306,295,4,260.35382,0.7833333
1307,295,4,260.04367,0.79999995
1308,295,4,243.51247,0.81666666
1309,296,4,26.998123,0.8333333
1310,296,4,260.35382,0.7833333
1311,296,4,260.04367,0.79999995
1312,296,4,243.51247,0.81666666
1313,297,4,26.998123,0.8333333
1314,297,4,260.35382,0.7833333
1315,297,4,260.04367,0.79999995
1316,297,4,243.51247,0.81666666
1317,298,4,26.998123,0.8333333
1318,298,4,260.35382,0.7833333
1319,298,4,260.04367,0.79999995
1320,298,4,243.51247,0.81666666
1321,299,4,26.998123,0.8333333
1322,299,4,260.35382,0.7833333
1323,299,4,260.04367,0.79999995
1324,299,4,243.51247,0.81666666
1325,300,4,26.998123,0.8333333
1326,300,4,260.35382,0.7833333
1327,300,4,260.04367,0.79999995
1328,300,4,243.51247,0.81666666
1329,301,4,26.998123,0.8333333
1330,301,4,260.35382,0.7833333
1331,301,4,260.04367,0.79999995
1332,301,4,243.51247,0.81666666
1333,302,4,26.998123,0.8333333
1334,302,4,260.35382,0.7833333
1335,302,4,260.04367,0.79999995
1336,302,4,243.51247,0.81666666
1337,303,4,26.998123,0.8333333
1338,303,4,260.35382,0.7833333
1339,303,4,260.04367,0.79999995
1340,303,4,243.51247,0.81666666
1341,304,4,26.998123,0.8333333
1342,304,4,260.35382,0.7833333
1343,304,4,260.04367,0.79999995
1344,304,4,243.51247,0.81666666
1345,305,4,26.998123,0.8333333
1346,305,4,260.35382,0.7833333
1347,305,4,260.04367,0.79999995
1348,305,4,243.51247,0.81666666
1349,306,4,26.998123,0.8333333
1350,306,4,260.35382,0.7833333
1351,306,4,260.04367,0.79999995
1352,306,4,243.51247,0.81666666
1353,307,4,26.998123,0.8333333
1354,307,4,260.35382,0.7833333
1355,307,4,260.04367,0.79999995
1356,307,4,241.94704,0.81666666
1357,308,4,26.998123,0.8333333
1358,308,4,260.35382,0.7833333
1359,308,4,260.04367,0.79999995
1360,308,4,241.94704,0.81666666
1361,309,4,26.998123,0.8333333
1362,309,4,260.35382,0.7833333
1363,309,4,260.04367,0.79999995
1364,309,4,241.94704,0.81666666
1365,310,4,26.998123,0.8333333
1366,310,4,260.35382,0.7833333
1367,310,4,260.04367,0.79999995
1368,310,4,241.94704,0.81666666
1369,311,4,26.998123,0.8333333
1370,311,4,260.35382,0.7833333
1371,311,4,260.04367,0.79999995
1372,311,4,241.94704,0.81666666
1373,312,4,26.998123,0.8333333
1374,312,4,260.35382,0.7833333
1375,312,4,260.04367,0.79999995
1376,312,4,241.94704,0.81666666
1377,313,4,26.998123,0.8333333
1378,313,4,260.35382,0.7833333
1379,313,4,260.04367,0.79999995
1380,313,4,241.94704,0.81666666
1381,314,4,26.998123,0.8333333
1382,314,4,260.35382,0.7833333
1383,314,4,260.04367,0.79999995
1384,314,4,241.94704,0.81666666
1385,315,4,26.998123,0.8333333
1386,315,4,260.35382,0.7833333
1387,315,4,260.04367,0.79999995
1388,315,4,241.94704,0.81666666
1389,316,4,26.998123,0.8333333
1390,316,4,260.35382,0.7833333
1391,316,4,260.04367,0.79999995
1392,316,4,241.94704,0.81666666
1393,317,4,26.998123,0.8333333
1394,317,4,260.35382,0.7833333
1395,317,4,260.04367,0.79999995
1396,317,4,241.94704,0.81666666
1397,318,4,26.998123,0.8333333
1398,318,4,260.35382,0.7833333
1399,318,4,260.04367,0.79999995
1400,318,4,241.94704,0.81666666
1401,319,4,26.998123,0.8333333
1402,319,4,260.35382,0.7833333
1403,319,4,260.04367,0.79999995
1404,319,4,241.94704,0.81666666
1405,320,4,26.998123,0.8333333
1406,320,4,260.35382,0.7833333
1407,320,4,260.04367,0.79999995
1408,320,4,241.94704,0.81666666
1409,321,3,26.998123,0.8333333
1410,321,3,241.94704,0.81666666
1411,321,3,261.19244,0.79999995
1412,322,3,26.998123,0.8333333
1413,322,3,241.94704,0.81666666
1414,322,3,258.73303,0.79999995
1415,323,3,26.998123,0.8333333
1416,323,3,241.94704,0.81666666
1417,323,3,258.73303,0.79999995
1418,324,3,26.998123,0.8333333
1419,324,3,254.19302,0.79999995
1420,324,3,241.94704,0.81666666
1421,325,3,26.998123,0.8333333
1422,325,3,254.19302,0.79999995
1423,325,3,241.94704,0.81666666
1424,326,3,26.998123,0.8333333
1425,326,3,251.65482,0.79999995
1426,326,3,241.94704,0.81666666
1427,327,3,26.998123,0.8333333
1428,327,3,251.65482,0.79999995
1429,327,3,241.94704,0.81666666
1430,328,3,26.998123,0.8333333
1431,328,3,251.65482,0.79999995
1432,328,3,241.94704,0.81666666
1433,329,3,26.998123,0.8333333
1434,329,3,251.65482,0.79999995
1435,329,3,241.94704,0.81666666
1436,330,3,26.998123,0.8333333
1437,330,3,251.65482,0.79999995
1438,330,3,241.94704,0.81666666
1439,331,3,248.93391,0.79999995
1440,331,3,26.998123,0.8333333
1441,331,3,241.94704,0.81666666
1442,332,3,248.93391,0.79999995
1443,332,3,26.998123,0.8333333
1444,332,3,241.94704,0.81666666
1445,333,3,248.93391,0.79999995
1446,333,3,26.998123,0.8333333
1447,333,3,241.94704,0.81666666
1448,334,3,248.93391,0.79999995
1449,334,3,26.998123,0.8333333
1450,334,3,241.94704,0.81666666
1451,335,3,248.93391,0.79999995
1452,335,3,26.998123,0.8333333
1453,335,3,241.94704,0.81666666
1454,336,3,248.93391,0.79999995
1455,336,3,26.998123,0.8333333
1456,336,3,241.94704,0.81666666
1457,337,3,248.93391,0.79999995
1458,337,3,26.998123,0.8333333
1459,337,3,241.94704,0.81666666
1460,338,3,248.93391,0.79999995
1461,338,3,26.998123,0.8333333
1462,338,3,241.94704,0.81666666
1463,339,3,248.93391,0.79999995
1464,339,3,26.998123,0.8333333
1465,339,3,241.94704,0.81666666
1466,340,3,248.93391,0.79999995
1467,340,3,26.998123,0.8333333
1468,340,3,241.94704,0.81666666
1469,341,3,248.93391,0.79999995
1470,341,3,26.998123,0.8333333
1471,341,3,241.94704,0.81666666
1472,342,3,248.93391,0.79999995
1473,342,3,26.998123,0.8333333
1474,342,3,241.94704,0.81666666
1475,343,3,248.93391,0.79999995
1476,343,3,26.998123,0.8333333
1477,343,3,241.94704,0.81666666
1478,344,3,248.93391,0.79999995
1479,344,3,26.998123,0.8333333
1480,344,3,244.01256,0.81666666
1481,345,3,248.93391,0.79999995
1482,345,3,26.998123,0.8333333
1483,345,3,244.01256,0.81666666
1484,346,3,248.93391,0.79999995
1485,346,3,26.998123,0.8333333
1486,346,3,244.01256,0.81666666
1487,347,3,248.93391,0.79999995
1488,347,3,26.998123,0.8333333
1489,347,3,244.01256,0.81666666
1490,348,3,248.93391,0.79999995
1491,348,3,26.998123,0.8333333
1492,348,3,241.94704,0.81666666
1493,349,3,248.93391,0.79999995
1494,349,3,26.998123,0.8333333
1495,349,3,241.94704,0.81666666
1496,350,3,248.93391,0.79999995
1497,350,3,26.998123,0.8333333
1498,350,3,241.94704,0.81666666
1499,351,3,248.93391,0.79999995
1500,351,3,26.998123,0.8333333
1501,351,3,241.94704,0.81666666
1502,352,3,248.93391,0.79999995
1503,352,3,26.998123,0.8333333
1504,352,3,241.94704,0.81666666
1505,353,3,248.93391,0.79999995
1506,353,3,26.998123,0.8333333
1507,353,3,241.94704,0.81666666
1508,354,3,248.93391,0.79999995
1509,354,3,26.998123,0.8333333
1510,354,3,247.55775,0.81666666
1511,355,3,248.93391,0.79999995
1512,355,3,26.998123,0.8333333
1513,355,3,247.55775,0.81666666
1514,356,3,248.93391,0.79999995
1515,356,3,26.998123,0.8333333
1516,356,3,247.55775,0.81666666
1517,357,3,248.93391,0.79999995
1518,357,3,26.998123,0.8333333
1519,357,3,247.55775,0.81666666
1520,358,3,248.93391,0.79999995
1521,358,3,26.998123,0.8333333
1522,358,3,247.55775,0.81666666
1523,359,3,248.93391,0.79999995
1524,359,3,26.998123,0.8333333
1525,359,3,247.55775,0.81666666
1526,360,3,248.93391,0.79999995
1527,360,3,26.998123,0.8333333
1528,360,3,247.55775,0.81666666
1529,361,3,248.93391,0.79999995
1530,361,3,26.998123,0.8333333
1531,361,3,247.55775,0.81666666
1532,362,3,248.93391,0.79999995
1533,362,3,26.998123,0.8333333
1534,362,3,247.55775,0.81666666
1535,363,3,248.93391,0.79999995
1536,363,3,26.998123,0.8333333
1537,363,3,247.55775,0.81666666
1538,364,3,248.93391,0.79999995
1539,364,3,26.998123,0.8333333
1540,364,3,247.55775,0.81666666
1541,365,3,248.93391,0.79999995
1542,365,3,26.998123,0.8333333
1543,365,3,247.55775,0.81666666
1544,366,3,248.93391,0.79999995
1545,366,3,26.998123,0.8333333
1546,366,3,247.55775,0.81666666
1547,367,3,248.93391,0.79999995
1548,367,3,26.998123,0.8333333
1549,367,3,247.55775,0.81666666
1550,368,3,248.93391,0.79999995
1551,368,3,26.998123,0.8333333
1552,368,3,247.55775,0.81666666
1553,369,3,248.93391,0.79999995
1554,369,3,26.998123,0.8333333
1555,369,3,247.55775,0.81666666
1556,370,3,248.93391,0.79999995
1557,370,3,26.998123,0.8333333
1558,370,3,247.55775,0.81666666
1559,371,3,248.93391,0.79999995
1560,371,3,247.55775,0.81666666
1561,371,3,24.48374,0.8333333
1562,372,3,248.93391,0.79999995
1563,372,3,247.55775,0.81666666
1564,372,3,24.48374,0.8333333
1565,373,3,248.93391,0.79999995
1566,373,3,247.55775,0.81666666
1567,373,3,24.48374,0.8333333
1568,374,3,248.93391,0.79999995
1569,374,3,247.55775,0.81666666
1570,374,3,24.48374,0.8333333
1571,375,3,248.93391,0.79999995
1572,375,3,247.55775,0.81666666
1573,375,3,24.48374,0.8333333
1574,376,3,248.93391,0.79999995
1575,376,3,247.55775,0.81666666
1576,376,3,24.48374,0.8333333
1577,377,3,248.93391,0.79999995
1578,377,3,247.55775,0.81666666
1579,377,3,24.48374,0.8333333
1580,378,3,248.93391,0.79999995
1581,378,3,247.55775,0.81666666
1582,378,3,24.48374,0.8333333
1583,379,3,248.93391,0.79999995
1584,379,3,247.55775,0.81666666
1585,379,3,24.48374,0.8333333
1586,380,3,248.93391,0.79999995
1587,380,3,24.48374,0.8333333
1588,380,3,247.06976,0.81666666
1589,381,3,248.93391,0.79999995
1590,381,3,24.48374,0.8333333
1591,381,3,247.06976,0.81666666
1592,382,3,248.93391,0.79999995
1593,382,3,24.48374,0.8333333
1594,382,3,247.06976,0.81666666
1595,383,3,248.93391,0.79999995
1596,383,3,247.06976,0.81666666
1597,383,3,27.407711,0.8333333
1598,384,3,248.93391,0.79999995
1599,384,3,247.06976,0.81666666
1600,384,3,27.407711,0.8333333
1601,385,3,248.93391,0.79999995
1602,385,3,247.06976,0.81666666
1603,385,3,27.407711,0.8333333
1604,386,3,248.93391,0.79999995
1605,386,3,247.06976,0.81666666
1606,386,3,27.407711,0.8333333
1607,387,2,247.06976,0.81666666
1608,387,2,27.407711,0.8333333
1609,388,2,241.94704,0.81666666
1610,388,2,27.407711,0.8333333
1611,389,2,239.57587,0.81666666
1612,389,2,27.407711,0.8333333
1613,390,2,236.52223,0.81666666
1614,390,2,27.407711,0.8333333
1615,391,2,236.52223,0.81666666
1616,391,2,27.407711,0.8333333
1617,392,3,236.52223,0.81666666
1618,392,3,27.407711,0.8333333
1619,392,3,241.35605,0.7833333
1620,393,2,236.52223,0.81666666
1621,393,2,27.407711,0.8333333
1622,394,2,236.52223,0.81666666
1623,394,2,27.407711,0.8333333
1624,395,2,236.52223,0.81666666
1625,395,2,27.407711,0.8333333
1626,396,2,236.52223,0.81666666
1627,396,2,27.407711,0.8333333
1628,397,3,236.52223,0.81666666
1629,397,3,27.407711,0.8333333
1630,397,3,248.56827,0.79999995
1631,398,3,236.52223,0.81666666
1632,398,3,27.407711,0.8333333
1633,398,3,248.56827,0.79999995
1634,399,3,27.407711,0.8333333
1635,399,3,248.56827,0.79999995
1636,399,3,241.47812,0.81666666
1637,400,3,27.407711,0.8333333
1638,400,3,248.56827,0.79999995
1639,400,3,241.47812,0.81666666
1640,401,3,27.407711,0.8333333
1641,401,3,248.56827,0.79999995
1642,401,3,241.47812,0.81666666
1643,402,3,27.407711,0.8333333
1644,402,3,248.56827,0.79999995
1645,402,3,244.81137,0.81666666
1646,403,3,27.407711,0.8333333
1647,403,3,248.56827,0.79999995
1648,403,3,244.81137,0.81666666
1649,404,3,27.407711,0.8333333
1650,404,3,248.56827,0.79999995
1651,404,3,244.81137,0.81666666
1652,405,3,27.407711,0.8333333
1653,405,3,248.56827,0.79999995
1654,405,3,244.81137,0.81666666
1655,406,3,27.407711,0.8333333
1656,406,3,248.56827,0.79999995
1657,406,3,244.81137,0.81666666
1658,407,3,27.407711,0.8333333
1659,407,3,248.56827,0.79999995
1660,407,3,244.81137,0.81666666
1661,408,3,27.407711,0.8333333
1662,408,3,248.56827,0.79999995
1663,408,3,244.81137,0.81666666
1664,409,3,27.407711,0.8333333
1665,409,3,248.56827,0.79999995
1666,409,3,244.81137,0.81666666
1667,410,3,27.407711,0.8333333
1668,410,3,248.56827,0.79999995
1669,410,3,244.81137,0.81666666
1670,411,3,27.407711,0.8333333
1671,411,3,248.56827,0.79999995
1672,411,3,244.81137,0.81666666
1673,412,3,27.407711,0.8333333
1674,412,3,248.56827,0.79999995
1675,412,3,244.81137,0.81666666
1676,413,3,27.407711,0.8333333
1677,413,3,248.56827,0.79999995
1678,413,3,244.81137,0.81666666
1679,414,2,27.407711,0.8333333
1680,414,2,244.81137,0.81666666
1681,415,2,27.407711,0.8333333
1682,415,2,244.81137,0.81666666
1683,416,2,27.407711,0.8333333
1684,416,2,241.81175,0.81666666
1685,417,2,27.407711,0.8333333
1686,417,2,241.81175,0.81666666
1687,418,2,27.407711,0.8333333
1688,418,2,246.91061,0.81666666
1689,419,2,27.407711,0.8333333
1690,419,2,241.81175,0.81666666
1691,420,2,27.407711,0.8333333
1692,420,2,241.81175,0.81666666
1693,421,2,27.407711,0.8333333
1694,421,2,241.81175,0.81666666
1695,422,2,27.407711,0.8333333
1696,422,2,239.66548,0.81666666
1697,423,2,27.407711,0.8333333
1698,423,2,239.66548,0.81666666
1699,424,2,236.52223,0.81666666
1700,424,2,27.407711,0.8333333
1701,425,2,27.407711,0.8333333
1702,425,2,233.44331,0.81666666
1703,426,2,27.407711,0.8333333
1704,426,2,233.44331,0.81666666
1705,427,2,27.407711,0.8333333
1706,427,2,230.94824,0.81666666
1707,428,2,27.407711,0.8333333
1708,428,2,228.16371,0.81666666
1709,429,2,27.407711,0.8333333
1710,429,2,226.37257,0.81666666
1711,430,2,27.407711,0.8333333
1712,430,2,222.36818,0.81666666
1713,431,2,27.407711,0.8333333
1714,431,2,228.95209,0.81666666
1715,432,2,27.407711,0.8333333
1716,432,2,228.95209,0.81666666
1717,433,2,27.407711,0.8333333
1718,433,2,228.95209,0.81666666
1719,434,2,27.407711,0.8333333
1720,434,2,228.95209,0.81666666
1721,435,2,27.407711,0.8333333
1722,435,2,226.37859,0.81666666
1723,436,2,27.407711,0.8333333
1724,436,2,222.36818,0.81666666
1725,437,2,27.407711,0.8333333
1726,437,2,222.36818,0.81666666
1727,438,2,27.407711,0.8333333
1728,438,2,229.13528,0.81666666
1729,439,2,27.407711,0.8333333
1730,439,2,226.49767,0.81666666
1731,440,2,27.407711,0.8333333
1732,440,2,222.51392,0.81666666
1733,441,2,27.407711,0.8333333
1734,441,2,222.51392,0.81666666
1735,442,2,27.407711,0.8333333
1736,442,2,222.51392,0.81666666
1737,443,2,27.407711,0.8333333
1738,443,2,220.77968,0.81666666
1739,444,2,27.407711,0.8333333
1740,444,2,220.77968,0.81666666
1741,445,2,27.407711,0.8333333
1742,445,2,220.77968,0.81666666
1743,446,2,27.407711,0.8333333
1744,446,2,223.50398,0.81666666
1745,447,2,27.407711,0.8333333
1746,447,2,223.50398,0.81666666
1747,448,2,27.407711,0.8333333
1748,448,2,223.50398,0.81666666
1749,449,2,27.407711,0.8333333
1750,449,2,233.86748,0.81666666
1751,450,2,27.407711,0.8333333
1752,450,2,227.5794,0.81666666
1753,451,2,27.407711,0.8333333
1754,451,2,231.12303,0.81666666
1755,452,2,27.407711,0.8333333
1756,452,2,227.5794,0.81666666
1757,453,2,27.407711,0.8333333
1758,453,2,227.5794,0.81666666
1759,454,2,27.407711,0.8333333
1760,454,2,227.5794,0.81666666
1761,455,2,27.407711,0.8333333
1762,455,2,227.5794,0.81666666
1763,456,2,27.407711,0.8333333
1764,456,2,237.05078,0.81666666
1765,457,2,27.407711,0.8333333
1766,457,2,235.74432,0.81666666
1767,458,2,27.407711,0.8333333
1768,458,2,235.74432,0.81666666
1769,459,2,27.407711,0.8333333
1770,459,2,235.74432,0.81666666
1771,460,2,27.407711,0.8333333
1772,460,2,235.74432,0.81666666
1773,461,2,27.407711,0.8333333
1774,461,2,239.6913,0.81666666
1775,462,2,27.407711,0.8333333
1776,462,2,247.85431,0.81666666
1777,463,2,27.407711,0.8333333
1778,463,2,239.6913,0.81666666
1779,464,2,27.407711,0.8333333
1780,464,2,238.75137,0.81666666
1781,465,2,27.407711,0.8333333
1782,465,2,236.71172,0.81666666
1783,466,2,234.68678,0.81666666
1784,466,2,28.303959,0.8333333
1785,467,2,27.407711,0.8333333
1786,467,2,234.68678,0.81666666
1787,468,2,27.407711,0.8333333
1788,468,2,237.0339,0.81666666
1789,469,2,27.407711,0.8333333
1790,469,2,234.68678,0.81666666
1791,470,2,27.407711,0.8333333
1792,470,2,234.68678,0.81666666
1793,471,2,27.407711,0.8333333
1794,471,2,234.68678,0.81666666
1795,472,2,27.407711,0.8333333
1796,472,2,231.29298,0.81666666
1797,473,2,27.407711,0.8333333
1798,473,2,231.29298,0.81666666
1799,474,2,27.407711,0.8333333
1800,474,2,231.29298,0.81666666
1801,475,2,27.407711,0.8333333
1802,475,2,229.46169,0.81666666
1803,476,2,27.407711,0.8333333
1804,476,2,229.46169,0.81666666
1805,477,2,27.407711,0.8333333
1806,477,2,229.46169,0.81666666
1807,478,2,27.407711,0.8333333
1808,478,2,229.46169,0.81666666
1809,479,2,27.407711,0.8333333
1810,479,2,227.84389,0.81666666
1811,480,2,27.407711,0.8333333
1812,480,2,225.63281,0.81666666
1813,481,2,27.407711,0.8333333
1814,481,2,225.63281,0.81666666
1815,482,2,27.407711,0.8333333
1816,482,2,225.63281,0.81666666
1817,483,2,27.407711,0.8333333
1818,483,2,225.63281,0.81666666
1819,484,2,27.407711,0.8333333
1820,484,2,225.63281,0.81666666
1821,485,2,27.407711,0.8333333
1822,485,2,225.63281,0.81666666
1823,486,2,27.407711,0.8333333
1824,486,2,223.8293,0.81666666
1825,487,2,27.407711,0.8333333
1826,487,2,227.25394,0.81666666
1827,488,2,27.407711,0.8333333
1828,488,2,223.8293,0.81666666
1829,489,2,27.407711,0.8333333
1830,489,2,223.8293,0.81666666
1831,490,2,27.407711,0.8333333
1832,490,2,230.0779,0.81666666
1833,491,2,27.407711,0.8333333
1834,491,2,225.31984,0.81666666
1835,492,2,26.82131,0.8333333
1836,492,2,223.46715,0.81666666
1837,493,2,26.82131,0.8333333
1838,493,2,224.56334,0.81666666
1839,494,3,26.82131,0.8333333
1840,494,3,224.56334,0.81666666
1841,494,3,240.08257,0.79999995
1842,495,3,26.82131,0.8333333
1843,495,3,240.08257,0.79999995
1844,495,3,232.3429,0.81666666
1845,496,2,26.82131,0.8333333
1846,496,2,233.18434,0.81666666
1847,497,2,26.82131,0.8333333
1848,497,2,233.18434,0.81666666
1849,498,2,26.82131,0.8333333
1850,498,2,232.3429,0.81666666
1851,499,2,26.82131,0.8333333
1852,499,2,230.40356,0.81666666
1853,500,2,26.82131,0.8333333
1854,500,2,230.40356,0.81666666
1855,501,2,26.82131,0.8333333
1856,501,2,230.40356,0.81666666
1857,502,2,26.82131,0.8333333
1858,502,2,224.56334,0.81666666
1859,503,2,26.82131,0.8333333
1860,503,2,224.56334,0.81666666
1861,504,2,26.82131,0.8333333
1862,504,2,223.67297,0.81666666
1863,505,2,26.82131,0.8333333
1864,505,2,231.62593,0.81666666
1865,506,2,26.82131,0.8333333
1866,506,2,225.10739,0.81666666
1867,507,2,26.82131,0.8333333
1868,507,2,225.10739,0.81666666
1869,508,2,26.82131,0.8333333
1870,508,2,221.56097,0.81666666
1871,509,2,26.82131,0.8333333
1872,509,2,221.56097,0.81666666
1873,510,2,26.82131,0.8333333
1874,510,2,219.68762,0.81666666
1875,511,2,26.82131,0.8333333
1876,511,2,219.68762,0.81666666
1877,512,2,26.82131,0.8333333
1878,512,2,219.68762,0.81666666
1879,513,2,26.82131,0.8333333
1880,513,2,217.85594,0.81666666
1881,514,2,26.82131,0.8333333
1882,514,2,222.50847,0.81666666
1883,515,2,26.82131,0.8333333
1884,515,2,222.50847,0.81666666
1885,516,2,26.82131,0.8333333
1886,516,2,222.50847,0.81666666
1887,517,2,26.82131,0.8333333
1888,517,2,222.50847,0.81666666
1889,518,2,26.82131,0.8333333
1890,518,2,226.09113,0.81666666
1891,519,2,26.82131,0.8333333
1892,519,2,225.51085,0.81666666
1893,520,2,26.82131,0.8333333
1894,520,2,222.50847,0.81666666
1895,521,2,26.82131,0.8333333
1896,521,2,222.50847,0.81666666
1897,522,2,26.82131,0.8333333
1898,522,2,249.6119,0.81666666
1899,523,2,26.82131,0.8333333
1900,523,2,246.75749,0.81666666
1901,524,2,26.82131,0.8333333
1902,524,2,242.62375,0.81666666
1903,525,2,26.82131,0.8333333
1904,525,2,242.62375,0.81666666
1905,526,2,26.82131,0.8333333
1906,526,2,242.62375,0.81666666
1907,527,2,26.82131,0.8333333
1908,527,2,242.27626,0.81666666
1909,528,2,26.82131,0.8333333
1910,528,2,239.64459,0.81666666
1911,529,2,26.82131,0.8333333
1912,529,2,239.64459,0.81666666
1913,530,2,26.82131,0.8333333
1914,530,2,239.64459,0.81666666
1915,531,2,26.82131,0.8333333
1916,531,2,238.56772,0.81666666
1917,532,2,26.82131,0.8333333
1918,532,2,238.56772,0.81666666
1919,533,2,26.82131,0.8333333
1920,533,2,238.56772,0.81666666
1921,534,2,26.82131,0.8333333
1922,534,2,239.72026,0.81666666
1923,535,2,26.82131,0.8333333
1924,535,2,239.72026,0.81666666
1925,536,2,26.82131,0.8333333
1926,536,2,236.22731,0.81666666
1927,537,2,26.82131,0.8333333
1928,537,2,238.27605,0.81666666
1929,538,2,26.82131,0.8333333
1930,538,2,238.27605,0.81666666
1931,539,2,26.82131,0.8333333
1932,539,2,238.27605,0.81666666
1933,540,3,26.82131,0.8333333
1934,540,3,238.27605,0.81666666
1935,540,3,238.52936,0.73333335
1936,541,2,26.82131,0.8333333
1937,541,2,238.27605,0.81666666
1938,542,2,26.82131,0.8333333
1939,542,2,238.27605,0.81666666
1940,543,2,26.82131,0.8333333
1941,543,2,231.02171,0.81666666
1942,544,2,26.82131,0.8333333
1943,544,2,228.8511,0.81666666
1944,545,2,26.82131,0.8333333
1945,545,2,228.8511,0.81666666
1946,546,2,26.82131,0.8333333
1947,546,2,226.36896,0.81666666
1948,547,2,26.82131,0.8333333
1949,547,2,226.36896,0.81666666
1950,548,2,26.82131,0.8333333
1951,548,2,234.42505,0.81666666
1952,549,2,26.82131,0.8333333
1953,549,2,234.42505,0.81666666
1954,550,2,26.82131,0.8333333
1955,550,2,226.36896,0.81666666
1956,551,2,26.82131,0.8333333
1957,551,2,226.36896,0.81666666
1958,552,2,26.82131,0.8333333
1959,552,2,226.36896,0.81666666
1960,553,2,26.82131,0.8333333
1961,553,2,226.75862,0.81666666
1962,554,2,26.82131,0.8333333
1963,554,2,229.53801,0.81666666
1964,555,2,26.82131,0.8333333
1965,555,2,229.53801,0.81666666
1966,556,2,26.82131,0.8333333
1967,556,2,229.53801,0.81666666
1968,557,2,26.82131,0.8333333
1969,557,2,238.81165,0.81666666
1970,558,2,26.82131,0.8333333
1971,558,2,238.81165,0.81666666
1972,559,2,26.82131,0.8333333
1973,559,2,229.53801,0.81666666
1974,560,2,26.82131,0.8333333
1975,560,2,226.75862,0.81666666
1976,561,2,26.82131,0.8333333
1977,561,2,233.80171,0.81666666
1978,562,2,26.82131,0.8333333
1979,562,2,231.66252,0.81666666
1980,563,2,26.82131,0.8333333
1981,563,2,231.66252,0.81666666
1982,564,2,26.82131,0.8333333
1983,564,2,229.5703,0.81666666
1984,565,2,26.82131,0.8333333
1985,565,2,229.5703,0.81666666
1986,566,2,226.75862,0.81666666
1987,566,2,26.017315,0.8333333
1988,567,2,226.75862,0.81666666
1989,567,2,26.017315,0.8333333
1990,568,2,226.75862,0.81666666
1991,568,2,26.017315,0.8333333
1992,569,2,226.75862,0.81666666
1993,569,2,26.017315,0.8333333
1994,570,2,26.017315,0.8333333
1995,570,2,224.68062,0.81666666
1996,571,2,26.017315,0.8333333
1997,571,2,224.68062,0.81666666
1998,572,2,26.017315,0.8333333
1999,572,2,224.68062,0.81666666
2000,573,2,26.017315,0.8333333
2001,573,2,224.68062,0.81666666
2002,574,2,26.017315,0.8333333
2003,574,2,224.68062,0.81666666
2004,575,2,26.017315,0.8333333
2005,575,2,226.40045,0.81666666
2006,576,2,26.017315,0.8333333
2007,576,2,223.35551,0.81666666
2008,577,2,26.017315,0.8333333
2009,577,2,223.35551,0.81666666
2010,578,2,26.017315,0.8333333
2011,578,2,223.35551,0.81666666
2012,579,2,26.017315,0.8333333
2013,579,2,223.35551,0.81666666
2014,580,2,26.017315,0.8333333
2015,580,2,229.22128,0.81666666
2016,581,2,26.017315,0.8333333
2017,581,2,226.37852,0.81666666
2018,582,2,26.017315,0.8333333
2019,582,2,224.31505,0.81666666
2020,583,2,26.017315,0.8333333
2021,583,2,224.31505,0.81666666
2022,584,2,26.017315,0.8333333
2023,584,2,224.91772,0.81666666
2024,585,3,26.017315,0.8333333
2025,585,3,224.91772,0.81666666
2026,585,3,226.08873,0.79999995
2027,586,3,26.017315,0.8333333
2028,586,3,224.91772,0.81666666
2029,586,3,226.08873,0.79999995
2030,587,2,26.017315,0.8333333
2031,587,2,236.75262,0.81666666
2032,588,2,26.017315,0.8333333
2033,588,2,227.99786,0.81666666
2034,589,2,26.017315,0.8333333
2035,589,2,224.55663,0.81666666
2036,590,2,26.017315,0.8333333
2037,590,2,221.37474,0.81666666
2038,591,2,26.017315,0.8333333
2039,591,2,221.37474,0.81666666
2040,592,2,26.017315,0.8333333
2041,592,2,220.27559,0.81666666
2042,593,2,26.017315,0.8333333
2043,593,2,217.23987,0.81666666
2044,594,2,26.017315,0.8333333
2045,594,2,217.23987,0.81666666
2046,595,2,26.017315,0.8333333
2047,595,2,245.55482,0.81666666
2048,596,2,26.017315,0.8333333
2049,596,2,245.55482,0.81666666
2050,597,2,26.017315,0.8333333
2051,597,2,245.55482,0.81666666
2052,598,2,26.017315,0.8333333
2053,598,2,245.55482,0.81666666
2054,599,2,26.017315,0.8333333
2055,599,2,245.38165,0.81666666
2056,600,2,26.017315,0.8333333
2057,600,2,245.38165,0.81666666
2058,601,2,26.017315,0.8333333
2059,601,2,245.38165,0.81666666
2060,602,2,26.017315,0.8333333
2061,602,2,245.38165,0.81666666
2062,603,2,26.017315,0.8333333
2063,603,2,242.88109,0.81666666
2064,604,2,26.017315,0.8333333
2065,604,2,239.98378,0.81666666
2066,605,2,26.017315,0.8333333
2067,605,2,241.69205,0.81666666
2068,606,2,26.017315,0.8333333
2069,606,2,239.98378,0.81666666
2070,607,2,26.017315,0.8333333
2071,607,2,239.98378,0.81666666
2072,608,2,26.017315,0.8333333
2073,608,2,235.15419,0.81666666
2074,609,2,26.017315,0.8333333
2075,609,2,235.15419,0.81666666
2076,610,2,26.017315,0.8333333
2077,610,2,235.15419,0.81666666
2078,611,2,26.017315,0.8333333
2079,611,2,235.15419,0.81666666
2080,612,2,26.017315,0.8333333
2081,612,2,239.48874,0.81666666
2082,613,2,26.017315,0.8333333
2083,613,2,239.48874,0.81666666
2084,614,2,26.017315,0.8333333
2085,614,2,239.48874,0.81666666
2086,615,2,26.017315,0.8333333
2087,615,2,240.12407,0.81666666
2088,616,2,26.017315,0.8333333
2089,616,2,240.12407,0.81666666
2090,617,2,26.017315,0.8333333
2091,617,2,237.48941,0.81666666
2092,618,2,26.017315,0.8333333
2093,618,2,245.23209,0.81666666
2094,619,2,26.017315,0.8333333
2095,619,2,237.48941,0.81666666
2096,620,2,26.017315,0.8333333
2097,620,2,237.48941,0.81666666
2098,621,2,26.017315,0.8333333
2099,621,2,237.26213,0.81666666
2100,622,2,26.017315,0.8333333
2101,622,2,237.26213,0.81666666
2102,623,2,26.017315,0.8333333
2103,623,2,234.32233,0.81666666
2104,624,2,26.017315,0.8333333
2105,624,2,238.6863,0.81666666
2106,625,2,26.017315,0.8333333
2107,625,2,234.32233,0.81666666
2108,626,2,26.017315,0.8333333
2109,626,2,244.96825,0.81666666
2110,627,2,26.017315,0.8333333
2111,627,2,241.47934,0.81666666
2112,628,2,26.017315,0.8333333
2113,628,2,238.86832,0.81666666
2114,629,2,26.017315,0.8333333
2115,629,2,234.32233,0.81666666
2116,630,2,26.017315,0.8333333
2117,630,2,235.72658,0.81666666
2118,631,2,26.017315,0.8333333
2119,631,2,248.42126,0.81666666
2120,632,2,26.017315,0.8333333
2121,632,2,235.72658,0.81666666
2122,633,2,26.017315,0.8333333
2123,633,2,235.72658,0.81666666
2124,634,2,26.017315,0.8333333
2125,634,2,231.8306,0.81666666
2126,635,2,26.017315,0.8333333
2127,635,2,230.73608,0.81666666
2128,636,2,26.017315,0.8333333
2129,636,2,230.73608,0.81666666
2130,637,2,26.017315,0.8333333
2131,637,2,230.73608,0.81666666
2132,638,2,26.017315,0.8333333
2133,638,2,230.73608,0.81666666
2134,639,2,26.017315,0.8333333
2135,639,2,230.73608,0.81666666
2136,640,2,26.017315,0.8333333
2137,640,2,228.20102,0.81666666
2138,641,2,26.017315,0.8333333
2139,641,2,228.20102,0.81666666
2140,642,2,26.017315,0.8333333
2141,642,2,228.20102,0.81666666
2142,643,2,26.017315,0.8333333
2143,643,2,228.20102,0.81666666
2144,644,2,26.017315,0.8333333
2145,644,2,228.20102,0.81666666
2146,645,2,26.017315,0.8333333
2147,645,2,226.58325,0.81666666
2148,646,2,26.017315,0.8333333
2149,646,2,225.34904,0.81666666
2150,647,2,26.017315,0.8333333
2151,647,2,225.34904,0.81666666
2152,648,2,26.017315,0.8333333
2153,648,2,223.18327,0.81666666
2154,649,2,26.017315,0.8333333
2155,649,2,239.41255,0.81666666
2156,650,2,26.017315,0.8333333
2157,650,2,239.41255,0.81666666
2158,651,2,26.017315,0.8333333
2159,651,2,243.51888,0.81666666
2160,652,2,26.017315,0.8333333
2161,652,2,243.51888,0.81666666
2162,653,2,26.017315,0.8333333
2163,653,2,240.62836,0.81666666
2164,654,2,26.017315,0.8333333
2165,654,2,239.41255,0.81666666
2166,655,2,26.017315,0.8333333
2167,655,2,239.41255,0.81666666
2168,656,2,26.017315,0.8333333
2169,656,2,237.98558,0.81666666
2170,657,2,26.017315,0.8333333
2171,657,2,234.06038,0.81666666
2172,658,2,26.017315,0.8333333
2173,658,2,231.24359,0.81666666
2174,659,2,26.017315,0.8333333
2175,659,2,231.24359,0.81666666
2176,660,2,23.59174,0.8333333
2177,660,2,229.60602,0.81666666
2178,661,2,23.59174,0.8333333
2179,661,2,223.20782,0.81666666
2180,662,2,23.59174,0.8333333
2181,662,2,223.20782,0.81666666
2182,663,2,23.59174,0.8333333
2183,663,2,227.33786,0.81666666
2184,664,2,23.59174,0.8333333
2185,664,2,227.33786,0.81666666
2186,665,2,23.59174,0.8333333
2187,665,2,225.25038,0.81666666
2188,666,2,23.59174,0.8333333
2189,666,2,228.4407,0.81666666
2190,667,2,23.59174,0.8333333
2191,667,2,228.4407,0.81666666
2192,668,2,23.59174,0.8333333
2193,668,2,227.31757,0.81666666
2194,669,2,23.59174,0.8333333
2195,669,2,227.31757,0.81666666
2196,670,2,23.59174,0.8333333
2197,670,2,225.25038,0.81666666
2198,671,2,23.59174,0.8333333
2199,671,2,226.65436,0.81666666
2200,672,2,23.59174,0.8333333
2201,672,2,223.78264,0.81666666
2202,673,2,23.59174,0.8333333
2203,673,2,232.81883,0.81666666
2204,674,2,23.59174,0.8333333
2205,674,2,231.15364,0.81666666
2206,675,2,23.59174,0.8333333
2207,675,2,228.57048,0.81666666
2208,676,2,23.59174,0.8333333
2209,676,2,228.57048,0.81666666
2210,677,2,23.59174,0.8333333
2211,677,2,228.3211,0.81666666
2212,678,2,23.59174,0.8333333
2213,678,2,226.14745,0.81666666
2214,679,2,23.59174,0.8333333
2215,679,2,221.98901,0.81666666
2216,680,2,23.59174,0.8333333
2217,680,2,221.98901,0.81666666
2218,681,2,23.59174,0.8333333
2219,681,2,218.45212,0.81666666
2220,682,2,23.59174,0.8333333
2221,682,2,218.45212,0.81666666
2222,683,2,23.59174,0.8333333
2223,683,2,214.29298,0.81666666
2224,684,2,23.59174,0.8333333
2225,684,2,211.78996,0.81666666
2226,685,2,23.59174,0.8333333
2227,685,2,209.56004,0.81666666
2228,686,2,23.59174,0.8333333
2229,686,2,209.56004,0.81666666
2230,687,2,23.59174,0.8333333
2231,687,2,209.56004,0.81666666
2232,688,2,23.59174,0.8333333
2233,688,2,209.56004,0.81666666
2234,689,2,21.389517,0.8333333
2235,689,2,214.46953,0.81666666
2236,690,2,21.389517,0.8333333
2237,690,2,211.43161,0.81666666
2238,691,2,21.389517,0.8333333
2239,691,2,217.06523,0.81666666
2240,692,2,21.389517,0.8333333
2241,692,2,230.24835,0.81666666
2242,693,2,21.389517,0.8333333
2243,693,2,224.39302,0.81666666
2244,694,2,21.389517,0.8333333
2245,694,2,230.699,0.81666666
2246,695,2,21.389517,0.8333333
2247,695,2,228.5763,0.81666666
2248,696,2,21.389517,0.8333333
2249,696,2,232.80956,0.81666666
2250,697,2,21.389517,0.8333333
2251,697,2,232.80956,0.81666666
2252,698,2,21.389517,0.8333333
2253,698,2,230.04372,0.81666666
2254,699,2,21.389517,0.8333333
2255,699,2,229.61034,0.81666666
2256,700,2,21.389517,0.8333333
2257,700,2,226.21791,0.81666666
2258,701,2,21.389517,0.8333333
2259,701,2,226.21791,0.81666666
2260,702,2,21.389517,0.8333333
2261,702,2,226.21791,0.81666666
2262,703,2,24.919443,0.8333333
2263,703,2,233.0918,0.81666666
2264,704,2,233.0918,0.81666666
2265,704,2,24.345339,0.8333333
2266,705,2,23.013126,0.8333333
2267,705,2,235.63261,0.81666666
2268,706,2,233.0918,0.81666666
2269,706,2,23.013126,0.8333333
2270,707,2,23.013126,0.8333333
2271,707,2,232.3049,0.81666666
2272,708,2,23.013126,0.8333333
2273,708,2,230.1326,0.81666666
2274,709,2,23.013126,0.8333333
2275,709,2,230.1326,0.81666666
2276,710,2,23.013126,0.8333333
2277,710,2,230.1326,0.81666666
2278,711,2,23.013126,0.8333333
2279,711,2,230.1326,0.81666666
2280,712,2,23.013126,0.8333333
2281,712,2,230.59882,0.81666666
2282,713,2,23.013126,0.8333333
2283,713,2,239.55719,0.81666666
2284,714,2,23.013126,0.8333333
2285,714,2,239.55719,0.81666666
2286,715,2,23.013126,0.8333333
2287,715,2,235.78133,0.81666666
2288,716,2,23.013126,0.8333333
2289,716,2,230.59882,0.81666666
2290,717,2,23.013126,0.8333333
2291,717,2,229.22746,0.81666666
2292,718,2,23.013126,0.8333333
2293,718,2,229.22746,0.81666666
2294,719,2,23.013126,0.8333333
2295,719,2,230.02625,0.81666666
2296,720,2,23.013126,0.8333333
2297,720,2,230.02625,0.81666666
2298,721,2,23.013126,0.8333333
2299,721,2,229.22746,0.81666666
2300,722,2,23.013126,0.8333333
2301,722,2,229.22746,0.81666666
2302,723,2,23.013126,0.8333333
2303,723,2,227.07655,0.81666666
2304,724,2,23.013126,0.8333333
2305,724,2,223.90508,0.81666666
2306,725,2,223.90508,0.81666666
2307,725,2,24.367168,0.8333333
2308,726,2,221.5731,0.81666666
2309,726,2,24.367168,0.8333333
2310,727,2,221.5731,0.81666666
2311,727,2,24.367168,0.8333333
2312,728,2,23.013126,0.8333333
2313,728,2,224.42201,0.81666666
2314,729,2,23.013126,0.8333333
2315,729,2,229.21544,0.81666666
2316,730,2,23.013126,0.8333333
2317,730,2,228.36978,0.81666666
2318,731,2,23.013126,0.8333333
2319,731,2,228.36978,0.81666666
2320,732,2,23.013126,0.8333333
2321,732,2,226.60246,0.81666666
2322,733,2,23.013126,0.8333333
2323,733,2,226.60246,0.81666666
2324,734,2,23.013126,0.8333333
2325,734,2,226.60246,0.81666666
2326,735,2,23.013126,0.8333333
2327,735,2,226.60246,0.81666666
2328,736,2,21.306446,0.8333333
2329,736,2,229.67162,0.81666666
2330,737,2,224.90721,0.81666666
2331,737,2,21.306446,0.8333333
2332,738,2,224.90721,0.81666666
2333,738,2,21.306446,0.8333333
2334,739,2,224.90721,0.81666666
2335,739,2,21.306446,0.8333333
2336,740,2,224.90721,0.81666666
2337,740,2,21.306446,0.8333333
2338,741,2,221.63393,0.81666666
2339,741,2,26.01476,0.8333333
2340,742,2,217.61142,0.81666666
2341,742,2,26.01476,0.8333333
2342,743,2,217.61142,0.81666666
2343,743,2,26.01476,0.8333333
2344,744,2,26.01476,0.8333333
2345,744,2,223.46498,0.81666666
2346,745,2,26.01476,0.8333333
2347,745,2,223.46498,0.81666666
2348,746,2,26.01476,0.8333333
2349,746,2,221.65332,0.81666666
2350,747,2,217.61142,0.81666666
2351,747,2,26.01476,0.8333333
2352,748,2,217.61142,0.81666666
2353,748,2,26.01476,0.8333333
2354,749,2,26.01476,0.8333333
2355,749,2,220.54546,0.81666666
2356,750,2,217.61142,0.81666666
2357,750,2,26.01476,0.8333333
2358,751,2,26.01476,0.8333333
2359,751,2,217.84444,0.81666666
2360,752,2,26.01476,0.8333333
2361,752,2,217.84444,0.81666666
2362,753,2,26.01476,0.8333333
2363,753,2,217.84444,0.81666666
2364,754,3,26.01476,0.8333333
2365,754,3,217.84444,0.81666666
2366,754,3,222.65024,0.79999995
2367,755,2,26.01476,0.8333333
2368,755,2,226.21892,0.81666666
2369,756,2,26.01476,0.8333333
2370,756,2,225.98979,0.81666666
2371,757,3,26.01476,0.8333333
2372,757,3,225.98979,0.81666666
2373,757,3,254.59134,0.6666666
2374,758,3,26.01476,0.8333333
2375,758,3,225.98979,0.81666666
2376,758,3,254.59134,0.6666666
2377,759,3,26.01476,0.8333333
2378,759,3,225.98979,0.81666666
2379,759,3,254.59134,0.6666666
2380,760,3,26.01476,0.8333333
2381,760,3,225.98979,0.81666666
2382,760,3,254.59134,0.6666666
2383,761,3,26.01476,0.8333333
2384,761,3,225.98979,0.81666666
2385,761,3,254.59134,0.6666666
2386,762,3,26.01476,0.8333333
2387,762,3,254.59134,0.6666666
2388,762,3,226.44658,0.81666666
2389,763,3,26.01476,0.8333333
2390,763,3,254.59134,0.6666666
2391,763,3,230.91112,0.81666666
2392,764,3,26.01476,0.8333333
2393,764,3,254.59134,0.6666666
2394,764,3,234.22908,0.81666666
2395,765,3,26.01476,0.8333333
2396,765,3,254.59134,0.6666666
2397,765,3,234.22908,0.81666666
2398,766,3,26.01476,0.8333333
2399,766,3,254.59134,0.6666666
2400,766,3,234.22908,0.81666666
2401,767,3,26.01476,0.8333333
2402,767,3,254.59134,0.6666666
2403,767,3,234.87088,0.81666666
2404,768,3,26.01476,0.8333333
2405,768,3,254.59134,0.6666666
2406,768,3,234.87088,0.81666666
2407,769,3,26.01476,0.8333333
2408,769,3,254.59134,0.6666666
2409,769,3,234.87088,0.81666666
2410,770,3,26.01476,0.8333333
2411,770,3,254.59134,0.6666666
2412,770,3,234.87088,0.81666666
2413,771,3,26.01476,0.8333333
2414,771,3,254.59134,0.6666666
2415,771,3,234.87088,0.81666666
2416,772,3,26.01476,0.8333333
2417,772,3,254.59134,0.6666666
2418,772,3,234.87088,0.81666666
2419,773,3,26.01476,0.8333333
2420,773,3,254.59134,0.6666666
2421,773,3,234.87088,0.81666666
2422,774,3,26.01476,0.8333333
2423,774,3,254.59134,0.6666666
2424,774,3,234.87088,0.81666666
2425,775,4,26.01476,0.8333333
2426,775,4,254.59134,0.6666666
2427,775,4,234.87088,0.81666666
2428,775,4,246.67152,0.79999995
2429,776,4,26.01476,0.8333333
2430,776,4,254.59134,0.6666666
2431,776,4,234.87088,0.81666666
2432,776,4,246.67152,0.79999995
2433,777,4,26.01476,0.8333333
2434,777,4,254.59134,0.6666666
2435,777,4,234.87088,0.81666666
2436,777,4,246.67152,0.79999995
2437,778,4,23.365679,0.8333333
2438,778,4,254.59134,0.6666666
2439,778,4,234.87088,0.81666666
2440,778,4,246.67152,0.79999995
2441,779,4,23.365679,0.8333333
2442,779,4,254.59134,0.6666666
2443,779,4,234.87088,0.81666666
2444,779,4,246.67152,0.79999995
2445,780,4,23.365679,0.8333333
2446,780,4,254.59134,0.6666666
2447,780,4,234.87088,0.81666666
2448,780,4,246.67152,0.79999995
2449,781,4,23.365679,0.8333333
2450,781,4,254.59134,0.6666666
2451,781,4,234.87088,0.81666666
2452,781,4,246.67152,0.79999995
2453,782,4,23.365679,0.8333333
2454,782,4,254.59134,0.6666666
2455,782,4,246.67152,0.79999995
2456,782,4,242.36302,0.81666666
2457,783,4,23.365679,0.8333333
2458,783,4,254.59134,0.6666666
2459,783,4,246.67152,0.79999995
2460,783,4,242.36302,0.81666666
2461,784,4,23.365679,0.8333333
2462,784,4,254.59134,0.6666666
2463,784,4,246.67152,0.79999995
2464,784,4,242.36302,0.81666666
2465,785,4,23.365679,0.8333333
2466,785,4,254.59134,0.6666666
2467,785,4,246.67152,0.79999995
2468,785,4,242.36302,0.81666666
2469,786,3,23.365679,0.8333333
2470,786,3,242.36302,0.81666666
2471,786,3,248.87343,0.79999995
2472,787,3,23.365679,0.8333333
2473,787,3,246.67152,0.79999995
2474,787,3,242.36302,0.81666666
2475,788,3,23.365679,0.8333333
2476,788,3,246.67152,0.79999995
2477,788,3,242.36302,0.81666666
2478,789,3,23.365679,0.8333333
2479,789,3,246.67152,0.79999995
2480,789,3,242.36302,0.81666666
2481,790,3,23.365679,0.8333333
2482,790,3,246.67152,0.79999995
2483,790,3,242.36302,0.81666666
2484,791,3,23.365679,0.8333333
2485,791,3,246.67152,0.79999995
2486,791,3,242.36302,0.81666666
2487,792,3,23.365679,0.8333333
2488,792,3,246.67152,0.79999995
2489,792,3,242.36302,0.81666666
2490,793,3,23.365679,0.8333333
2491,793,3,246.67152,0.79999995
2492,793,3,242.36302,0.81666666
2493,794,3,23.365679,0.8333333
2494,794,3,246.67152,0.79999995
2495,794,3,242.36302,0.81666666
2496,795,3,23.365679,0.8333333
2497,795,3,246.67152,0.79999995
2498,795,3,242.36302,0.81666666
2499,796,3,23.365679,0.8333333
2500,796,3,246.67152,0.79999995
2501,796,3,242.36302,0.81666666
2502,797,3,242.36302,0.81666666
2503,797,3,22.6655,0.8333333
2504,797,3,247.84787,0.79999995
2505,798,3,22.6655,0.8333333
2506,798,3,247.84787,0.79999995
2507,798,3,246.87695,0.81666666
2508,799,3,22.6655,0.8333333
2509,799,3,247.84787,0.79999995
2510,799,3,246.87695,0.81666666
2511,800,3,22.6655,0.8333333
2512,800,3,247.84787,0.79999995
2513,800,3,246.87695,0.81666666
2514,801,3,22.6655,0.8333333
2515,801,3,247.84787,0.79999995
2516,801,3,246.87695,0.81666666
2517,802,3,22.6655,0.8333333
2518,802,3,247.84787,0.79999995
2519,802,3,246.87695,0.81666666
2520,803,3,22.6655,0.8333333
2521,803,3,247.84787,0.79999995
2522,803,3,246.87695,0.81666666
2523,804,3,22.6655,0.8333333
2524,804,3,247.84787,0.79999995
2525,804,3,246.87695,0.81666666
2526,805,3,22.6655,0.8333333
2527,805,3,247.84787,0.79999995
2528,805,3,246.87695,0.81666666
2529,806,3,22.6655,0.8333333
2530,806,3,247.84787,0.79999995
2531,806,3,246.87695,0.81666666
2532,807,3,22.6655,0.8333333
2533,807,3,247.84787,0.79999995
2534,807,3,246.87695,0.81666666
2535,808,3,22.6655,0.8333333
2536,808,3,247.84787,0.79999995
2537,808,3,246.87695,0.81666666
2538,809,3,22.6655,0.8333333
2539,809,3,247.84787,0.79999995
2540,809,3,246.87695,0.81666666
2541,810,3,247.84787,0.79999995
2542,810,3,21.824999,0.8333333
2543,810,3,246.87695,0.81666666
2544,811,2,21.824999,0.8333333
2545,811,2,246.87695,0.81666666
2546,812,2,242.36302,0.81666666
2547,812,2,21.824999,0.8333333
2548,813,2,242.36302,0.81666666
2549,813,2,21.824999,0.8333333
2550,814,2,21.824999,0.8333333
2551,814,2,239.65263,0.81666666
2552,815,2,239.65263,0.81666666
2553,815,2,24.984724,0.8333333
2554,816,2,237.1315,0.81666666
2555,816,2,24.984724,0.8333333
2556,817,2,237.1315,0.81666666
2557,817,2,24.984724,0.8333333
2558,818,2,236.59445,0.81666666
2559,818,2,24.984724,0.8333333
2560,819,2,236.59445,0.81666666
2561,819,2,24.984724,0.8333333
2562,820,2,236.59445,0.81666666
2563,820,2,24.984724,0.8333333
2564,821,2,24.984724,0.8333333
2565,821,2,239.55661,0.81666666
2566,822,2,236.59445,0.81666666
2567,822,2,24.984724,0.8333333
2568,823,2,24.984724,0.8333333
2569,823,2,235.22467,0.81666666
2570,824,2,24.984724,0.8333333
2571,824,2,235.22467,0.81666666
2572,825,2,24.984724,0.8333333
2573,825,2,235.22467,0.81666666
2574,826,2,24.984724,0.8333333
2575,826,2,235.22467,0.81666666
2576,827,2,24.984724,0.8333333
2577,827,2,235.55513,0.81666666
2578,828,2,235.55513,0.81666666
2579,828,2,24.941723,0.8333333
2580,829,2,235.55513,0.81666666
2581,829,2,24.941723,0.8333333
2582,830,2,235.22467,0.81666666
2583,830,2,22.679909,0.8333333
2584,831,2,232.12135,0.81666666
2585,831,2,22.679909,0.8333333
2586,832,2,22.679909,0.8333333
2587,832,2,231.1313,0.81666666
2588,833,2,22.679909,0.8333333
2589,833,2,231.35416,0.81666666
2590,834,2,22.679909,0.8333333
2591,834,2,231.35416,0.81666666
2592,835,2,228.76387,0.81666666
2593,835,2,22.679909,0.8333333
2594,836,2,22.679909,0.8333333
2595,836,2,228.17712,0.81666666
2596,837,2,22.679909,0.8333333
2597,837,2,238.50795,0.81666666
2598,838,2,22.679909,0.8333333
2599,838,2,229.16174,0.81666666
2600,839,2,22.679909,0.8333333
2601,839,2,229.16174,0.81666666
2602,840,2,22.679909,0.8333333
2603,840,2,228.17712,0.81666666
2604,841,2,22.679909,0.8333333
2605,841,2,228.17712,0.81666666
2606,842,2,22.679909,0.8333333
2607,842,2,224.99571,0.81666666
2608,843,2,22.679909,0.8333333
2609,843,2,224.99571,0.81666666
2610,844,2,22.679909,0.8333333
2611,844,2,246.22847,0.81666666
2612,845,2,22.679909,0.8333333
2613,845,2,246.22847,0.81666666
2614,846,2,22.679909,0.8333333
2615,846,2,242.81525,0.81666666
2616,847,2,231.84056,0.81666666
2617,847,2,22.58962,0.8333333
2618,848,2,229.788,0.81666666
2619,848,2,22.58962,0.8333333
2620,849,2,227.38353,0.81666666
2621,849,2,22.58962,0.8333333
2622,850,2,227.38353,0.81666666
2623,850,2,22.58962,0.8333333
2624,851,2,22.58962,0.8333333
2625,851,2,233.6912,0.81666666
2626,852,2,22.58962,0.8333333
2627,852,2,235.16539,0.81666666
2628,853,2,22.58962,0.8333333
2629,853,2,235.16539,0.81666666
2630,854,2,22.58962,0.8333333
2631,854,2,235.16539,0.81666666
2632,855,2,22.58962,0.8333333
2633,855,2,235.16539,0.81666666
2634,856,2,22.58962,0.8333333
2635,856,2,235.16539,0.81666666
2636,857,2,22.58962,0.8333333
2637,857,2,235.16539,0.81666666
2638,858,2,22.58962,0.8333333
2639,858,2,237.48253,0.81666666
2640,859,2,22.58962,0.8333333
2641,859,2,235.16539,0.81666666
2642,860,2,233.6912,0.81666666
2643,860,2,23.59249,0.8333333
2644,861,2,233.6912,0.81666666
2645,861,2,23.59249,0.8333333
2646,862,2,22.58962,0.8333333
2647,862,2,234.59229,0.81666666
2648,863,2,22.58962,0.8333333
2649,863,2,230.68729,0.81666666
2650,864,2,22.58962,0.8333333
2651,864,2,230.68729,0.81666666
2652,865,2,22.58962,0.8333333
2653,865,2,228.4885,0.81666666
2654,866,2,22.58962,0.8333333
2655,866,2,228.4885,0.81666666
2656,867,2,22.58962,0.8333333
2657,867,2,236.6834,0.81666666
2658,868,2,22.58962,0.8333333
2659,868,2,233.31754,0.81666666
2660,869,2,24.054228,0.8333333
2661,869,2,240.63766,0.81666666
2662,870,2,233.31754,0.81666666
2663,870,2,24.054228,0.8333333
2664,871,2,22.58962,0.8333333
2665,871,2,233.31754,0.81666666
2666,872,2,21.528488,0.8333333
2667,872,2,232.0698,0.81666666
2668,873,2,228.4885,0.81666666
2669,873,2,27.982405,0.8333333
2670,874,2,27.982405,0.8333333
2671,874,2,233.0767,0.81666666
2672,875,2,27.982405,0.8333333
2673,875,2,236.70447,0.81666666
2674,876,2,27.982405,0.8333333
2675,876,2,240.92065,0.81666666
2676,877,2,27.982405,0.8333333
2677,877,2,236.70447,0.81666666
2678,878,2,27.982405,0.8333333
2679,878,2,245.11519,0.81666666
2680,879,2,27.982405,0.8333333
2681,879,2,245.11519,0.81666666
2682,880,2,27.982405,0.8333333
2683,880,2,245.11519,0.81666666
2684,881,2,27.982405,0.8333333
2685,881,2,245.11519,0.81666666
2686,882,2,27.982405,0.8333333
2687,882,2,241.72345,0.81666666
2688,883,2,27.982405,0.8333333
2689,883,2,241.72345,0.81666666
2690,884,2,27.982405,0.8333333
2691,884,2,240.23468,0.81666666
2692,885,2,27.982405,0.8333333
2693,885,2,240.23468,0.81666666
2694,886,2,27.982405,0.8333333
2695,886,2,237.46382,0.81666666
2696,887,2,27.982405,0.8333333
2697,887,2,236.06796,0.81666666
2698,888,2,27.982405,0.8333333
2699,888,2,234.72319,0.81666666
2700,889,2,27.982405,0.8333333
2701,889,2,234.9384,0.81666666
2702,890,2,27.982405,0.8333333
2703,890,2,244.07393,0.81666666
2704,891,2,27.982405,0.8333333
2705,891,2,241.52895,0.81666666
2706,892,2,27.982405,0.8333333
2707,892,2,237.22205,0.81666666
2708,893,2,27.982405,0.8333333
2709,893,2,234.46217,0.81666666
2710,894,2,27.982405,0.8333333
2711,894,2,236.77193,0.81666666
2712,895,2,27.982405,0.8333333
2713,895,2,242.73022,0.81666666
2714,896,2,27.982405,0.8333333
2715,896,2,236.77193,0.81666666
2716,897,2,27.982405,0.8333333
2717,897,2,236.77193,0.81666666
2718,898,2,27.982405,0.8333333
2719,898,2,236.77193,0.81666666
2720,899,2,27.982405,0.8333333
2721,899,2,234.46217,0.81666666
2722,900,2,27.982405,0.8333333
2723,900,2,234.46217,0.81666666
2724,901,2,27.982405,0.8333333
2725,901,2,234.46217,0.81666666
2726,902,2,27.982405,0.8333333
2727,902,2,237.30075,0.81666666
2728,903,2,27.982405,0.8333333
2729,903,2,237.30075,0.81666666
2730,904,2,27.982405,0.8333333
2731,904,2,237.30075,0.81666666
2732,905,2,27.982405,0.8333333
2733,905,2,237.30075,0.81666666
2734,906,2,27.982405,0.8333333
2735,906,2,237.30075,0.81666666
2736,907,2,27.982405,0.8333333
2737,907,2,237.30075,0.81666666
2738,908,2,27.982405,0.8333333
2739,908,2,237.30075,0.81666666
2740,909,2,27.982405,0.8333333
2741,909,2,234.46217,0.81666666
2742,910,2,27.982405,0.8333333
2743,910,2,234.46217,0.81666666
2744,911,2,27.982405,0.8333333
2745,911,2,234.46217,0.81666666
2746,912,2,27.982405,0.8333333
2747,912,2,243.76892,0.81666666
2748,913,2,27.982405,0.8333333
2749,913,2,241.76324,0.81666666
2750,914,2,27.982405,0.8333333
2751,914,2,240.11653,0.81666666
2752,915,2,27.982405,0.8333333
2753,915,2,240.11653,0.81666666
2754,916,2,27.982405,0.8333333
2755,916,2,236.42845,0.81666666
2756,917,2,27.982405,0.8333333
2757,917,2,234.5795,0.81666666
2758,918,2,27.982405,0.8333333
2759,918,2,234.5795,0.81666666
2760,919,2,27.982405,0.8333333
2761,919,2,232.7631,0.81666666
2762,920,2,27.982405,0.8333333
2763,920,2,230.33957,0.81666666
2764,921,2,27.982405,0.8333333
2765,921,2,230.33957,0.81666666
2766,922,2,27.982405,0.8333333
2767,922,2,238.03589,0.81666666
2768,923,2,27.982405,0.8333333
2769,923,2,231.2117,0.81666666
2770,924,2,27.982405,0.8333333
2771,924,2,231.2117,0.81666666
2772,925,2,27.982405,0.8333333
2773,925,2,230.33957,0.81666666
2774,926,2,27.982405,0.8333333
2775,926,2,230.33957,0.81666666
2776,927,2,27.982405,0.8333333
2777,927,2,230.33957,0.81666666
2778,928,2,27.982405,0.8333333
2779,928,2,237.64764,0.81666666
2780,929,2,27.982405,0.8333333
2781,929,2,231.8414,0.81666666
2782,930,2,27.982405,0.8333333
2783,930,2,231.8414,0.81666666
2784,931,2,27.982405,0.8333333
2785,931,2,232.76215,0.81666666
2786,932,2,27.982405,0.8333333
2787,932,2,232.76215,0.81666666
2788,933,2,27.982405,0.8333333
2789,933,2,232.76215,0.81666666
2790,934,2,27.982405,0.8333333
2791,934,2,232.76215,0.81666666
2792,935,3,27.982405,0.8333333
2793,935,3,232.76215,0.81666666
2794,935,3,236.49843,0.71666664
2795,936,3,27.982405,0.8333333
2796,936,3,232.76215,0.81666666
2797,936,3,234.26974,0.79999995
2798,937,3,27.982405,0.8333333
2799,937,3,232.76215,0.81666666
2800,937,3,234.26974,0.79999995
2801,938,3,27.982405,0.8333333
2802,938,3,232.76215,0.81666666
2803,938,3,234.26974,0.79999995
2804,939,3,27.982405,0.8333333
2805,939,3,231.8414,0.81666666
2806,939,3,234.26974,0.79999995
2807,940,3,27.982405,0.8333333
2808,940,3,231.8414,0.81666666
2809,940,3,234.26974,0.79999995
2810,941,2,27.982405,0.8333333
2811,941,2,231.8414,0.81666666
2812,942,2,27.982405,0.8333333
2813,942,2,240.56999,0.81666666
2814,943,2,27.982405,0.8333333
2815,943,2,240.56999,0.81666666
2816,944,2,27.982405,0.8333333
2817,944,2,240.56999,0.81666666
2818,945,2,27.982405,0.8333333
2819,945,2,236.78366,0.81666666
2820,946,2,27.982405,0.8333333
2821,946,2,232.03879,0.81666666
2822,947,2,27.982405,0.8333333
2823,947,2,230.03009,0.81666666
2824,948,2,27.982405,0.8333333
2825,948,2,230.03009,0.81666666
2826,949,2,27.982405,0.8333333
2827,949,2,230.03009,0.81666666
2828,950,2,27.982405,0.8333333
2829,950,2,230.03009,0.81666666
2830,951,2,27.982405,0.8333333
2831,951,2,223.10916,0.81666666
2832,952,2,27.982405,0.8333333
2833,952,2,236.58325,0.81666666
2834,953,2,27.982405,0.8333333
2835,953,2,231.86491,0.81666666
2836,954,2,27.982405,0.8333333
2837,954,2,231.4069,0.81666666
2838,955,2,27.982405,0.8333333
2839,955,2,231.4069,0.81666666
2840,956,2,27.982405,0.8333333
2841,956,2,227.23605,0.81666666
2842,957,2,27.982405,0.8333333
2843,957,2,231.10884,0.81666666
2844,958,2,27.982405,0.8333333
2845,958,2,231.43571,0.81666666
2846,959,2,27.982405,0.8333333
2847,959,2,231.43571,0.81666666
2848,960,2,27.982405,0.8333333
2849,960,2,231.43571,0.81666666
2850,961,2,27.982405,0.8333333
2851,961,2,240.38298,0.81666666
2852,962,2,27.982405,0.8333333
2853,962,2,240.38298,0.81666666
2854,963,2,27.982405,0.8333333
2855,963,2,240.38298,0.81666666
2856,964,2,27.982405,0.8333333
2857,964,2,240.38298,0.81666666
2858,965,2,27.982405,0.8333333
2859,965,2,238.62582,0.81666666
2860,966,2,27.982405,0.8333333
2861,966,2,231.62122,0.81666666
2862,967,2,27.982405,0.8333333
2863,967,2,229.20247,0.81666666
2864,968,2,27.982405,0.8333333
2865,968,2,230.04567,0.81666666
2866,969,2,27.982405,0.8333333
2867,969,2,239.91806,0.81666666
2868,970,2,27.982405,0.8333333
2869,970,2,239.91806,0.81666666
2870,971,2,27.982405,0.8333333
2871,971,2,239.91806,0.81666666
2872,972,2,27.982405,0.8333333
2873,972,2,239.91806,0.81666666
2874,973,2,27.982405,0.8333333
2875,973,2,239.91806,0.81666666
2876,974,2,27.982405,0.8333333
2877,974,2,238.3646,0.81666666
2878,975,2,27.982405,0.8333333
2879,975,2,232.01624,0.81666666
2880,976,2,27.982405,0.8333333
2881,976,2,230.04567,0.81666666
2882,977,2,27.982405,0.8333333
2883,977,2,227.54012,0.81666666
2884,978,2,27.982405,0.8333333
2885,978,2,229.2054,0.81666666
2886,979,2,27.982405,0.8333333
2887,979,2,227.23605,0.81666666
2888,980,2,27.982405,0.8333333
2889,980,2,227.23605,0.81666666
2890,981,2,27.982405,0.8333333
2891,981,2,227.23605,0.81666666
2892,982,2,27.982405,0.8333333
2893,982,2,246.77968,0.81666666
2894,983,2,27.982405,0.8333333
2895,983,2,228.10017,0.81666666
2896,984,2,27.982405,0.8333333
2897,984,2,227.23605,0.81666666
2898,985,2,27.982405,0.8333333
2899,985,2,227.23605,0.81666666
2900,986,2,27.982405,0.8333333
2901,986,2,224.95418,0.81666666
2902,987,2,27.982405,0.8333333
2903,987,2,225.6915,0.81666666
2904,988,2,27.982405,0.8333333
2905,988,2,225.6915,0.81666666
2906,989,2,27.982405,0.8333333
2907,989,2,225.6915,0.81666666
2908,990,2,27.982405,0.8333333
2909,990,2,225.6915,0.81666666
2910,991,2,27.982405,0.8333333
2911,991,2,225.6915,0.81666666
2912,992,2,27.982405,0.8333333
2913,992,2,235.02826,0.81666666
2914,993,2,27.982405,0.8333333
2915,993,2,225.6915,0.81666666
2916,994,2,27.982405,0.8333333
2917,994,2,225.6915,0.81666666
2918,995,2,27.982405,0.8333333
2919,995,2,225.6915,0.81666666
2920,996,2,27.982405,0.8333333
2921,996,2,225.6915,0.81666666
2922,997,2,27.982405,0.8333333
2923,997,2,233.86841,0.81666666
2924,998,2,27.982405,0.8333333
2925,998,2,231.57625,0.81666666
2926,999,2,27.982405,0.8333333
2927,999,2,231.57625,0.81666666
