healthy,ctrl,forward,cumulative
0.0,-0.20697727799415588,-0.3807688355445862,6375.9165
0.0,-0.31028762459754944,0.10680826008319855,6375.9165
0.0,-0.32992279529571533,-0.357828289270401,6375.9165
0.0,-0.31703507900238037,0.3551429510116577,6375.9165
0.0,-0.346307635307312,0.455344557762146,6375.9165
0.0,-0.3243052661418915,0.6179506182670593,6375.9165
0.0,-0.3270438015460968,1.548110842704773,6375.9165
0.0,-0.3593135476112366,0.781973123550415,6375.9165
0.0,-0.3539681136608124,1.1587491035461426,6375.9165
0.0,-0.3465822637081146,1.982243299484253,6375.9165
0.0,-0.34894120693206787,2.680884599685669,6375.9165
0.0,-0.3496675193309784,2.8617210388183594,6375.9165
0.0,-0.34986254572868347,2.9091763496398926,6375.9165
0.0,-0.34983718395233154,2.7404654026031494,6375.9165
0.0,-0.34963756799697876,2.8767383098602295,6375.9165
0.0,-0.3491445779800415,3.296797275543213,6375.9165
0.0,-0.34965643286705017,4.052977561950684,6375.9165
0.0,-0.34845539927482605,4.806716442108154,6375.9165
0.0,-0.3482286036014557,5.270638465881348,6375.9165
0.0,-0.35798975825309753,5.533325672149658,6375.9165
0.0,-0.3549540042877197,5.675702095031738,6375.9165
0.0,-0.3478328287601471,6.06480598449707,6375.9165
0.0,-0.35788393020629883,5.932908058166504,6375.9165
0.0,-0.3533998131752014,5.940117835998535,6375.9165
0.0,-0.3517278730869293,6.336641311645508,6375.9165
0.0,-0.35593292117118835,6.841692924499512,6375.9165
0.0,-0.34854045510292053,7.053346633911133,6375.9165
0.0,-0.3609651029109955,7.074260711669922,6375.9165
0.0,-0.33726364374160767,7.379884719848633,6375.9165
0.0,-0.34866783022880554,7.590236663818359,6375.9165
0.0,-0.35821038484573364,7.324542999267578,6375.9165
0.0,-0.345407098531723,7.425041198730469,6375.9165
0.0,-0.3524791896343231,7.487459182739258,6375.9165
0.0,-0.3527836501598358,7.715911865234375,6375.9165
0.0,-0.34707123041152954,7.938785552978516,6375.9165
0.0,-0.33826765418052673,8.683795928955078,6375.9165
0.0,-0.3532557785511017,8.051347732543945,6375.9165
0.0,-0.34572744369506836,8.06549072265625,6375.9165
0.0,-0.35289689898490906,7.783088684082031,6375.9165
0.0,-0.3334047794342041,8.800010681152344,6375.9165
0.0,-0.3590306341648102,7.779121398925781,6375.9165
0.0,-0.3571550250053406,8.275508880615234,6375.9165
0.0,-0.35439810156822205,8.217010498046875,6375.9165
0.0,-0.3379097878932953,8.457088470458984,6375.9165
0.0,-0.3568701446056366,8.118400573730469,6375.9165
0.0,-0.35334131121635437,7.713871002197266,6375.9165
0.0,-0.341081827878952,8.580493927001953,6375.9165
0.0,-0.3453538417816162,7.498683929443359,6375.9165
0.0,-0.3724280893802643,7.110500335693359,6375.9165
0.0,-0.29195207357406616,7.921581268310547,6375.9165
0.0,-0.3532625734806061,7.224407196044922,6375.9165
0.0,-0.33899882435798645,7.544364929199219,6375.9165
0.0,-0.33163371682167053,7.492561340332031,6375.9165
0.0,-0.3410249352455139,6.386852264404297,6375.9165
0.0,-0.34792688488960266,6.494483947753906,6375.9165
0.0,-0.3474484086036682,6.915931701660156,6375.9165
0.0,-0.315537691116333,6.806602478027344,6375.9165
0.0,-0.3339991569519043,7.0612335205078125,6375.9165
0.0,-0.36077266931533813,6.566200256347656,6375.9165
0.0,-0.3506348133087158,7.650146484375,6375.9165
0.0,-0.35638922452926636,7.59552001953125,6375.9165
0.0,-0.3536407947540283,7.426567077636719,6375.9165
0.0,-0.3610517680644989,6.4659881591796875,6375.9165
0.0,-0.3512715995311737,6.949043273925781,6375.9165
0.0,-0.3441306948661804,7.201995849609375,6375.9165
0.0,-0.36990824341773987,6.953544616699219,6375.9165
0.0,-0.3449414372444153,7.7452850341796875,6375.9165
0.0,-0.35755452513694763,7.295570373535156,6375.9165
0.0,-0.3505811095237732,8.046684265136719,6375.9165
0.0,-0.3503855764865875,8.009033203125,6375.9165
0.0,-0.35275766253471375,8.496360778808594,6375.9165
0.0,-0.35124802589416504,8.395919799804688,6375.9165
0.0,-0.3589761257171631,8.795051574707031,6375.9165
0.0,-0.36036938428878784,8.670654296875,6375.9165
0.0,-0.35052818059921265,8.943710327148438,6375.9165
0.0,-0.349172443151474,9.512176513671875,6375.9165
0.0,-0.36135774850845337,8.861732482910156,6375.9165
0.0,-0.3474787175655365,9.231605529785156,6375.9165
0.0,-0.35392820835113525,8.410263061523438,6375.9165
0.0,-0.3624224066734314,7.980690002441406,6375.9165
0.0,-0.3229999244213104,7.844886779785156,6375.9165
0.0,-0.35647138953208923,6.740608215332031,6375.9165
0.0,-0.30230945348739624,7.218971252441406,6375.9165
0.0,-0.32188859581947327,6.983146667480469,6375.9165
0.0,-0.3018980324268341,7.83172607421875,6375.9165
0.0,-0.3457966446876526,6.9284820556640625,6375.9165
0.0,-0.35740581154823303,7.01507568359375,6375.9165
0.0,-0.30968135595321655,7.138404846191406,6375.9165
0.0,-0.36849889159202576,7.1834564208984375,6375.9165
0.0,-0.3537446856498718,6.3714599609375,6375.9165
0.0,-0.3396162688732147,6.6478729248046875,6375.9165
0.0,-0.3563094735145569,6.547355651855469,6375.9165
0.0,-0.34739789366722107,6.6167449951171875,6375.9165
0.0,-0.3416987657546997,6.874122619628906,6375.9165
0.0,-0.3523029088973999,7.276954650878906,6375.9165
0.0,-0.34943222999572754,7.6773834228515625,6375.9165
0.0,-0.3598836362361908,7.5057220458984375,6375.9165
0.0,-0.35224443674087524,8.260154724121094,6375.9165
0.0,-0.35624533891677856,8.190155029296875,6375.9165
0.0,-0.3473100960254669,8.561592102050781,6375.9165
0.0,-0.3519223630428314,8.617095947265625,6375.9165
0.0,-0.3678572475910187,8.490753173828125,6375.9165
0.0,-0.3541950285434723,8.462142944335938,6375.9165
0.0,-0.343471884727478,8.37799072265625,6375.9165
0.0,-0.3517354428768158,8.410186767578125,6375.9165
0.0,-0.36068159341812134,8.2012939453125,6375.9165
0.0,-0.3500182032585144,8.246994018554688,6375.9165
0.0,-0.35377323627471924,7.9781341552734375,6375.9165
0.0,-0.3543962836265564,8.153152465820312,6375.9165
0.0,-0.3838716149330139,6.710662841796875,6375.9165
0.0,-0.3364730775356293,7.3519134521484375,6375.9165
0.0,-0.34153470396995544,7.33642578125,6375.9165
0.0,-0.36172255873680115,6.9715118408203125,6375.9165
0.0,-0.3537926971912384,7.5077056884765625,6375.9165
0.0,-0.3533148169517517,6.7910003662109375,6375.9165
0.0,-0.35421860218048096,7.3015594482421875,6375.9165
0.0,-0.3449687957763672,7.1752166748046875,6375.9165
0.0,-0.3850994408130646,6.2352752685546875,6375.9165
0.0,-0.36615505814552307,5.692901611328125,6375.9165
0.0,-0.346225768327713,6.28173828125,6375.9165
0.0,-0.3584541976451874,6.0881805419921875,6375.9165
0.0,-0.34911635518074036,6.3681793212890625,6375.9165
0.0,-0.3668127954006195,5.722198486328125,6375.9165
0.0,-0.33831164240837097,6.2621307373046875,6375.9165
0.0,-0.3562578558921814,5.9412384033203125,6375.9165
0.0,-0.35351404547691345,5.6858062744140625,6375.9165
0.0,-0.34575575590133667,5.886077880859375,6375.9165
0.0,-0.3759865164756775,5.1021575927734375,6375.9165
0.0,-0.3441300392150879,5.6296539306640625,6375.9165
0.0,-0.35428380966186523,5.3891754150390625,6375.9165
0.0,-0.3453512191772461,5.750274658203125,6375.9165
0.0,-0.3528788983821869,5.3680419921875,6375.9165
0.0,-0.3524082601070404,5.72967529296875,6375.9165
0.0,-0.3536878526210785,5.2880096435546875,6375.9165
0.0,-0.33778274059295654,6.0660552978515625,6375.9165
0.0,-0.34418100118637085,6.511077880859375,6375.9165
0.0,-0.35138940811157227,6.485595703125,6375.9165
0.0,-0.34908387064933777,6.3819122314453125,6375.9165
0.0,-0.3476996421813965,6.45751953125,6375.9165
0.0,-0.3541915714740753,6.866607666015625,6375.9165
0.0,-0.353328675031662,6.8001556396484375,6375.9165
0.0,-0.3483991324901581,7.617340087890625,6375.9165
0.0,-0.3579206168651581,7.69287109375,6375.9165
0.0,-0.35071656107902527,8.418960571289062,6375.9165
0.0,-0.35370564460754395,8.375320434570312,6375.9165
0.0,-0.3395784795284271,9.162139892578125,6375.9165
0.0,-0.36018165946006775,8.985061645507812,6375.9165
0.0,-0.3515901267528534,9.664077758789062,6375.9165
0.0,-0.3536287844181061,9.496688842773438,6375.9165
0.0,-0.3514508605003357,9.354705810546875,6375.9165
0.0,-0.3505275845527649,9.062576293945312,6375.9165
0.0,-0.3436090648174286,9.597702026367188,6375.9165
0.0,-0.3131061792373657,9.411697387695312,6375.9165
0.0,-0.37187376618385315,9.741744995117188,6375.9165
0.0,-0.3354894518852234,9.989089965820312,6375.9165
0.0,-0.36048802733421326,9.061813354492188,6375.9165
0.0,-0.3517698347568512,9.703521728515625,6375.9165
0.0,-0.35182178020477295,8.071365356445312,6375.9165
0.0,-0.36052629351615906,8.25164794921875,6375.9165
0.0,-0.34763193130493164,8.310928344726562,6375.9165
0.0,-0.3434971570968628,7.7713775634765625,6375.9165
0.0,-0.3276674449443817,7.3430633544921875,6375.9165
0.0,-0.3533197045326233,6.8123626708984375,6375.9165
0.0,-0.32015034556388855,7.2077178955078125,6375.9165
0.0,-0.33958208560943604,7.598114013671875,6375.9165
0.0,-0.3748182952404022,7.08038330078125,6375.9165
0.0,-0.3326945900917053,8.214569091796875,6375.9165
0.0,-0.3528444766998291,8.226547241210938,6375.9165
0.0,-0.3559292256832123,8.2904052734375,6375.9165
0.0,-0.35055607557296753,8.544540405273438,6375.9165
0.0,-0.3532516360282898,8.155288696289062,6375.9165
0.0,-0.35459476709365845,8.50982666015625,6375.9165
0.0,-0.3584795594215393,8.762664794921875,6375.9165
0.0,-0.3852982223033905,7.9828643798828125,6375.9165
0.0,-0.34574607014656067,8.153762817382812,6375.9165
0.0,-0.3584451973438263,7.956695556640625,6375.9165
0.0,-0.31569012999534607,8.120040893554688,6375.9165
0.0,-0.3575117290019989,7.8404998779296875,6375.9165
0.0,-0.34795984625816345,7.510986328125,6375.9165
0.0,-0.35184845328330994,7.700958251953125,6375.9165
0.0,-0.351131409406662,7.27630615234375,6375.9165
0.0,-0.36310356855392456,7.736053466796875,6375.9165
0.0,-0.37853747606277466,6.610107421875,6375.9165
0.0,-0.3624907433986664,6.2841796875,6375.9165
0.0,-0.3416331708431244,5.9560394287109375,6375.9165
0.0,-0.3399662673473358,5.23529052734375,6375.9165
0.0,-0.3543945252895355,6.27227783203125,6375.9165
0.0,-0.31679317355155945,5.8489990234375,6375.9165
0.0,-0.3016683757305145,6.360015869140625,6375.9165
0.0,-0.3750651776790619,5.70220947265625,6375.9165
0.0,-0.34223872423171997,6.081695556640625,6375.9165
0.0,-0.34933194518089294,5.144805908203125,6375.9165
0.0,-0.3641703128814697,4.987030029296875,6375.9165
0.0,-0.3346404433250427,4.47509765625,6375.9165
0.0,-0.3725488483905792,4.64996337890625,6375.9165
0.0,-0.3003547191619873,4.53460693359375,6375.9165
0.0,-0.3071325719356537,4.520416259765625,6375.9165
0.0,-0.3567008972167969,4.495849609375,6375.9165
0.0,-0.3569805324077606,4.698486328125,6375.9165
0.0,-0.34131431579589844,4.48455810546875,6375.9165
0.0,-0.3475778102874756,3.828582763671875,6375.9165
0.0,-0.3555939793586731,3.31878662109375,6375.9165
0.0,-0.3487095534801483,3.47137451171875,6375.9165
0.0,-0.35223814845085144,3.262786865234375,6375.9165
0.0,-0.3477192223072052,3.107452392578125,6375.9165
0.0,-0.3219105899333954,3.2904052734375,6375.9165
0.0,-0.3013688325881958,2.96600341796875,6375.9165
0.0,-0.2919307053089142,2.222137451171875,6375.9165
0.0,-0.22839418053627014,2.67303466796875,6375.9165
0.0,-0.2879490852355957,2.889404296875,6375.9165
0.0,-0.35644152760505676,2.213592529296875,6375.9165
0.0,-0.35392969846725464,2.44476318359375,6375.9165
0.0,-0.3517601191997528,2.490234375,6375.9165
0.0,-0.3570857644081116,2.299957275390625,6375.9165
0.0,-0.3519291579723358,2.521514892578125,6375.9165
0.0,-0.3490954041481018,2.925872802734375,6375.9165
0.0,-0.3566194772720337,2.893218994140625,6375.9165
0.0,-0.35397157073020935,2.886962890625,6375.9165
0.0,-0.3524274528026581,3.25897216796875,6375.9165
0.0,-0.3104463219642639,3.630523681640625,6375.9165
0.0,-0.35961419343948364,3.55438232421875,6375.9165
0.0,-0.3604550063610077,3.7945556640625,6375.9165
0.0,-0.3528021574020386,3.708343505859375,6375.9165
0.0,-0.3483688533306122,3.68011474609375,6375.9165
0.0,-0.35300546884536743,4.051971435546875,6375.9165
0.0,-0.35601022839546204,3.93280029296875,6375.9165
0.0,-0.34968626499176025,4.265289306640625,6375.9165
0.0,-0.34783443808555603,4.58953857421875,6375.9165
0.0,-0.3524995744228363,4.96337890625,6375.9165
0.0,-0.35119888186454773,5.153961181640625,6375.9165
0.0,-0.3401031792163849,5.45684814453125,6375.9165
0.0,-0.3487992286682129,5.9503173828125,6375.9165
0.0,-0.353105366230011,6.197509765625,6375.9165
0.0,-0.35495051741600037,6.477203369140625,6375.9165
0.0,-0.34935981035232544,6.478271484375,6375.9165
0.0,-0.35030320286750793,6.188507080078125,6375.9165
0.0,-0.3513304889202118,6.0711669921875,6375.9165
0.0,-0.3525882959365845,6.065673828125,6375.9165
0.0,-0.34960100054740906,6.632843017578125,6375.9165
0.0,-0.3549334406852722,6.8701171875,6375.9165
0.0,-0.3527216911315918,6.546478271484375,6375.9165
0.0,-0.3529563844203949,6.343994140625,6375.9165
0.0,-0.3513345420360565,6.641693115234375,6375.9165
0.0,-0.34985074400901794,6.9915771484375,6375.9165
0.0,-0.35203805565834045,7.352294921875,6375.9165
0.0,-0.34474366903305054,7.73529052734375,6375.9165
0.0,-0.3569009602069855,7.586669921875,6375.9165
0.0,-0.34833022952079773,8.06488037109375,6375.9165
0.0,-0.3515818417072296,7.59521484375,6375.9165
0.0,-0.3690551221370697,7.441558837890625,6375.9165
0.0,-0.3490768373012543,7.826995849609375,6375.9165
0.0,-0.3568176329135895,6.944580078125,6375.9165
0.0,-0.34905192255973816,7.508392333984375,6375.9165
0.0,-0.35411080718040466,7.3602294921875,6375.9165
0.0,-0.3593152165412903,7.5579833984375,6375.9165
0.0,-0.3628304600715637,5.791015625,6375.9165
0.0,-0.35105985403060913,6.203155517578125,6375.9165
0.0,-0.34734222292900085,6.17828369140625,6375.9165
0.0,-0.3497791588306427,6.239166259765625,6375.9165
0.0,-0.3536379039287567,6.407012939453125,6375.9165
0.0,-0.35960352420806885,5.73150634765625,6375.9165
0.0,-0.3402363359928131,6.039886474609375,6375.9165
0.0,-0.3522665202617645,6.118011474609375,6375.9165
0.0,-0.3214758336544037,6.37298583984375,6375.9165
0.0,-0.34811246395111084,5.7855224609375,6375.9165
0.0,-0.35644903779029846,5.288848876953125,6375.9165
0.0,-0.34758976101875305,4.984893798828125,6375.9165
0.0,-0.36391720175743103,4.881744384765625,6375.9165
0.0,-0.35026228427886963,5.534820556640625,6375.9165
0.0,-0.3498637080192566,5.35003662109375,6375.9165
0.0,-0.35156548023223877,5.520782470703125,6375.9165
0.0,-0.35031285881996155,5.77911376953125,6375.9165
0.0,-0.35025715827941895,6.07391357421875,6375.9165
0.0,-0.3489826023578644,6.407623291015625,6375.9165
0.0,-0.3503972291946411,7.04681396484375,6375.9165
0.0,-0.3518379032611847,7.433624267578125,6375.9165
0.0,-0.34814977645874023,7.89276123046875,6375.9165
0.0,-0.35482192039489746,7.944183349609375,6375.9165
0.0,-0.35110923647880554,8.727569580078125,6375.9165
0.0,-0.35449323058128357,8.61968994140625,6375.9165
0.0,-0.3500654697418213,8.65814208984375,6375.9165
0.0,-0.3522152602672577,8.425445556640625,6375.9165
0.0,-0.3515934944152832,7.92022705078125,6375.9165
0.0,-0.3635525703430176,7.145538330078125,6375.9165
0.0,-0.3608597218990326,6.814117431640625,6375.9165
0.0,-0.34951862692832947,6.566009521484375,6375.9165
0.0,-0.3556114137172699,6.78680419921875,6375.9165
0.0,-0.3495107889175415,6.617889404296875,6375.9165
0.0,-0.36260733008384705,6.190948486328125,6375.9165
0.0,-0.34068554639816284,6.4471435546875,6375.9165
0.0,-0.3527193069458008,6.349029541015625,6375.9165
0.0,-0.3520859479904175,6.53228759765625,6375.9165
0.0,-0.356504887342453,6.47979736328125,6375.9165
0.0,-0.3337465822696686,6.51031494140625,6375.9165
0.0,-0.35978174209594727,6.420135498046875,6375.9165
0.0,-0.33844903111457825,6.71875,6375.9165
0.0,-0.34999704360961914,6.427764892578125,6375.9165
0.0,-0.35312923789024353,6.859893798828125,6375.9165
0.0,-0.350652813911438,6.82586669921875,6375.9165
0.0,-0.35127729177474976,7.288665771484375,6375.9165
0.0,-0.3490426540374756,7.674407958984375,6375.9165
0.0,-0.3538491129875183,7.592315673828125,6375.9165
0.0,-0.34229156374931335,7.922821044921875,6375.9165
0.0,-0.36267897486686707,7.6104736328125,6375.9165
0.0,-0.334534615278244,8.561248779296875,6375.9165
0.0,-0.35159167647361755,8.1842041015625,6375.9165
0.0,-0.35456886887550354,8.414306640625,6375.9165
0.0,-0.3539358377456665,8.114013671875,6375.9165
0.0,-0.350713312625885,8.4503173828125,6375.9165
0.0,-0.36312636733055115,8.40179443359375,6375.9165
0.0,-0.3528960943222046,8.56475830078125,6375.9165
0.0,-0.3260541558265686,9.174652099609375,6375.9165
0.0,-0.35837724804878235,8.432769775390625,6375.9165
0.0,-0.2915095090866089,9.826812744140625,6375.9165
0.0,-0.33863988518714905,9.115753173828125,6375.9165
0.0,-0.3603786528110504,8.3172607421875,6375.9165
0.0,-0.3251396417617798,9.523162841796875,6375.9165
0.0,-0.3670782744884491,8.449554443359375,6375.9165
0.0,-0.33848366141319275,8.84796142578125,6375.9165
0.0,-0.3563940227031708,8.3709716796875,6375.9165
0.0,-0.3469460904598236,8.243560791015625,6375.9165
0.0,-0.37071463465690613,7.881622314453125,6375.9165
0.0,-0.3399922251701355,8.4765625,6375.9165
0.0,-0.3517798185348511,8.180084228515625,6375.9165
0.0,-0.3551531434059143,8.871612548828125,6375.9165
0.0,-0.3497370183467865,9.455413818359375,6375.9165
0.0,-0.35451850295066833,8.633270263671875,6375.9165
0.0,-0.3312734365463257,9.710235595703125,6375.9165
0.0,-0.3703501224517822,8.956298828125,6375.9165
0.0,-0.33972546458244324,9.08416748046875,6375.9165
0.0,-0.3586748540401459,9.09088134765625,6375.9165
0.0,-0.3567095100879669,8.9605712890625,6375.9165
0.0,-0.3511147201061249,8.60992431640625,6375.9165
0.0,-0.3594880998134613,8.499908447265625,6375.9165
0.0,-0.3244140148162842,9.200286865234375,6375.9165
0.0,-0.3686746656894684,8.15032958984375,6375.9165
0.0,-0.33025047183036804,9.249725341796875,6375.9165
0.0,-0.3602927625179291,8.289031982421875,6375.9165
0.0,-0.34368211030960083,8.55712890625,6375.9165
0.0,-0.3610687851905823,7.20458984375,6375.9165
0.0,-0.3374224305152893,7.2344970703125,6375.9165
0.0,-0.359082967042923,7.247161865234375,6375.9165
0.0,-0.3508385121822357,7.852020263671875,6375.9165
0.0,-0.35241976380348206,7.795257568359375,6375.9165
0.0,-0.35215744376182556,7.6385498046875,6375.9165
0.0,-0.3497641980648041,7.73590087890625,6375.9165
0.0,-0.35481828451156616,7.532806396484375,6375.9165
0.0,-0.32170015573501587,8.33251953125,6375.9165
0.0,-0.3135698735713959,8.122406005859375,6375.9165
0.0,-0.34690213203430176,9.23858642578125,6375.9165
0.0,-0.3620898425579071,7.911834716796875,6375.9165
0.0,-0.3392491340637207,8.658294677734375,6375.9165
0.0,-0.3505062758922577,8.37554931640625,6375.9165
0.0,-0.3517725169658661,7.950897216796875,6375.9165
0.0,-0.33707770705223083,8.477325439453125,6375.9165
0.0,-0.3595639765262604,7.3931884765625,6375.9165
0.0,-0.34379228949546814,7.723236083984375,6375.9165
0.0,-0.36570286750793457,7.113037109375,6375.9165
0.0,-0.3361421525478363,7.9595947265625,6375.9165
0.0,-0.3568394184112549,7.335052490234375,6375.9165
0.0,-0.3494032323360443,7.22076416015625,6375.9165
0.0,-0.3571086525917053,6.604766845703125,6375.9165
0.0,-0.3360261917114258,7.235565185546875,6375.9165
0.0,-0.35702070593833923,6.88629150390625,6375.9165
0.0,-0.3547084331512451,7.363433837890625,6375.9165
0.0,-0.3506714403629303,7.277679443359375,6375.9165
0.0,-0.35452717542648315,7.199554443359375,6375.9165
0.0,-0.3525034189224243,7.219390869140625,6375.9165
0.0,-0.33074361085891724,7.99346923828125,6375.9165
0.0,-0.36549267172813416,7.58026123046875,6375.9165
0.0,-0.3459497094154358,8.403167724609375,6375.9165
0.0,-0.3610961139202118,7.866668701171875,6375.9165
0.0,-0.34810134768486023,8.76251220703125,6375.9165
0.0,-0.3586771786212921,8.44451904296875,6375.9165
0.0,-0.34760352969169617,8.804473876953125,6375.9165
0.0,-0.353883296251297,9.24102783203125,6375.9165
0.0,-0.3567506670951843,9.498748779296875,6375.9165
0.0,-0.35843297839164734,9.44793701171875,6375.9165
0.0,-0.3497268855571747,9.7802734375,6375.9165
0.0,-0.35379236936569214,9.23095703125,6375.9165
0.0,-0.365316241979599,9.46136474609375,6375.9165
0.0,-0.3525260090827942,9.47357177734375,6375.9165
0.0,-0.35799044370651245,9.15618896484375,6375.9165
0.0,-0.35060548782348633,9.41864013671875,6375.9165
0.0,-0.355663537979126,9.1021728515625,6375.9165
0.0,-0.3492651581764221,9.31610107421875,6375.9165
0.0,-0.35380256175994873,8.6053466796875,6375.9165
0.0,-0.3585436940193176,7.940673828125,6375.9165
0.0,-0.3273284435272217,8.60015869140625,6375.9165
0.0,-0.35632139444351196,8.9501953125,6375.9165
0.0,-0.3521202802658081,9.20654296875,6375.9165
0.0,-0.36180147528648376,8.935546875,6375.9165
0.0,-0.3529984951019287,8.9794921875,6375.9165
0.0,-0.3541959226131439,8.87115478515625,6375.9165
0.0,-0.3410479724407196,9.276123046875,6375.9165
0.0,-0.36195147037506104,8.27606201171875,6375.9165
0.0,-0.3404967486858368,8.89495849609375,6375.9165
0.0,-0.36020538210868835,8.12469482421875,6375.9165
0.0,-0.34096118807792664,8.77716064453125,6375.9165
0.0,-0.35729509592056274,7.80181884765625,6375.9165
0.0,-0.35872793197631836,7.711181640625,6375.9165
0.0,-0.35499143600463867,8.0694580078125,6375.9165
0.0,-0.35103702545166016,8.1854248046875,6375.9165
0.0,-0.36204102635383606,8.043212890625,6375.9165
0.0,-0.35016798973083496,7.8948974609375,6375.9165
0.0,-0.349239319562912,7.64556884765625,6375.9165
0.0,-0.3543156087398529,7.7642822265625,6375.9165
0.0,-0.3301110565662384,6.85089111328125,6375.9165
0.0,-0.36876818537712097,7.2332763671875,6375.9165
0.0,-0.3064226806163788,7.20367431640625,6375.9165
0.0,-0.33580073714256287,7.283935546875,6375.9165
0.0,-0.35453349351882935,6.61346435546875,6375.9165
0.0,-0.35189205408096313,6.685791015625,6375.9165
0.0,-0.3459422290325165,6.6436767578125,6375.9165
0.0,-0.35448184609413147,6.4971923828125,6375.9165
0.0,-0.35070571303367615,6.86065673828125,6375.9165
0.0,-0.3459920287132263,7.46612548828125,6375.9165
0.0,-0.34525012969970703,8.42254638671875,6375.9165
0.0,-0.356203556060791,7.8631591796875,6375.9165
0.0,-0.3500621020793915,7.89276123046875,6375.9165
0.0,-0.3515009880065918,7.71697998046875,6375.9165
0.0,-0.33474668860435486,8.68560791015625,6375.9165
0.0,-0.3566766381263733,7.72979736328125,6375.9165
0.0,-0.3500644862651825,8.2281494140625,6375.9165
0.0,-0.3491843342781067,7.69317626953125,6375.9165
0.0,-0.3669888973236084,7.65289306640625,6375.9165
0.0,-0.3349348306655884,7.81890869140625,6375.9165
0.0,-0.36849862337112427,6.7218017578125,6375.9165
0.0,-0.33158352971076965,7.8961181640625,6375.9165
0.0,-0.3565235137939453,6.82373046875,6375.9165
0.0,-0.352004736661911,7.39593505859375,6375.9165
0.0,-0.3425806164741516,6.43951416015625,6375.9165
0.0,-0.33602476119995117,6.671142578125,6375.9165
0.0,-0.3390473425388336,7.19329833984375,6375.9165
0.0,-0.35616064071655273,6.4312744140625,6375.9165
0.0,-0.34342408180236816,7.05352783203125,6375.9165
0.0,-0.36247262358665466,6.61895751953125,6375.9165
0.0,-0.3498750329017639,7.0135498046875,6375.9165
0.0,-0.35383114218711853,6.21673583984375,6375.9165
0.0,-0.35584571957588196,6.35986328125,6375.9165
0.0,-0.35675618052482605,5.8642578125,6375.9165
0.0,-0.3552180826663971,6.2103271484375,6375.9165
0.0,-0.3608114421367645,6.1688232421875,6375.9165
0.0,-0.35292449593544006,6.30462646484375,6375.9165
0.0,-0.3555489778518677,6.5960693359375,6375.9165
0.0,-0.34772589802742004,6.88201904296875,6375.9165
0.0,-0.3606831729412079,6.81884765625,6375.9165
0.0,-0.35426995158195496,6.55181884765625,6375.9165
0.0,-0.33905771374702454,7.279052734375,6375.9165
0.0,-0.34776797890663147,6.390380859375,6375.9165
0.0,-0.3712765872478485,6.99951171875,6375.9165
0.0,-0.3024651110172272,7.0941162109375,6375.9165
0.0,-0.36980292201042175,6.37298583984375,6375.9165
0.0,-0.3459445536136627,7.18353271484375,6375.9165
0.0,-0.3571641147136688,6.41143798828125,6375.9165
0.0,-0.34932321310043335,6.966552734375,6375.9165
0.0,-0.3574223816394806,6.07025146484375,6375.9165
0.0,-0.3423144817352295,6.63543701171875,6375.9165
0.0,-0.35337066650390625,6.87347412109375,6375.9165
0.0,-0.3553803861141205,6.8499755859375,6375.9165
0.0,-0.3490338921546936,7.30438232421875,6375.9165
0.0,-0.35838624835014343,7.31781005859375,6375.9165
0.0,-0.3523658514022827,7.94830322265625,6375.9165
0.0,-0.35694798827171326,7.72430419921875,6375.9165
0.0,-0.3489949405193329,7.7008056640625,6375.9165
0.0,-0.3448849022388458,7.14691162109375,6375.9165
0.0,-0.36331772804260254,7.60772705078125,6375.9165
0.0,-0.3449898362159729,6.63543701171875,6375.9165
0.0,-0.36085450649261475,7.2918701171875,6375.9165
0.0,-0.3276243507862091,6.88201904296875,6375.9165
0.0,-0.36084407567977905,6.9281005859375,6375.9165
0.0,-0.34957635402679443,6.6400146484375,6375.9165
0.0,-0.3459121286869049,6.50177001953125,6375.9165
0.0,-0.3511013686656952,6.6363525390625,6375.9165
0.0,-0.3568727970123291,6.37481689453125,6375.9165
0.0,-0.3530281186103821,6.612548828125,6375.9165
0.0,-0.31834086775779724,7.5897216796875,6375.9165
0.0,-0.3505588471889496,6.3824462890625,6375.9165
0.0,-0.2774963974952698,8.4185791015625,6375.9165
0.0,-0.36010968685150146,6.97509765625,6375.9165
0.0,-0.2835755944252014,8.27911376953125,6375.9165
0.0,-0.3664937913417816,6.80633544921875,6375.9165
0.0,-0.3460729122161865,7.4749755859375,6375.9165
0.0,-0.3507939279079437,7.1343994140625,6375.9165
0.0,-0.3505403399467468,7.2747802734375,6375.9165
0.0,-0.35439205169677734,7.21282958984375,6375.9165
0.0,-0.34231770038604736,7.3199462890625,6375.9165
0.0,-0.3488616645336151,7.14752197265625,6375.9165
0.0,-0.3433243930339813,7.32635498046875,6375.9165
0.0,-0.3468858003616333,7.21771240234375,6375.9165
0.0,-0.34328493475914,7.20855712890625,6375.9165
0.0,-0.3480115532875061,6.48101806640625,6375.9165
0.0,-0.3388057053089142,4.06707763671875,6375.9165
0.0,-0.346697062253952,4.4195556640625,6375.9165
0.0,-0.34951186180114746,4.1357421875,6375.9165
0.0,-0.34917980432510376,4.4830322265625,6375.9165
0.0,-0.3506944477558136,4.30877685546875,6375.9165
0.0,-0.34906768798828125,4.32891845703125,6375.9165
0.0,-0.3507196605205536,4.332275390625,6375.9165
0.0,-0.34877002239227295,4.13299560546875,6375.9165
0.0,-0.31123700737953186,4.04876708984375,6375.9165
0.0,-0.3091064393520355,4.33502197265625,6375.9165
0.0,-0.30383872985839844,3.58123779296875,6375.9165
0.0,-0.31144779920578003,2.9119873046875,6375.9165
0.0,-0.30124104022979736,2.3223876953125,6375.9165
0.0,-0.3356424570083618,2.14385986328125,6375.9165
0.0,-0.34532448649406433,1.9122314453125,6375.9165
0.0,-0.35849177837371826,1.9140625,6375.9165
0.0,-0.35590440034866333,1.95037841796875,6375.9165
0.0,-0.34858742356300354,1.93634033203125,6375.9165
0.0,-0.34928563237190247,1.57012939453125,6375.9165
0.0,-0.3536595404148102,1.60186767578125,6375.9165
0.0,-0.3486417829990387,1.5789794921875,6375.9165
0.0,-0.35391518473625183,1.4935302734375,6375.9165
0.0,-0.3484186828136444,1.2994384765625,6375.9165
0.0,-0.3524235486984253,2.16278076171875,6375.9165
0.0,-0.300879567861557,2.61810302734375,6375.9165
0.0,-0.36439892649650574,2.85247802734375,6375.9165
0.0,-0.35967275500297546,3.18603515625,6375.9165
0.0,-0.3507697284221649,3.62030029296875,6375.9165
0.0,-0.35414180159568787,3.80035400390625,6375.9165
0.0,-0.3551386892795563,3.876953125,6375.9165
0.0,-0.34111377596855164,4.7900390625,6375.9165
0.0,-0.35758891701698303,4.56268310546875,6375.9165
0.0,-0.34719571471214294,5.32623291015625,6375.9165
0.0,-0.35248714685440063,5.250244140625,6375.9165
0.0,-0.35092291235923767,5.8203125,6375.9165
0.0,-0.3448147773742676,6.2835693359375,6375.9165
0.0,-0.35560280084609985,6.78741455078125,6375.9165
0.0,-0.35337042808532715,7.490234375,6375.9165
0.0,-0.34998083114624023,7.36602783203125,6375.9165
0.0,-0.34999534487724304,8.089599609375,6375.9165
0.0,-0.3505338132381439,7.81646728515625,6375.9165
0.0,-0.3550057113170624,8.41796875,6375.9165
0.0,-0.3593314588069916,8.14239501953125,6375.9165
0.0,-0.34656766057014465,7.97271728515625,6375.9165
0.0,-0.3538873791694641,8.319091796875,6375.9165
0.0,-0.3456788659095764,8.5125732421875,6375.9165
0.0,-0.3684871196746826,8.3203125,6375.9165
0.0,-0.33115851879119873,8.77532958984375,6375.9165
0.0,-0.3662588894367218,8.28826904296875,6375.9165
0.0,-0.3468267619609833,8.90045166015625,6375.9165
0.0,-0.35623303055763245,8.0084228515625,6375.9165
0.0,-0.3395709693431854,8.73382568359375,6375.9165
0.0,-0.35622087121009827,8.10272216796875,6375.9165
0.0,-0.35194119811058044,7.91259765625,6375.9165
0.0,-0.3398669362068176,8.25164794921875,6375.9165
0.0,-0.35457557439804077,7.78350830078125,6375.9165
0.0,-0.3517994284629822,8.59893798828125,6375.9165
0.0,-0.34154367446899414,8.59130859375,6375.9165
0.0,-0.35435745120048523,8.65997314453125,6375.9165
0.0,-0.3365456163883209,8.970947265625,6375.9165
0.0,-0.36171695590019226,8.7469482421875,6375.9165
0.0,-0.34341150522232056,9.55291748046875,6375.9165
0.0,-0.36994442343711853,8.922119140625,6375.9165
0.0,-0.3331572413444519,9.6356201171875,6375.9165
0.0,-0.3695980906486511,8.9910888671875,6375.9165
0.0,-0.32365134358406067,9.5269775390625,6375.9165
0.0,-0.35510119795799255,8.40911865234375,6375.9165
0.0,-0.34434518218040466,9.03564453125,6375.9165
0.0,-0.35482993721961975,8.292236328125,6375.9165
0.0,-0.3874433934688568,7.467041015625,6375.9165
0.0,-0.3336516320705414,8.2421875,6375.9165
0.0,-0.357785701751709,8.270263671875,6375.9165
0.0,-0.3488498032093048,8.63067626953125,6375.9165
0.0,-0.3584035038948059,8.2098388671875,6375.9165
0.0,-0.3483787477016449,8.988037109375,6375.9165
0.0,-0.3652096390724182,8.52081298828125,6375.9165
0.0,-0.33156272768974304,9.32830810546875,6375.9165
0.0,-0.3622535467147827,8.740234375,6375.9165
0.0,-0.32969930768013,9.42138671875,6375.9165
0.0,-0.35211262106895447,9.12139892578125,6375.9165
0.0,-0.34976595640182495,9.18792724609375,6375.9165
0.0,-0.35278263688087463,8.90289306640625,6375.9165
0.0,-0.3486482799053192,9.06829833984375,6375.9165
0.0,-0.35381370782852173,8.93218994140625,6375.9165
0.0,-0.3556876480579376,8.83056640625,6375.9165
0.0,-0.3433859050273895,8.92791748046875,6375.9165
0.0,-0.3435170352458954,8.33648681640625,6375.9165
0.0,-0.35686084628105164,8.8653564453125,6375.9165
0.0,-0.36151278018951416,8.63250732421875,6375.9165
0.0,-0.3171931207180023,8.39599609375,6375.9165
0.0,-0.32558146119117737,8.6053466796875,6375.9165
0.0,-0.3569523096084595,8.38623046875,6375.9165
0.0,-0.3482135832309723,8.31817626953125,6375.9165
0.0,-0.34931260347366333,7.34527587890625,6375.9165
0.0,-0.350512832403183,7.27752685546875,6375.9165
0.0,-0.351479172706604,7.31353759765625,6375.9165
0.0,-0.34818124771118164,7.333984375,6375.9165
0.0,-0.34914538264274597,7.19390869140625,6375.9165
0.0,-0.3510570228099823,7.0562744140625,6375.9165
0.0,-0.35051754117012024,6.6009521484375,6375.9165
0.0,-0.3046324849128723,6.778564453125,6375.9165
0.0,-0.3151150941848755,6.63330078125,6375.9165
0.0,-0.25067582726478577,5.89752197265625,6375.9165
0.0,-0.23084579408168793,5.6390380859375,6375.9165
0.0,-0.3690120577812195,5.8740234375,6375.9165
0.0,-0.33099618554115295,5.77362060546875,6375.9165
0.0,-0.3507753312587738,6.35528564453125,6375.9165
0.0,-0.35970717668533325,5.6817626953125,6375.9165
0.0,-0.3486010432243347,6.1993408203125,6375.9165
0.0,-0.3554844558238983,6.0614013671875,6375.9165
0.0,-0.3491290211677551,6.3848876953125,6375.9165
0.0,-0.3553224802017212,6.31561279296875,6375.9165
0.0,-0.34693416953086853,6.62078857421875,6375.9165
0.0,-0.3519110381603241,7.05291748046875,6375.9165
0.0,-0.3517276346683502,7.4700927734375,6375.9165
0.0,-0.33192238211631775,7.7069091796875,6375.9165
0.0,-0.3610016107559204,7.81005859375,6375.9165
0.0,-0.3497823476791382,7.90130615234375,6375.9165
0.0,-0.3525308668613434,8.05267333984375,6375.9165
0.0,-0.3599070608615875,8.08929443359375,6375.9165
0.0,-0.3539300858974457,8.3526611328125,6375.9165
0.0,-0.3532131016254425,8.25653076171875,6375.9165
0.0,-0.3718729317188263,8.453369140625,6375.9165
0.0,-0.3542214035987854,7.57568359375,6375.9165
0.0,-0.34901583194732666,8.12042236328125,6375.9165
0.0,-0.33800208568573,8.07830810546875,6375.9165
0.0,-0.3587745130062103,7.92083740234375,6375.9165
0.0,-0.3538685739040375,7.93792724609375,6375.9165
0.0,-0.3532565236091614,7.93609619140625,6375.9165
0.0,-0.35717102885246277,7.2821044921875,6375.9165
0.0,-0.3354238271713257,7.85552978515625,6375.9165
0.0,-0.3607206344604492,7.34375,6375.9165
0.0,-0.33363673090934753,7.36175537109375,6375.9165
0.0,-0.3581659197807312,6.4776611328125,6375.9165
0.0,-0.3524296283721924,6.92413330078125,6375.9165
0.0,-0.35726818442344666,6.9281005859375,6375.9165
0.0,-0.35497644543647766,7.181396484375,6375.9165
0.0,-0.3485979735851288,7.398681640625,6375.9165
0.0,-0.35819873213768005,7.0989990234375,6375.9165
0.0,-0.34966403245925903,6.88629150390625,6375.9165
0.0,-0.34732887148857117,7.178955078125,6375.9165
0.0,-0.3518589437007904,7.099609375,6375.9165
0.0,-0.351857990026474,6.925048828125,6375.9165
0.0,-0.3465435206890106,7.0751953125,6375.9165
0.0,-0.36271539330482483,6.87164306640625,6375.9165
0.0,-0.34845492243766785,7.65899658203125,6375.9165
0.0,-0.36458152532577515,7.5244140625,6375.9165
0.0,-0.357867568731308,7.60589599609375,6375.9165
0.0,-0.34899771213531494,7.8167724609375,6375.9165
0.0,-0.3541962206363678,7.22564697265625,6375.9165
0.0,-0.35012418031692505,7.412109375,6375.9165
0.0,-0.35580480098724365,7.4810791015625,6375.9165
0.0,-0.3448844850063324,8.0328369140625,6375.9165
0.0,-0.37052223086357117,8.123779296875,6375.9165
0.0,-0.370480477809906,7.7593994140625,6375.9165
0.0,-0.3505891263484955,7.7960205078125,6375.9165
0.0,-0.3420436978340149,7.78045654296875,6375.9165
0.0,-0.35677310824394226,7.9168701171875,6375.9165
0.0,-0.359684556722641,7.4542236328125,6375.9165
0.0,-0.34061405062675476,7.54058837890625,6375.9165
0.0,-0.35757073760032654,7.90771484375,6375.9165
0.0,-0.32265764474868774,8.23028564453125,6375.9165
0.0,-0.35784050822257996,7.9925537109375,6375.9165
0.0,-0.3330189287662506,8.48541259765625,6375.9165
0.0,-0.3579850196838379,7.642822265625,6375.9165
0.0,-0.34097325801849365,7.8192138671875,6375.9165
0.0,-0.34284940361976624,7.72796630859375,6375.9165
0.0,-0.3472915291786194,7.85919189453125,6375.9165
0.0,-0.31073570251464844,8.359375,6375.9165
0.0,-0.3611324727535248,7.76458740234375,6375.9165
0.0,-0.3533094525337219,8.16436767578125,6375.9165
0.0,-0.35291653871536255,7.744140625,6375.9165
0.0,-0.3656514585018158,8.12591552734375,6375.9165
0.0,-0.34261980652809143,8.76678466796875,6375.9165
0.0,-0.3397795855998993,9.34326171875,6375.9165
0.0,-0.35528066754341125,9.25323486328125,6375.9165
0.0,-0.29856663942337036,10.30548095703125,6375.9165
0.0,-0.31992191076278687,9.552001953125,6375.9165
0.0,-0.3521561324596405,9.681396484375,6375.9165
0.0,-0.3574736416339874,10.0555419921875,6375.9165
0.0,-0.3534582257270813,9.3914794921875,6375.9165
0.0,-0.35170799493789673,9.29656982421875,6375.9165
0.0,-0.35024991631507874,9.451904296875,6375.9165
0.0,-0.3520577847957611,8.90350341796875,6375.9165
0.0,-0.3557277321815491,8.7445068359375,6375.9165
0.0,-0.35330310463905334,8.0975341796875,6375.9165
0.0,-0.3538845181465149,7.17041015625,6375.9165
0.0,-0.34651002287864685,8.01361083984375,6375.9165
0.0,-0.3448754847049713,7.60406494140625,6375.9165
0.0,-0.36320123076438904,6.91131591796875,6375.9165
0.0,-0.35464155673980713,6.8817138671875,6375.9165
0.0,-0.3462144732475281,6.96075439453125,6375.9165
0.0,-0.3611258268356323,6.7645263671875,6375.9165
0.0,-0.3480679392814636,6.89910888671875,6375.9165
0.0,-0.3527505099773407,6.87774658203125,6375.9165
0.0,-0.3494109809398651,6.9195556640625,6375.9165
0.0,-0.33360645174980164,7.3931884765625,6375.9165
0.0,-0.32193633913993835,7.07366943359375,6375.9165
0.0,-0.2869729995727539,7.45819091796875,6375.9165
0.0,-0.3343978822231293,6.53900146484375,6375.9165
0.0,-0.34495440125465393,5.89630126953125,6375.9165
0.0,-0.31801775097846985,6.78619384765625,6375.9165
0.0,-0.30070817470550537,6.11419677734375,6375.9165
0.0,-0.36350739002227783,6.31134033203125,6375.9165
0.0,-0.3569526970386505,6.5496826171875,6375.9165
0.0,-0.35309210419654846,6.23291015625,6375.9165
0.0,-0.3461494445800781,5.220947265625,6375.9165
0.0,-0.35534968972206116,4.3890380859375,6375.9165
0.0,-0.34785810112953186,4.79095458984375,6375.9165
0.0,-0.35936403274536133,4.5281982421875,6375.9165
0.0,-0.34690630435943604,4.6429443359375,6375.9165
0.0,-0.35264289379119873,4.2138671875,6375.9165
0.0,-0.3038104474544525,4.28985595703125,6375.9165
0.0,-0.3426018953323364,3.36273193359375,6375.9165
0.0,-0.3635018765926361,2.54669189453125,6375.9165
0.0,-0.3485012650489807,2.6202392578125,6375.9165
0.0,-0.3440994620323181,2.72308349609375,6375.9165
0.0,-0.3491639196872711,2.66571044921875,6375.9165
0.0,-0.3553212285041809,2.5970458984375,6375.9165
0.0,-0.35247012972831726,2.623291015625,6375.9165
0.0,-0.3507210910320282,2.6019287109375,6375.9165
0.0,-0.35073262453079224,2.76275634765625,6375.9165
0.0,-0.3501408100128174,2.74810791015625,6375.9165
0.0,-0.34820565581321716,3.27972412109375,6375.9165
0.0,-0.33762040734291077,4.0936279296875,6375.9165
0.0,-0.3544809818267822,3.94012451171875,6375.9165
0.0,-0.3541991710662842,4.33807373046875,6375.9165
0.0,-0.3485924303531647,4.6771240234375,6375.9165
0.0,-0.35139626264572144,5.11871337890625,6375.9165
0.0,-0.3454563617706299,5.67962646484375,6375.9165
0.0,-0.35435202717781067,5.9954833984375,6375.9165
0.0,-0.34985706210136414,6.74041748046875,6375.9165
0.0,-0.35318002104759216,6.90032958984375,6375.9165
0.0,-0.3465283513069153,7.77862548828125,6375.9165
0.0,-0.3633899688720703,7.930908203125,6375.9165
0.0,-0.3487529754638672,7.94525146484375,6375.9165
0.0,-0.3568297028541565,8.23089599609375,6375.9165
0.0,-0.34862545132637024,8.056640625,6375.9165
0.0,-0.3630470633506775,7.8045654296875,6375.9165
0.0,-0.33246690034866333,8.34625244140625,6375.9165
0.0,-0.35081490874290466,7.91015625,6375.9165
0.0,-0.3375163972377777,8.75335693359375,6375.9165
0.0,-0.3690894544124603,8.0194091796875,6375.9165
0.0,-0.3353770971298218,8.49456787109375,6375.9165
0.0,-0.36123666167259216,7.85675048828125,6375.9165
0.0,-0.32841596007347107,8.37860107421875,6375.9165
0.0,-0.35461512207984924,8.1671142578125,6375.9165
0.0,-0.3494165539741516,9.017333984375,6375.9165
0.0,-0.36636608839035034,8.52935791015625,6375.9165
0.0,-0.3499496579170227,9.180908203125,6375.9165
0.0,-0.3584078252315521,8.7847900390625,6375.9165
0.0,-0.3472319543361664,9.0545654296875,6375.9165
0.0,-0.3608343303203583,8.5968017578125,6375.9165
0.0,-0.36160436272621155,8.568115234375,6375.9165
0.0,-0.35181599855422974,8.8275146484375,6375.9165
0.0,-0.3651221692562103,8.29833984375,6375.9165
0.0,-0.3490074574947357,8.988037109375,6375.9165
0.0,-0.3593357801437378,8.096923828125,6375.9165
0.0,-0.34736308455467224,8.367919921875,6375.9165
0.0,-0.3587600886821747,7.664794921875,6375.9165
0.0,-0.3118855059146881,6.697998046875,6375.9165
0.0,-0.3067381978034973,6.2774658203125,6375.9165
0.0,-0.34893277287483215,5.0262451171875,6375.9165
0.0,-0.32430851459503174,4.937744140625,6375.9165
0.0,-0.3606794476509094,4.3304443359375,6375.9165
0.0,-0.3387296497821808,4.407958984375,6375.9165
0.0,-0.3377314507961273,4.5379638671875,6375.9165
0.0,-0.3652562201023102,4.346923828125,6375.9165
0.0,-0.35209450125694275,4.6160888671875,6375.9165
0.0,-0.3448411822319031,4.6466064453125,6375.9165
0.0,-0.35749730467796326,4.407958984375,6375.9165
0.0,-0.35202428698539734,4.49951171875,6375.9165
0.0,-0.34974396228790283,4.94384765625,6375.9165
0.0,-0.3530448377132416,5.2783203125,6375.9165
0.0,-0.3430435359477997,6.0906982421875,6375.9165
0.0,-0.3289056718349457,6.70654296875,6375.9165
0.0,-0.3473908603191376,7.3834228515625,6375.9165
0.0,-0.3668369650840759,7.3486328125,6375.9165
0.0,-0.3496485650539398,7.230224609375,6375.9165
0.0,-0.3551662564277649,6.9134521484375,6375.9165
0.0,-0.34933966398239136,6.971435546875,6375.9165
0.0,-0.35702449083328247,6.656494140625,6375.9165
0.0,-0.3237966001033783,7.608642578125,6375.9165
0.0,-0.3474782109260559,7.0208740234375,6375.9165
0.0,-0.32940226793289185,7.48779296875,6375.9165
0.0,-0.3553142249584198,7.1087646484375,6375.9165
0.0,-0.35900014638900757,7.03857421875,6375.9165
0.0,-0.3539738357067108,7.4017333984375,6375.9165
0.0,-0.34515413641929626,7.445068359375,6375.9165
0.0,-0.3552750051021576,7.618408203125,6375.9165
0.0,-0.34464725852012634,8.189697265625,6375.9165
0.0,-0.3585963249206543,7.733154296875,6375.9165
0.0,-0.3524031341075897,8.2366943359375,6375.9165
0.0,-0.34842750430107117,8.0950927734375,6375.9165
0.0,-0.3557330369949341,8.31787109375,6375.9165
0.0,-0.3607962429523468,7.972412109375,6375.9165
0.0,-0.34336140751838684,7.9168701171875,6375.9165
0.0,-0.34241950511932373,8.536376953125,6375.9165
0.0,-0.3573926091194153,8.09814453125,6375.9165
0.0,-0.34878072142601013,8.3502197265625,6375.9165
0.0,-0.3520810306072235,7.9705810546875,6375.9165
0.0,-0.34923410415649414,7.81982421875,6375.9165
0.0,-0.3544703722000122,7.71728515625,6375.9165
0.0,-0.35333797335624695,7.30224609375,6375.9165
0.0,-0.32238101959228516,7.183837890625,6375.9165
0.0,-0.2829682528972626,7.8759765625,6375.9165
0.0,-0.30731189250946045,7.6556396484375,6375.9165
0.0,-0.31112417578697205,8.3160400390625,6375.9165
0.0,-0.29440590739250183,8.408203125,6375.9165
0.0,-0.37812337279319763,7.7020263671875,6375.9165
0.0,-0.3394795358181,8.1121826171875,6375.9165
0.0,-0.35330721735954285,7.6995849609375,6375.9165
0.0,-0.3521227538585663,7.9498291015625,6375.9165
0.0,-0.35211050510406494,7.8948974609375,6375.9165
0.0,-0.34915798902511597,7.8765869140625,6375.9165
0.0,-0.34816330671310425,7.8778076171875,6375.9165
0.0,-0.34572288393974304,7.601318359375,6375.9165
0.0,-0.3429589569568634,5.7275390625,6375.9165
0.0,-0.3552171587944031,5.6451416015625,6375.9165
0.0,-0.34907111525535583,5.7568359375,6375.9165
0.0,-0.3562130331993103,5.6494140625,6375.9165
0.0,-0.3528288006782532,5.6610107421875,6375.9165
0.0,-0.33110877871513367,4.7125244140625,6375.9165
0.0,-0.3187982141971588,5.252685546875,6375.9165
0.0,-0.31450194120407104,5.1605224609375,6375.9165
0.0,-0.34409353137016296,5.3106689453125,6375.9165
0.0,-0.3606458008289337,4.9591064453125,6375.9165
0.0,-0.3539680540561676,4.8663330078125,6375.9165
0.0,-0.35274621844291687,5.3326416015625,6375.9165
0.0,-0.3511134088039398,4.927978515625,6375.9165
0.0,-0.3637990653514862,4.696044921875,6375.9165
0.0,-0.34960588812828064,4.83154296875,6375.9165
0.0,-0.3555440604686737,4.591064453125,6375.9165
0.0,-0.343668133020401,4.652099609375,6375.9165
0.0,-0.360261470079422,4.20166015625,6375.9165
0.0,-0.3528858721256256,4.8583984375,6375.9165
0.0,-0.3506523370742798,5.2130126953125,6375.9165
0.0,-0.3518218696117401,5.517578125,6375.9165
0.0,-0.34855324029922485,5.9210205078125,6375.9165
0.0,-0.35334107279777527,6.092529296875,6375.9165
0.0,-0.34909290075302124,6.834716796875,6375.9165
0.0,-0.35204485058784485,7.1343994140625,6375.9165
0.0,-0.35176321864128113,7.6220703125,6375.9165
0.0,-0.3445913791656494,8.0731201171875,6375.9165
0.0,-0.3529277443885803,7.85400390625,6375.9165
0.0,-0.3526924252510071,8.0328369140625,6375.9165
0.0,-0.35250622034072876,7.584228515625,6375.9165
0.0,-0.3388873040676117,8.3270263671875,6375.9165
0.0,-0.3627068102359772,7.8460693359375,6375.9165
0.0,-0.35250118374824524,8.52783203125,6375.9165
0.0,-0.3564738929271698,8.2196044921875,6375.9165
0.0,-0.3597990572452545,8.570556640625,6375.9165
0.0,-0.35017141699790955,8.5662841796875,6375.9165
0.0,-0.36419495940208435,8.594970703125,6375.9165
0.0,-0.3479120433330536,8.7353515625,6375.9165
0.0,-0.3568378686904907,8.1072998046875,6375.9165
0.0,-0.3479241132736206,8.729248046875,6375.9165
0.0,-0.3636854887008667,7.7203369140625,6375.9165
0.0,-0.3383773863315582,8.0755615234375,6375.9165
0.0,-0.3665045201778412,7.689208984375,6375.9165
0.0,-0.3389469385147095,8.3905029296875,6375.9165
0.0,-0.3587859570980072,7.63427734375,6375.9165
0.0,-0.35596805810928345,7.7154541015625,6375.9165
0.0,-0.3600480258464813,7.481689453125,6375.9165
0.0,-0.3473696708679199,8.0706787109375,6375.9165
0.0,-0.3623628318309784,7.4981689453125,6375.9165
0.0,-0.3501240909099579,7.8271484375,6375.9165
0.0,-0.35522958636283875,7.9840087890625,6375.9165
0.0,-0.35567769408226013,8.184814453125,6375.9165
0.0,-0.34758079051971436,8.475341796875,6375.9165
0.0,-0.3552300035953522,8.5107421875,6375.9165
0.0,-0.34367671608924866,8.9990234375,6375.9165
0.0,-0.35789379477500916,9.1326904296875,6375.9165
0.0,-0.3497883975505829,9.78515625,6375.9165
0.0,-0.35775572061538696,9.8614501953125,6375.9165
0.0,-0.3468172252178192,10.325927734375,6375.9165
0.0,-0.3734714984893799,9.261474609375,6375.9165
0.0,-0.32682138681411743,10.0848388671875,6375.9165
0.0,-0.3542705476284027,9.2144775390625,6375.9165
0.0,-0.3531510531902313,9.1217041015625,6375.9165
0.0,-0.34197232127189636,9.3243408203125,6375.9165
0.0,-0.33374306559562683,8.890380859375,6375.9165
0.0,-0.32909029722213745,9.591064453125,6375.9165
0.0,-0.36901888251304626,8.5302734375,6375.9165
0.0,-0.37176045775413513,8.104248046875,6375.9165
0.0,-0.3456471860408783,8.24951171875,6375.9165
0.0,-0.3587406277656555,8.7237548828125,6375.9165
0.0,-0.3470515012741089,8.1304931640625,6375.9165
0.0,-0.3590404689311981,8.1085205078125,6375.9165
0.0,-0.31697067618370056,8.6846923828125,6375.9165
0.0,-0.3801835775375366,7.4688720703125,6375.9165
0.0,-0.3422529697418213,8.011474609375,6375.9165
0.0,-0.3622875511646271,7.6300048828125,6375.9165
0.0,-0.32832831144332886,7.7239990234375,6375.9165
0.0,-0.36821791529655457,6.70166015625,6375.9165
0.0,-0.34159931540489197,7.589111328125,6375.9165
0.0,-0.35279327630996704,6.9085693359375,6375.9165
0.0,-0.35893136262893677,6.8511962890625,6375.9165
0.0,-0.35469529032707214,6.7535400390625,6375.9165
0.0,-0.34148529171943665,6.0614013671875,6375.9165
0.0,-0.297709196805954,7.005615234375,6375.9165
0.0,-0.3357623219490051,6.2408447265625,6375.9165
0.0,-0.34300345182418823,7.1917724609375,6375.9165
0.0,-0.36219021677970886,6.309814453125,6375.9165
0.0,-0.34055525064468384,6.5155029296875,6375.9165
0.0,-0.35609740018844604,6.5472412109375,6375.9165
0.0,-0.3544371724128723,6.5118408203125,6375.9165
0.0,-0.3564285635948181,6.2554931640625,6375.9165
0.0,-0.35375267267227173,5.9747314453125,6375.9165
0.0,-0.34976527094841003,5.88623046875,6375.9165
0.0,-0.3548034727573395,5.78857421875,6375.9165
0.0,-0.34862565994262695,5.7598876953125,6375.9165
0.0,-0.3460577428340912,6.1346435546875,6375.9165
0.0,-0.34233030676841736,6.519775390625,6375.9165
0.0,-0.31255000829696655,6.77490234375,6375.9165
0.0,-0.28685903549194336,7.032470703125,6375.9165
0.0,-0.3709113895893097,6.3385009765625,6375.9165
0.0,-0.3409089744091034,6.9244384765625,6375.9165
0.0,-0.36017391085624695,6.41845703125,6375.9165
0.0,-0.3520493507385254,6.842041015625,6375.9165
0.0,-0.3562929034233093,6.6571044921875,6375.9165
0.0,-0.3483392596244812,6.1376953125,6375.9165
0.0,-0.3552700877189636,5.830078125,6375.9165
0.0,-0.34728309512138367,5.9844970703125,6375.9165
0.0,-0.3624579608440399,5.8184814453125,6375.9165
0.0,-0.3514561057090759,5.050048828125,6375.9165
0.0,-0.3460782468318939,5.1776123046875,6375.9165
0.0,-0.34833046793937683,5.1947021484375,6375.9165
0.0,-0.3648067116737366,4.7015380859375,6375.9165
0.0,-0.33908942341804504,5.13916015625,6375.9165
0.0,-0.3554445803165436,4.8724365234375,6375.9165
0.0,-0.35314008593559265,5.1776123046875,6375.9165
0.0,-0.35251858830451965,5.1080322265625,6375.9165
0.0,-0.3507724404335022,5.8319091796875,6375.9165
0.0,-0.35526010394096375,5.8551025390625,6375.9165
0.0,-0.35072052478790283,6.20849609375,6375.9165
0.0,-0.35058391094207764,6.295166015625,6375.9165
0.0,-0.3561680316925049,6.3720703125,6375.9165
0.0,-0.3463539481163025,6.8682861328125,6375.9165
0.0,-0.3549567759037018,6.7486572265625,6375.9165
0.0,-0.34951552748680115,6.744384765625,6375.9165
0.0,-0.35187312960624695,6.385498046875,6375.9165
0.0,-0.3493645191192627,6.1932373046875,6375.9165
0.0,-0.34966370463371277,6.072998046875,6375.9165
0.0,-0.3388341963291168,6.46484375,6375.9165
0.0,-0.3749205470085144,6.0137939453125,6375.9165
0.0,-0.34348294138908386,6.4483642578125,6375.9165
0.0,-0.3520054221153259,6.7694091796875,6375.9165
0.0,-0.3547215759754181,6.6009521484375,6375.9165
0.0,-0.3481779992580414,6.50634765625,6375.9165
0.0,-0.3514123260974884,6.3232421875,6375.9165
0.0,-0.3518165349960327,6.23779296875,6375.9165
0.0,-0.35381802916526794,6.0565185546875,6375.9165
0.0,-0.33838292956352234,6.7230224609375,6375.9165
0.0,-0.3405243158340454,6.3775634765625,6375.9165
0.0,-0.38133877515792847,6.1138916015625,6375.9165
0.0,-0.3627983629703522,6.11328125,6375.9165
0.0,-0.33650293946266174,6.2353515625,6375.9165
0.0,-0.3524124324321747,6.0894775390625,6375.9165
0.0,-0.3588187098503113,6.43798828125,6375.9165
0.0,-0.3441872000694275,6.3787841796875,6375.9165
0.0,-0.3487553000450134,6.1187744140625,6375.9165
0.0,-0.35220807790756226,6.5167236328125,6375.9165
0.0,-0.341077983379364,6.4404296875,6375.9165
0.0,-0.3455450236797333,6.1279296875,6375.9165
0.0,-0.34380659461021423,6.1541748046875,6375.9165
0.0,-0.3381636440753937,5.860595703125,6375.9165
0.0,-0.3416459858417511,5.4705810546875,6375.9165
0.0,-0.33844754099845886,5.0811767578125,6375.9165
0.0,-0.33946701884269714,4.608154296875,6375.9165
0.0,-0.3402053415775299,3.2379150390625,6375.9165
0.0,-0.34227892756462097,1.7706298828125,6375.9165
0.0,-0.3427117168903351,2.0281982421875,6375.9165
0.0,-0.3455713987350464,2.4859619140625,6375.9165
0.0,-0.341818243265152,2.265625,6375.9165
0.0,-0.34485694766044617,2.120361328125,6375.9165
0.0,-0.3424922823905945,2.26806640625,6375.9165
0.0,-0.34549108147621155,2.281494140625,6375.9165
0.0,-0.3452500104904175,2.25341796875,6375.9165
0.0,-0.3447921872138977,2.293701171875,6375.9165
0.0,-0.3477542996406555,2.31201171875,6375.9165
0.0,-0.34721359610557556,2.35107421875,6375.9165
0.0,-0.3484225273132324,2.347412109375,6375.9165
0.0,-0.3470868766307831,2.392578125,6375.9165
0.0,-0.3478699326515198,2.386474609375,6375.9165
0.0,-0.3483480215072632,2.1319580078125,6375.9165
0.0,-0.34918293356895447,1.8505859375,6375.9165
0.0,-0.35238948464393616,1.1456298828125,6375.9165
0.0,-0.2999893128871918,0.673828125,6375.9165
0.0,-0.3076358139514923,-0.1812744140625,6375.9165
0.0,-0.2865818738937378,0.4400634765625,6375.9165
0.0,-0.30758336186408997,0.9326171875,6375.9165
0.0,-0.3538953959941864,0.360107421875,6375.9165
0.0,-0.34901121258735657,0.9014892578125,6375.9165
0.0,-0.34709432721138,0.5938720703125,6375.9165
0.0,-0.3603891432285309,0.5841064453125,6375.9165
0.0,-0.35242563486099243,1.00341796875,6375.9165
0.0,-0.34719786047935486,1.35986328125,6375.9165
0.0,-0.3600492775440216,1.5350341796875,6375.9165
0.0,-0.35237911343574524,1.5521240234375,6375.9165
0.0,-0.3509204089641571,1.895751953125,6375.9165
0.0,-0.34335872530937195,2.392578125,6375.9165
0.0,-0.35364875197410583,2.4554443359375,6375.9165
0.0,-0.34754371643066406,3.2275390625,6375.9165
0.0,-0.35217246413230896,2.8692626953125,6375.9165
0.0,-0.35008010268211365,2.945556640625,6375.9165
0.0,-0.35099878907203674,2.72216796875,6375.9165
0.0,-0.3507044315338135,2.847900390625,6375.9165
