evaluation,fitness,time
0,469.2077941894531,44.89
0,511.0016174316406,12.27
100,511.0016174316406,12.27
200,511.0016174316406,12.27
300,511.0016174316406,12.27
400,511.0016174316406,12.27
500,511.0016174316406,12.27
600,511.0016174316406,12.27
700,660.6731567382812,12.27
800,693.0957641601562,12.27
900,722.6702270507812,12.27
1000,784.7216186523438,12.27
1100,784.7216186523438,12.27
1200,784.7216186523438,12.27
1300,784.7216186523438,12.27
1400,784.7216186523438,12.27
1500,784.7216186523438,12.27
1600,784.7216186523438,12.27
1700,784.7216186523438,12.27
1800,784.7216186523438,12.27
1900,784.7216186523438,12.27
2000,784.7216186523438,12.27
2100,784.7216186523438,12.27
2200,784.7216186523438,12.27
2300,875.3981323242188,12.27
2400,875.3981323242188,12.27
2500,875.3981323242188,12.27
2600,875.3981323242188,12.27
2700,875.3981323242188,12.27
2800,875.3981323242188,12.27
2900,875.3981323242188,12.27
3000,875.3981323242188,12.27
3100,875.3981323242188,12.27
3200,875.3981323242188,12.27
3300,875.3981323242188,12.27
3400,875.3981323242188,12.27
3500,875.3981323242188,12.27
3600,875.3981323242188,12.27
3700,875.3981323242188,12.27
3800,875.3981323242188,12.27
3900,875.3981323242188,12.27
4000,875.3981323242188,12.27
4100,875.3981323242188,12.27
4200,875.3981323242188,12.27
4300,875.3981323242188,12.27
4400,875.3981323242188,12.27
4500,875.3981323242188,12.27
4600,875.3981323242188,12.27
4700,875.3981323242188,12.27
4800,875.3981323242188,12.27
4900,875.3981323242188,12.27
5000,999.2269287109375,12.27
5100,1000.5805053710938,12.27
5200,1000.5805053710938,12.27
5339,1000.5805053710938,12.14
5439,1000.5805053710938,12.14
5539,1000.5805053710938,12.14
5639,1000.5805053710938,12.14
5739,1000.5805053710938,12.14
5839,1000.5805053710938,12.14
5939,1000.5805053710938,12.14
6039,1000.5805053710938,12.14
6139,1001.043212890625,12.14
6239,1001.2743530273438,12.14
6339,1001.2743530273438,12.14
6439,1001.4337768554688,12.14
6539,1001.4337768554688,12.14
6639,1001.4337768554688,12.14
6739,1001.4337768554688,12.14
6839,1001.4337768554688,12.14
6939,1001.6654663085938,12.14
7039,1001.6654663085938,12.14
7139,1001.6654663085938,12.14
7239,1001.6654663085938,12.14
7339,1001.6654663085938,12.14
7439,1001.6654663085938,12.14
7539,1001.6654663085938,12.14
7639,1001.6654663085938,12.14
7739,1001.6654663085938,12.14
7839,1001.6654663085938,12.14
7939,1001.6654663085938,12.14
8039,1001.6654663085938,12.14
8139,1001.6654663085938,12.14
8239,1001.6654663085938,12.14
8339,1001.6654663085938,12.14
8439,1001.6654663085938,12.14
8539,1001.6654663085938,12.14
8639,1001.6654663085938,12.14
8739,1001.6654663085938,12.14
8839,1001.6654663085938,12.14
8939,1001.6654663085938,12.14
9039,1001.6654663085938,12.14
9139,1001.6654663085938,12.14
9239,1001.6654663085938,12.14
9339,1001.6654663085938,12.14
9439,1001.6654663085938,12.14
9539,1001.6654663085938,12.14
9639,1001.6654663085938,12.14
9739,1001.6654663085938,12.14
9839,1001.6654663085938,12.14
9939,1001.6654663085938,12.14
10039,1001.6654663085938,12.14
10139,1001.6654663085938,12.14
10239,1011.1129760742188,12.14
10339,1011.1129760742188,12.14
10439,1011.1129760742188,12.14
10539,1011.1129760742188,12.14
11338,1011.1129760742188,12.16
11438,1011.1129760742188,12.16
11538,1011.1129760742188,12.16
11638,1011.1129760742188,12.16
11738,1011.1129760742188,12.16
11838,1011.1129760742188,12.16
11938,1011.1129760742188,12.16
12038,1011.1129760742188,12.16
12138,1011.1129760742188,12.16
12238,1011.1129760742188,12.16
12338,1011.1129760742188,12.16
12438,1011.1129760742188,12.16
12538,1011.1129760742188,12.16
12638,1011.1129760742188,12.16
12738,1011.1129760742188,12.16
12838,1011.1129760742188,12.16
12938,1011.1129760742188,12.16
13038,1011.1129760742188,12.16
13138,1011.1129760742188,12.16
13238,1011.1129760742188,12.16
13338,1011.1129760742188,12.16
13438,1011.1129760742188,12.16
13538,1011.1129760742188,12.16
13638,1011.1129760742188,12.16
13738,1011.1129760742188,12.16
13838,1011.1129760742188,12.16
13938,1011.1129760742188,12.16
14038,1011.1129760742188,12.16
14138,1011.1129760742188,12.16
14238,1012.2196044921875,12.16
14338,1012.2196044921875,12.16
14438,1014.4099731445312,12.16
14538,1014.4099731445312,12.16
14638,1014.4099731445312,12.16
14738,1014.4099731445312,12.16
14838,1014.4099731445312,12.16
14938,1014.4099731445312,12.16
15038,1014.4099731445312,12.16
15138,1014.4099731445312,12.16
15238,1014.4099731445312,12.16
15338,1014.4099731445312,12.16
15438,1014.4099731445312,12.16
15538,1014.4099731445312,12.16
15638,1014.4099731445312,12.16
15738,1014.4099731445312,12.16
15838,1014.4099731445312,12.16
15938,1014.4099731445312,12.16
16038,1014.4099731445312,12.16
16138,1014.4099731445312,12.16
16238,1014.4099731445312,12.16
16338,1014.4099731445312,12.16
16438,1014.4099731445312,12.16
16538,1014.4099731445312,12.16
18621,1016.1187744140625,12.16
18621,1016.1187744140625,12.10
18721,1016.1187744140625,12.10
18821,1016.1187744140625,12.10
18921,1016.1187744140625,12.10
19021,1016.1187744140625,12.10
19121,1016.1187744140625,12.10
19221,1016.1187744140625,12.10
19321,1016.1187744140625,12.10
19421,1016.1187744140625,12.10
19521,1016.1187744140625,12.10
19621,1016.1187744140625,12.10
19721,1016.1187744140625,12.10
19821,1016.1187744140625,12.10
19921,1016.1187744140625,12.10
20021,1047.7911376953125,12.10
20121,1047.7911376953125,12.10
20221,1047.7911376953125,12.10
20321,1047.7911376953125,12.10
20421,1047.7911376953125,12.10
20521,1047.7911376953125,12.10
20621,1047.7911376953125,12.10
20721,1047.7911376953125,12.10
20821,1047.7911376953125,12.10
20921,1047.7911376953125,12.10
21021,1047.7911376953125,12.10
21121,1047.7911376953125,12.10
21221,1047.7911376953125,12.10
21321,1047.7911376953125,12.10
21421,1047.7911376953125,12.10
21521,1047.7911376953125,12.10
21621,1047.7911376953125,12.10
21721,1047.7911376953125,12.10
21821,1047.7911376953125,12.10
21921,1047.7911376953125,12.10
22021,1047.7911376953125,12.10
22121,1047.7911376953125,12.10
22221,1047.7911376953125,12.10
22321,1047.7911376953125,12.10
22421,1047.7911376953125,12.10
22521,1047.7911376953125,12.10
22621,1047.7911376953125,12.10
22721,1047.7911376953125,12.10
22821,1047.7911376953125,12.10
22921,1047.7911376953125,12.10
23021,1047.7911376953125,12.10
23121,1047.7911376953125,12.10
23221,1047.7911376953125,12.10
23321,1047.7911376953125,12.10
23421,1047.7911376953125,12.10
23521,1047.7911376953125,12.10
23621,1047.7911376953125,12.10
23721,1047.7911376953125,12.10
23821,1047.7911376953125,12.10
25339,1059.49072265625,12.08
25439,1059.49072265625,12.08
25539,1059.49072265625,12.08
25639,1059.49072265625,12.08
25739,1059.49072265625,12.08
25839,1066.53857421875,12.08
25939,1066.53857421875,12.08
26039,1066.53857421875,12.08
26139,1069.4000244140625,12.08
26239,1069.4000244140625,12.08
26339,1069.4000244140625,12.08
26439,1069.4000244140625,12.08
26539,1069.4000244140625,12.08
26639,1069.4000244140625,12.08
26739,1069.4000244140625,12.08
26839,1069.4000244140625,12.08
26939,1071.5164794921875,12.08
27039,1071.5164794921875,12.08
27139,1071.5164794921875,12.08
27239,1077.7802734375,12.08
27339,1077.7802734375,12.08
27439,1077.7802734375,12.08
27539,1077.7802734375,12.08
27639,1131.944580078125,12.08
27739,1131.944580078125,12.08
27839,1131.944580078125,12.08
27939,1131.944580078125,12.08
28039,1131.944580078125,12.08
28139,1131.944580078125,12.08
28239,1131.944580078125,12.08
28339,1131.944580078125,12.08
28439,1131.944580078125,12.08
28539,1131.944580078125,12.08
28639,1131.944580078125,12.08
28739,1131.944580078125,12.08
28839,1131.944580078125,12.08
28939,1131.944580078125,12.08
29039,1131.944580078125,12.08
29139,1131.944580078125,12.08
29239,1131.944580078125,12.08
29339,1131.944580078125,12.08
29439,1131.944580078125,12.08
29539,1131.944580078125,12.08
29639,1131.944580078125,12.08
29739,1131.944580078125,12.08
29839,1131.944580078125,12.08
29939,1131.944580078125,12.08
30039,1131.944580078125,12.08
30139,1131.944580078125,12.08
30239,1131.944580078125,12.08
30339,1131.944580078125,12.08
30439,1131.944580078125,12.08
30539,1131.944580078125,12.08
32821,1131.944580078125,11.98
32921,1131.944580078125,11.98
33021,1131.944580078125,11.98
33121,1131.944580078125,11.98
33221,1131.944580078125,11.98
33321,1131.944580078125,11.98
33421,1131.944580078125,11.98
33521,1131.944580078125,11.98
33621,1133.825927734375,11.98
33721,1133.825927734375,11.98
33821,1133.825927734375,11.98
33921,1133.825927734375,11.98
34021,1133.825927734375,11.98
34121,1133.825927734375,11.98
34221,1133.825927734375,11.98
34321,1133.825927734375,11.98
34421,1133.825927734375,11.98
34521,1133.825927734375,11.98
34621,1133.825927734375,11.98
34721,1133.825927734375,11.98
34821,1133.825927734375,11.98
34921,1133.825927734375,11.98
35021,1133.825927734375,11.98
35121,1133.825927734375,11.98
35221,1133.825927734375,11.98
35321,1133.825927734375,11.98
35421,1133.825927734375,11.98
35521,1133.825927734375,11.98
35621,1133.825927734375,11.98
35721,1133.825927734375,11.98
35821,1133.825927734375,11.98
35921,1133.825927734375,11.98
36021,1133.825927734375,11.98
36121,1133.825927734375,11.98
36221,1133.825927734375,11.98
36321,1133.825927734375,11.98
36421,1133.9605712890625,11.98
36521,1133.9605712890625,11.98
36621,1133.9605712890625,11.98
36721,1133.9605712890625,11.98
36821,1133.9605712890625,11.98
36921,1133.9605712890625,11.98
37021,1133.9605712890625,11.98
37121,1134.510009765625,11.98
37221,1134.510009765625,11.98
37321,1134.510009765625,11.98
37421,1134.510009765625,11.98
37521,1134.510009765625,11.98
37621,1134.510009765625,11.98
37721,1134.510009765625,11.98
37821,1134.510009765625,11.98
37921,1134.510009765625,11.98
38021,1134.510009765625,11.98
41717,1139.420654296875,11.98
41717,1139.420654296875,11.96
41817,1139.420654296875,11.96
41917,1139.420654296875,11.96
42017,1139.420654296875,11.96
42117,1139.420654296875,11.96
42217,1139.420654296875,11.96
42317,1139.420654296875,11.96
42417,1139.420654296875,11.96
42517,1139.420654296875,11.96
42617,1139.420654296875,11.96
42717,1139.420654296875,11.96
42817,1139.420654296875,11.96
42917,1139.420654296875,11.96
43017,1139.420654296875,11.96
43117,1139.420654296875,11.96
43217,1139.420654296875,11.96
43317,1139.420654296875,11.96
43417,1139.420654296875,11.96
43517,1139.420654296875,11.96
43617,1139.420654296875,11.96
43717,1139.420654296875,11.96
43817,1139.420654296875,11.96
43917,1139.420654296875,11.96
44017,1139.420654296875,11.96
44117,1139.420654296875,11.96
44217,1139.420654296875,11.96
44317,1139.420654296875,11.96
44417,1139.420654296875,11.96
44517,1139.420654296875,11.96
44617,1139.420654296875,11.96
44717,1139.420654296875,11.96
44817,1139.420654296875,11.96
44917,1139.420654296875,11.96
45017,1139.420654296875,11.96
45117,1139.420654296875,11.96
45217,1139.420654296875,11.96
45317,1139.558349609375,11.96
45417,1139.558349609375,11.96
45517,1139.558349609375,11.96
45617,1139.558349609375,11.96
45717,1139.558349609375,11.96
45817,1139.558349609375,11.96
45917,1139.558349609375,11.96
46017,1139.558349609375,11.96
46117,1139.558349609375,11.96
46217,1139.558349609375,11.96
46317,1139.558349609375,11.96
46417,1139.558349609375,11.96
46517,1139.558349609375,11.96
46617,1139.558349609375,11.96
46717,1139.558349609375,11.96
46817,1139.558349609375,11.96
46917,1139.558349609375,11.96
51482,1142.4755859375,11.96
51482,1142.4755859375,11.91
51582,1142.4755859375,11.91
51682,1142.4755859375,11.91
51782,1142.4755859375,11.91
51882,1142.4755859375,11.91
51982,1142.4755859375,11.91
52082,1142.4755859375,11.91
52182,1142.4755859375,11.91
52282,1142.4755859375,11.91
52382,1142.4755859375,11.91
52482,1142.4755859375,11.91
52582,1142.4755859375,11.91
52682,1142.4755859375,11.91
52782,1142.4755859375,11.91
52882,1142.4755859375,11.91
52982,1142.4755859375,11.91
53082,1142.4755859375,11.91
53182,1142.4755859375,11.91
53282,1142.4755859375,11.91
53382,1142.4755859375,11.91
53482,1142.4755859375,11.91
53582,1147.4869384765625,11.91
53682,1147.4869384765625,11.91
53782,1147.4869384765625,11.91
53882,1147.4869384765625,11.91
53982,1147.4869384765625,11.91
54082,1147.4869384765625,11.91
54182,1147.4869384765625,11.91
54282,1147.4869384765625,11.91
54382,1147.4869384765625,11.91
54482,1147.4869384765625,11.91
54582,1147.4869384765625,11.91
54682,1147.4869384765625,11.91
54782,1147.4869384765625,11.91
54882,1147.4869384765625,11.91
54982,1147.4869384765625,11.91
55082,1147.4869384765625,11.91
55182,1147.4869384765625,11.91
55282,1147.4869384765625,11.91
55382,1147.4869384765625,11.91
55482,1147.4869384765625,11.91
55582,1147.4869384765625,11.91
55682,1147.4869384765625,11.91
55782,1147.4869384765625,11.91
55882,1147.4869384765625,11.91
55982,1147.4869384765625,11.91
56082,1147.4869384765625,11.91
56182,1147.4869384765625,11.91
56282,1147.4869384765625,11.91
56382,1147.4869384765625,11.91
56482,1147.4869384765625,11.91
56582,1147.4869384765625,11.91
56682,1147.4869384765625,11.91
61620,1147.4869384765625,11.87
61720,1147.4869384765625,11.87
61820,1147.4869384765625,11.87
61920,1147.4869384765625,11.87
62020,1147.4869384765625,11.87
62120,1147.4869384765625,11.87
62220,1147.4869384765625,11.87
62320,1147.4869384765625,11.87
62420,1147.4869384765625,11.87
62520,1147.4869384765625,11.87
62620,1147.4869384765625,11.87
62720,1147.4869384765625,11.87
62820,1147.4869384765625,11.87
62920,1147.4869384765625,11.87
63020,1147.4869384765625,11.87
63120,1147.4869384765625,11.87
63220,1147.4869384765625,11.87
63320,1147.4869384765625,11.87
63420,1147.4869384765625,11.87
63520,1147.4869384765625,11.87
63620,1147.4869384765625,11.87
63720,1147.4869384765625,11.87
63820,1147.4869384765625,11.87
63920,1147.4869384765625,11.87
64020,1147.4869384765625,11.87
64120,1147.4869384765625,11.87
64220,1147.4869384765625,11.87
64320,1147.4869384765625,11.87
64420,1147.4869384765625,11.87
64520,1147.4869384765625,11.87
64620,1150.7772216796875,11.87
64720,1150.7772216796875,11.87
64820,1150.7772216796875,11.87
64920,1150.7772216796875,11.87
65020,1150.7772216796875,11.87
65120,1150.7772216796875,11.87
65220,1150.7772216796875,11.87
65320,1150.7772216796875,11.87
65420,1150.7772216796875,11.87
65520,1150.7772216796875,11.87
65620,1150.7772216796875,11.87
65720,1150.7772216796875,11.87
65820,1150.7772216796875,11.87
65920,1150.7772216796875,11.87
66020,1150.7772216796875,11.87
66120,1150.7772216796875,11.87
66220,1150.7772216796875,11.87
66320,1150.7772216796875,11.87
66420,1150.7772216796875,11.87
66520,1150.7772216796875,11.87
66620,1150.7772216796875,11.87
66720,1150.7772216796875,11.87
66820,1150.7772216796875,11.87
72184,1150.7772216796875,11.88
72284,1150.7772216796875,11.88
72384,1150.7772216796875,11.88
72484,1150.7772216796875,11.88
72584,1150.7772216796875,11.88
72684,1150.7772216796875,11.88
72784,1150.7772216796875,11.88
72884,1150.7772216796875,11.88
72984,1150.7772216796875,11.88
73084,1150.7772216796875,11.88
73184,1150.7772216796875,11.88
73284,1150.7772216796875,11.88
73384,1150.7772216796875,11.88
73484,1150.7772216796875,11.88
73584,1150.7772216796875,11.88
73684,1150.7772216796875,11.88
73784,1150.7772216796875,11.88
73884,1150.7772216796875,11.88
73984,1150.7772216796875,11.88
74084,1150.7772216796875,11.88
74184,1150.7772216796875,11.88
74284,1150.7772216796875,11.88
74384,1150.7772216796875,11.88
74484,1150.7772216796875,11.88
74584,1150.7772216796875,11.88
74684,1150.7772216796875,11.88
74784,1150.7772216796875,11.88
74884,1150.7772216796875,11.88
74984,1150.7772216796875,11.88
75084,1150.7772216796875,11.88
75184,1150.7772216796875,11.88
75284,1150.7772216796875,11.88
75384,1150.7772216796875,11.88
75484,1150.7772216796875,11.88
75584,1150.7772216796875,11.88
75684,1150.7772216796875,11.88
75784,1150.7772216796875,11.88
75884,1150.7772216796875,11.88
75984,1150.7772216796875,11.88
76084,1150.7772216796875,11.88
76184,1150.7772216796875,11.88
76284,1150.7772216796875,11.88
76384,1150.7772216796875,11.88
76484,1150.7772216796875,11.88
76584,1150.7772216796875,11.88
76684,1150.7772216796875,11.88
76784,1150.7772216796875,11.88
76884,1150.7772216796875,11.88
76984,1150.7772216796875,11.88
77084,1150.7772216796875,11.88
77184,1150.7772216796875,11.88
77284,1150.7772216796875,11.88
77384,1150.7772216796875,11.88
82784,1150.7772216796875,11.87
82884,1150.7772216796875,11.87
82984,1150.7772216796875,11.87
83084,1150.7772216796875,11.87
83184,1150.7772216796875,11.87
83284,1150.7772216796875,11.87
83384,1150.7772216796875,11.87
83484,1150.7772216796875,11.87
83584,1150.7772216796875,11.87
83684,1150.7772216796875,11.87
83784,1150.7772216796875,11.87
83884,1150.7772216796875,11.87
83984,1150.7772216796875,11.87
84084,1150.7772216796875,11.87
84184,1150.7772216796875,11.87
84284,1150.7772216796875,11.87
84384,1150.7772216796875,11.87
84484,1150.7772216796875,11.87
84584,1150.7772216796875,11.87
84684,1150.7772216796875,11.87
84784,1150.7772216796875,11.87
84884,1150.7772216796875,11.87
84984,1150.7772216796875,11.87
85084,1150.7772216796875,11.87
85184,1150.7772216796875,11.87
85284,1150.7772216796875,11.87
85384,1150.7772216796875,11.87
85484,1150.7772216796875,11.87
85584,1150.7772216796875,11.87
85684,1150.7772216796875,11.87
85784,1150.7772216796875,11.87
85884,1150.7772216796875,11.87
85984,1150.7772216796875,11.87
86084,1150.7772216796875,11.87
86184,1150.7772216796875,11.87
86284,1150.7772216796875,11.87
86384,1150.7772216796875,11.87
86484,1150.7772216796875,11.87
86584,1150.7772216796875,11.87
86684,1150.7772216796875,11.87
86784,1150.7772216796875,11.87
86884,1150.7772216796875,11.87
86984,1150.7772216796875,11.87
87084,1150.7772216796875,11.87
87184,1150.7772216796875,11.87
87284,1150.7772216796875,11.87
87384,1150.7772216796875,11.87
87484,1150.7772216796875,11.87
87584,1150.7772216796875,11.87
87684,1150.7772216796875,11.87
87784,1150.7772216796875,11.87
87884,1150.7772216796875,11.87
87984,1150.7772216796875,11.87
93384,1150.7772216796875,11.84
93484,1150.7772216796875,11.84
93584,1150.7772216796875,11.84
93684,1150.7772216796875,11.84
93784,1150.7772216796875,11.84
93884,1150.7772216796875,11.84
93984,1150.7772216796875,11.84
94084,1150.7772216796875,11.84
94184,1150.7772216796875,11.84
94284,1150.7772216796875,11.84
94384,1150.7772216796875,11.84
94484,1150.7772216796875,11.84
94584,1150.7772216796875,11.84
94684,1150.7772216796875,11.84
94784,1150.7772216796875,11.84
94884,1150.7772216796875,11.84
94984,1150.7772216796875,11.84
95084,1150.7772216796875,11.84
95184,1150.7772216796875,11.84
95284,1150.7772216796875,11.84
95384,1150.7772216796875,11.84
95484,1150.7772216796875,11.84
95584,1150.7772216796875,11.84
95684,1150.7772216796875,11.84
95784,1150.7772216796875,11.84
95884,1150.7772216796875,11.84
95984,1150.7772216796875,11.84
96084,1150.7772216796875,11.84
96184,1150.7772216796875,11.84
96284,1150.7772216796875,11.84
96384,1150.7772216796875,11.84
96484,1150.7772216796875,11.84
96584,1150.7772216796875,11.84
96684,1150.7772216796875,11.84
96784,1150.7772216796875,11.84
96884,1150.7772216796875,11.84
96984,1150.7772216796875,11.84
97084,1150.7772216796875,11.84
97184,1150.7772216796875,11.84
97284,1150.7772216796875,11.84
97384,1150.7772216796875,11.84
97484,1150.7772216796875,11.84
97584,1150.7772216796875,11.84
97684,1150.7772216796875,11.84
97784,1150.7772216796875,11.84
97884,1150.7772216796875,11.84
97984,1150.7772216796875,11.84
98084,1150.7772216796875,11.84
98184,1150.7772216796875,11.84
98284,1150.7772216796875,11.84
98384,1150.7772216796875,11.84
98484,1150.7772216796875,11.84
98584,1150.7772216796875,11.84
103984,1150.7772216796875,12.52
104084,1150.7772216796875,12.52
104184,1150.7772216796875,12.52
104284,1150.7772216796875,12.52
104384,1150.7772216796875,12.52
104484,1150.7772216796875,12.52
104584,1150.7772216796875,12.52
104684,1150.7772216796875,12.52
104784,1150.7772216796875,12.52
104884,1150.7772216796875,12.52
104984,1150.7772216796875,12.52
105084,1150.7772216796875,12.52
105184,1150.7772216796875,12.52
105284,1150.7772216796875,12.52
105384,1150.7772216796875,12.52
105484,1150.7772216796875,12.52
105584,1150.7772216796875,12.52
105684,1150.7772216796875,12.52
105784,1150.7772216796875,12.52
105884,1150.7772216796875,12.52
105984,1150.7772216796875,12.52
106084,1150.7772216796875,12.52
106184,1150.7772216796875,12.52
106284,1150.7772216796875,12.52
106384,1150.7772216796875,12.52
106484,1150.7772216796875,12.52
106584,1150.7772216796875,12.52
106684,1150.7772216796875,12.52
106784,1150.7772216796875,12.52
106884,1150.7772216796875,12.52
106984,1150.7772216796875,12.52
107084,1150.7772216796875,12.52
107184,1150.7772216796875,12.52
107284,1150.7772216796875,12.52
107384,1150.7772216796875,12.52
107484,1150.7772216796875,12.52
107584,1150.7772216796875,12.52
107684,1150.7772216796875,12.52
107784,1150.7772216796875,12.52
107884,1150.7772216796875,12.52
107984,1150.7772216796875,12.52
108084,1150.7772216796875,12.52
108184,1150.7772216796875,12.52
108284,1150.7772216796875,12.52
108384,1150.7772216796875,12.52
108484,1150.7772216796875,12.52
108584,1150.7772216796875,12.52
108684,1150.7772216796875,12.52
108784,1150.7772216796875,12.52
108884,1150.7772216796875,12.52
108984,1150.7772216796875,12.52
109084,1150.7772216796875,12.52
109184,1150.7772216796875,12.52
114584,1150.7772216796875,11.89
114684,1150.7772216796875,11.89
114784,1150.7772216796875,11.89
114884,1150.7772216796875,11.89
114984,1150.7772216796875,11.89
115084,1150.7772216796875,11.89
115184,1150.7772216796875,11.89
115284,1150.7772216796875,11.89
115384,1150.7772216796875,11.89
115484,1150.7772216796875,11.89
115584,1150.7772216796875,11.89
115684,1150.7772216796875,11.89
115784,1150.7772216796875,11.89
115884,1150.7772216796875,11.89
115984,1150.7772216796875,11.89
116084,1150.7772216796875,11.89
116184,1150.7772216796875,11.89
116284,1150.7772216796875,11.89
116384,1150.7772216796875,11.89
116484,1150.7772216796875,11.89
116584,1150.7772216796875,11.89
116684,1150.7772216796875,11.89
116784,1150.7772216796875,11.89
116884,1150.7772216796875,11.89
116984,1150.7772216796875,11.89
117084,1150.7772216796875,11.89
117184,1150.7772216796875,11.89
117284,1150.7772216796875,11.89
117384,1150.7772216796875,11.89
117484,1150.7772216796875,11.89
117584,1150.7772216796875,11.89
117684,1150.7772216796875,11.89
117784,1150.7772216796875,11.89
117884,1150.7772216796875,11.89
117984,1150.7772216796875,11.89
118084,1150.7772216796875,11.89
118184,1150.7772216796875,11.89
118284,1150.7772216796875,11.89
118384,1150.7772216796875,11.89
118484,1150.7772216796875,11.89
118584,1150.7772216796875,11.89
118684,1150.7772216796875,11.89
118784,1150.7772216796875,11.89
118884,1150.7772216796875,11.89
118984,1150.7772216796875,11.89
119084,1150.7772216796875,11.89
119184,1150.7772216796875,11.89
119284,1150.7772216796875,11.89
119384,1150.7772216796875,11.89
119484,1150.7772216796875,11.89
119584,1150.7772216796875,11.89
119684,1150.7772216796875,11.89
119784,1150.7772216796875,11.89
125184,1150.7772216796875,11.88
125284,1150.7772216796875,11.88
125384,1150.7772216796875,11.88
125484,1150.7772216796875,11.88
125584,1150.7772216796875,11.88
125684,1150.7772216796875,11.88
125784,1150.7772216796875,11.88
125884,1150.7772216796875,11.88
125984,1150.7772216796875,11.88
126084,1150.7772216796875,11.88
126184,1150.7772216796875,11.88
126284,1150.7772216796875,11.88
126384,1150.7772216796875,11.88
126484,1150.7772216796875,11.88
126584,1150.7772216796875,11.88
126684,1150.7772216796875,11.88
126784,1150.7772216796875,11.88
126884,1150.7772216796875,11.88
126984,1150.7772216796875,11.88
127084,1150.7772216796875,11.88
127184,1150.7772216796875,11.88
127284,1150.7772216796875,11.88
127384,1150.7772216796875,11.88
127484,1150.7772216796875,11.88
127584,1150.7772216796875,11.88
127684,1150.7772216796875,11.88
127784,1150.7772216796875,11.88
127884,1150.7772216796875,11.88
127984,1150.7772216796875,11.88
128084,1150.7772216796875,11.88
128184,1150.7772216796875,11.88
128284,1150.7772216796875,11.88
128384,1150.7772216796875,11.88
128484,1150.7772216796875,11.88
128584,1150.7772216796875,11.88
128684,1150.7772216796875,11.88
128784,1150.7772216796875,11.88
128884,1150.7772216796875,11.88
128984,1150.7772216796875,11.88
129084,1150.7772216796875,11.88
129184,1150.7772216796875,11.88
129284,1150.7772216796875,11.88
129384,1150.7772216796875,11.88
129484,1150.7772216796875,11.88
129584,1150.7772216796875,11.88
129684,1150.7772216796875,11.88
129784,1150.7772216796875,11.88
129884,1150.7772216796875,11.88
129984,1150.7772216796875,11.88
130084,1150.7772216796875,11.88
130184,1150.7772216796875,11.88
130284,1150.7772216796875,11.88
130384,1150.7772216796875,11.88
135784,1150.7772216796875,11.92
135884,1150.7772216796875,11.92
135984,1150.7772216796875,11.92
136084,1150.7772216796875,11.92
136184,1150.7772216796875,11.92
136284,1150.7772216796875,11.92
136384,1150.7772216796875,11.92
136484,1150.7772216796875,11.92
136584,1150.7772216796875,11.92
136684,1150.7772216796875,11.92
136784,1150.7772216796875,11.92
136884,1150.7772216796875,11.92
136984,1150.7772216796875,11.92
137084,1150.7772216796875,11.92
137184,1150.7772216796875,11.92
137284,1150.7772216796875,11.92
137384,1150.7772216796875,11.92
137484,1150.7772216796875,11.92
137584,1150.7772216796875,11.92
137684,1150.7772216796875,11.92
137784,1150.7772216796875,11.92
137884,1150.7772216796875,11.92
137984,1150.7772216796875,11.92
138084,1150.7772216796875,11.92
138184,1150.7772216796875,11.92
138284,1150.7772216796875,11.92
138384,1150.7772216796875,11.92
138484,1150.7772216796875,11.92
138584,1150.7772216796875,11.92
138684,1150.7772216796875,11.92
138784,1150.7772216796875,11.92
138884,1150.7772216796875,11.92
138984,1150.7772216796875,11.92
139084,1150.7772216796875,11.92
139184,1150.7772216796875,11.92
139284,1150.7772216796875,11.92
139384,1150.7772216796875,11.92
139484,1150.7772216796875,11.92
139584,1150.7772216796875,11.92
139684,1150.7772216796875,11.92
139784,1150.7772216796875,11.92
139884,1150.7772216796875,11.92
139984,1150.7772216796875,11.92
140084,1150.7772216796875,11.92
140184,1150.7772216796875,11.92
140284,1150.7772216796875,11.92
140384,1150.7772216796875,11.92
140484,1150.7772216796875,11.92
140584,1150.7772216796875,11.92
140684,1150.7772216796875,11.92
140784,1150.7772216796875,11.92
140884,1150.7772216796875,11.92
140984,1150.7772216796875,11.92
146384,1150.7772216796875,11.91
146484,1150.7772216796875,11.91
146584,1150.7772216796875,11.91
146684,1150.7772216796875,11.91
146784,1150.7772216796875,11.91
146884,1150.7772216796875,11.91
146984,1150.7772216796875,11.91
147084,1150.7772216796875,11.91
147184,1150.7772216796875,11.91
147284,1150.7772216796875,11.91
147384,1150.7772216796875,11.91
147484,1150.7772216796875,11.91
147584,1150.7772216796875,11.91
147684,1150.7772216796875,11.91
147784,1150.7772216796875,11.91
147884,1150.7772216796875,11.91
147984,1150.7772216796875,11.91
148084,1150.7772216796875,11.91
148184,1150.7772216796875,11.91
148284,1150.7772216796875,11.91
148384,1150.7772216796875,11.91
148484,1150.7772216796875,11.91
148584,1150.7772216796875,11.91
148684,1150.7772216796875,11.91
148784,1150.7772216796875,11.91
148884,1150.7772216796875,11.91
148984,1150.7772216796875,11.91
149084,1150.7772216796875,11.91
149184,1150.7772216796875,11.91
149284,1150.7772216796875,11.91
149384,1150.7772216796875,11.91
149484,1150.7772216796875,11.91
149584,1150.7772216796875,11.91
149684,1150.7772216796875,11.91
149784,1150.7772216796875,11.91
149884,1150.7772216796875,11.91
149984,1150.7772216796875,11.91
150084,1150.7772216796875,11.91
150184,1150.7772216796875,11.91
150284,1150.7772216796875,11.91
150384,1150.7772216796875,11.91
150484,1150.7772216796875,11.91
150584,1150.7772216796875,11.91
150684,1150.7772216796875,11.91
150784,1150.7772216796875,11.91
150884,1150.7772216796875,11.91
150984,1150.7772216796875,11.91
151084,1150.7772216796875,11.91
151184,1150.7772216796875,11.91
151284,1150.7772216796875,11.91
151384,1150.7772216796875,11.91
151484,1150.7772216796875,11.91
151584,1150.7772216796875,11.91
156984,1150.7772216796875,11.92
157084,1150.7772216796875,11.92
157184,1150.7772216796875,11.92
157284,1150.7772216796875,11.92
157384,1150.7772216796875,11.92
157484,1150.7772216796875,11.92
157584,1150.7772216796875,11.92
157684,1150.7772216796875,11.92
157784,1150.7772216796875,11.92
157884,1150.7772216796875,11.92
157984,1150.7772216796875,11.92
158084,1150.7772216796875,11.92
158184,1150.7772216796875,11.92
158284,1150.7772216796875,11.92
158384,1150.7772216796875,11.92
158484,1150.7772216796875,11.92
158584,1150.7772216796875,11.92
158684,1150.7772216796875,11.92
158784,1150.7772216796875,11.92
158884,1150.7772216796875,11.92
158984,1150.7772216796875,11.92
159084,1150.7772216796875,11.92
159184,1150.7772216796875,11.92
159284,1150.7772216796875,11.92
159384,1150.7772216796875,11.92
159484,1150.7772216796875,11.92
159584,1150.7772216796875,11.92
159684,1150.7772216796875,11.92
159784,1150.7772216796875,11.92
159884,1150.7772216796875,11.92
159984,1150.7772216796875,11.92
160084,1150.7772216796875,11.92
160184,1150.7772216796875,11.92
160284,1150.7772216796875,11.92
160384,1150.7772216796875,11.92
160484,1150.7772216796875,11.92
160584,1150.7772216796875,11.92
160684,1150.7772216796875,11.92
160784,1150.7772216796875,11.92
160884,1150.7772216796875,11.92
160984,1150.7772216796875,11.92
161084,1150.7772216796875,11.92
161184,1150.7772216796875,11.92
161284,1150.7772216796875,11.92
161384,1150.7772216796875,11.92
161484,1150.7772216796875,11.92
161584,1150.7772216796875,11.92
161684,1150.7772216796875,11.92
161784,1150.7772216796875,11.92
161884,1150.7772216796875,11.92
161984,1150.7772216796875,11.92
162084,1150.7772216796875,11.92
162184,1150.7772216796875,11.92
167584,1150.7772216796875,11.89
167684,1150.7772216796875,11.89
167784,1150.7772216796875,11.89
167884,1150.7772216796875,11.89
167984,1150.7772216796875,11.89
168084,1150.7772216796875,11.89
168184,1150.7772216796875,11.89
168284,1150.7772216796875,11.89
168384,1150.7772216796875,11.89
168484,1150.7772216796875,11.89
168584,1150.7772216796875,11.89
168684,1150.7772216796875,11.89
168784,1150.7772216796875,11.89
168884,1150.7772216796875,11.89
168984,1150.7772216796875,11.89
169084,1150.7772216796875,11.89
169184,1150.7772216796875,11.89
169284,1150.7772216796875,11.89
169384,1150.7772216796875,11.89
169484,1150.7772216796875,11.89
169584,1150.7772216796875,11.89
169684,1150.7772216796875,11.89
169784,1150.7772216796875,11.89
169884,1150.7772216796875,11.89
169984,1150.7772216796875,11.89
170084,1150.7772216796875,11.89
170184,1150.7772216796875,11.89
170284,1150.7772216796875,11.89
170384,1150.7772216796875,11.89
170484,1150.7772216796875,11.89
170584,1150.7772216796875,11.89
170684,1150.7772216796875,11.89
170784,1150.7772216796875,11.89
170884,1150.7772216796875,11.89
170984,1150.7772216796875,11.89
171084,1150.7772216796875,11.89
171184,1150.7772216796875,11.89
171284,1150.7772216796875,11.89
171384,1150.7772216796875,11.89
171484,1150.7772216796875,11.89
171584,1150.7772216796875,11.89
171684,1150.7772216796875,11.89
171784,1150.7772216796875,11.89
171884,1150.7772216796875,11.89
171984,1150.7772216796875,11.89
172084,1150.7772216796875,11.89
172184,1150.7772216796875,11.89
172284,1150.7772216796875,11.89
172384,1150.7772216796875,11.89
172484,1150.7772216796875,11.89
172584,1150.7772216796875,11.89
172684,1150.7772216796875,11.89
172784,1150.7772216796875,11.89
178184,1150.7772216796875,11.91
178284,1150.7772216796875,11.91
178384,1150.7772216796875,11.91
178484,1150.7772216796875,11.91
178584,1150.7772216796875,11.91
178684,1150.7772216796875,11.91
178784,1150.7772216796875,11.91
178884,1150.7772216796875,11.91
178984,1150.7772216796875,11.91
179084,1150.7772216796875,11.91
179184,1150.7772216796875,11.91
179284,1150.7772216796875,11.91
179384,1150.7772216796875,11.91
179484,1150.7772216796875,11.91
179584,1150.7772216796875,11.91
179684,1150.7772216796875,11.91
179784,1150.7772216796875,11.91
179884,1150.7772216796875,11.91
179984,1150.7772216796875,11.91
180084,1150.7772216796875,11.91
180184,1150.7772216796875,11.91
180284,1150.7772216796875,11.91
180384,1150.7772216796875,11.91
180484,1150.7772216796875,11.91
180584,1150.7772216796875,11.91
180684,1150.7772216796875,11.91
180784,1150.7772216796875,11.91
180884,1150.7772216796875,11.91
180984,1150.7772216796875,11.91
181084,1150.7772216796875,11.91
181184,1150.7772216796875,11.91
181284,1150.7772216796875,11.91
181384,1150.7772216796875,11.91
181484,1150.7772216796875,11.91
181584,1150.7772216796875,11.91
181684,1150.7772216796875,11.91
181784,1150.7772216796875,11.91
181884,1150.7772216796875,11.91
181984,1150.7772216796875,11.91
182084,1150.7772216796875,11.91
182184,1150.7772216796875,11.91
182284,1150.7772216796875,11.91
182384,1150.7772216796875,11.91
182484,1150.7772216796875,11.91
182584,1150.7772216796875,11.91
182684,1150.7772216796875,11.91
182784,1150.7772216796875,11.91
182884,1150.7772216796875,11.91
182984,1150.7772216796875,11.91
183084,1150.7772216796875,11.91
183184,1150.7772216796875,11.91
183284,1150.7772216796875,11.91
183384,1150.7772216796875,11.91
188784,1150.7772216796875,11.93
188884,1150.7772216796875,11.93
188984,1150.7772216796875,11.93
189084,1150.7772216796875,11.93
189184,1150.7772216796875,11.93
189284,1150.7772216796875,11.93
189384,1150.7772216796875,11.93
189484,1150.7772216796875,11.93
189584,1150.7772216796875,11.93
189684,1150.7772216796875,11.93
189784,1150.7772216796875,11.93
189884,1150.7772216796875,11.93
189984,1150.7772216796875,11.93
190084,1150.7772216796875,11.93
190184,1150.7772216796875,11.93
190284,1150.7772216796875,11.93
190384,1150.7772216796875,11.93
190484,1150.7772216796875,11.93
190584,1150.7772216796875,11.93
190684,1150.7772216796875,11.93
190784,1150.7772216796875,11.93
190884,1150.7772216796875,11.93
190984,1150.7772216796875,11.93
191084,1150.7772216796875,11.93
191184,1150.7772216796875,11.93
191284,1150.7772216796875,11.93
191384,1150.7772216796875,11.93
191484,1150.7772216796875,11.93
191584,1150.7772216796875,11.93
191684,1150.7772216796875,11.93
191784,1150.7772216796875,11.93
191884,1150.7772216796875,11.93
191984,1150.7772216796875,11.93
192084,1150.7772216796875,11.93
192184,1150.7772216796875,11.93
192284,1150.7772216796875,11.93
192384,1150.7772216796875,11.93
192484,1150.7772216796875,11.93
192584,1150.7772216796875,11.93
192684,1150.7772216796875,11.93
192784,1150.7772216796875,11.93
192884,1150.7772216796875,11.93
192984,1150.7772216796875,11.93
193084,1150.7772216796875,11.93
193184,1150.7772216796875,11.93
193284,1150.7772216796875,11.93
193384,1150.7772216796875,11.93
193484,1150.7772216796875,11.93
193584,1150.7772216796875,11.93
193684,1150.7772216796875,11.93
193784,1150.7772216796875,11.93
193884,1150.7772216796875,11.93
193984,1150.7772216796875,11.93
199384,1150.7772216796875,11.94
199484,1150.7772216796875,11.94
199584,1150.7772216796875,11.94
199684,1150.7772216796875,11.94
199784,1150.7772216796875,11.94
199884,1150.7772216796875,11.94
199984,1150.7772216796875,11.94
200084,1150.7772216796875,11.94
200184,1150.7772216796875,11.94
200284,1150.7772216796875,11.94
200384,1150.7772216796875,11.94
200484,1150.7772216796875,11.94
200584,1150.7772216796875,11.94
200684,1150.7772216796875,11.94
200784,1150.7772216796875,11.94
200884,1150.7772216796875,11.94
200984,1150.7772216796875,11.94
201084,1150.7772216796875,11.94
201184,1150.7772216796875,11.94
201284,1150.7772216796875,11.94
201384,1150.7772216796875,11.94
201484,1150.7772216796875,11.94
201584,1150.7772216796875,11.94
201684,1150.7772216796875,11.94
201784,1150.7772216796875,11.94
201884,1150.7772216796875,11.94
201984,1150.7772216796875,11.94
202084,1150.7772216796875,11.94
202184,1150.7772216796875,11.94
202284,1150.7772216796875,11.94
202384,1150.7772216796875,11.94
202484,1150.7772216796875,11.94
202584,1150.7772216796875,11.94
202684,1150.7772216796875,11.94
202784,1150.7772216796875,11.94
202884,1150.7772216796875,11.94
202984,1150.7772216796875,11.94
203084,1150.7772216796875,11.94
203184,1150.7772216796875,11.94
203284,1150.7772216796875,11.94
203384,1150.7772216796875,11.94
203484,1150.7772216796875,11.94
203584,1150.7772216796875,11.94
203684,1150.7772216796875,11.94
203784,1150.7772216796875,11.94
203884,1150.7772216796875,11.94
203984,1150.7772216796875,11.94
204084,1150.7772216796875,11.94
204184,1150.7772216796875,11.94
204284,1150.7772216796875,11.94
204384,1150.7772216796875,11.94
204484,1150.7772216796875,11.94
204584,1150.7772216796875,11.94
209984,1150.7772216796875,11.91
210084,1150.7772216796875,11.91
210184,1150.7772216796875,11.91
210284,1150.7772216796875,11.91
210384,1150.7772216796875,11.91
210484,1150.7772216796875,11.91
210584,1150.7772216796875,11.91
210684,1150.7772216796875,11.91
210784,1150.7772216796875,11.91
210884,1150.7772216796875,11.91
210984,1150.7772216796875,11.91
211084,1150.7772216796875,11.91
211184,1150.7772216796875,11.91
211284,1150.7772216796875,11.91
211384,1150.7772216796875,11.91
211484,1150.7772216796875,11.91
211584,1150.7772216796875,11.91
211684,1150.7772216796875,11.91
211784,1150.7772216796875,11.91
211884,1150.7772216796875,11.91
211984,1150.7772216796875,11.91
212084,1150.7772216796875,11.91
212184,1150.7772216796875,11.91
212284,1150.7772216796875,11.91
212384,1150.7772216796875,11.91
212484,1150.7772216796875,11.91
212584,1150.7772216796875,11.91
212684,1150.7772216796875,11.91
212784,1150.7772216796875,11.91
212884,1150.7772216796875,11.91
212984,1150.7772216796875,11.91
213084,1150.7772216796875,11.91
213184,1150.7772216796875,11.91
213284,1150.7772216796875,11.91
213384,1150.7772216796875,11.91
213484,1150.7772216796875,11.91
213584,1150.7772216796875,11.91
213684,1150.7772216796875,11.91
213784,1150.7772216796875,11.91
213884,1150.7772216796875,11.91
213984,1150.7772216796875,11.91
214084,1150.7772216796875,11.91
214184,1150.7772216796875,11.91
214284,1150.7772216796875,11.91
214384,1150.7772216796875,11.91
214484,1150.7772216796875,11.91
214584,1150.7772216796875,11.91
214684,1150.7772216796875,11.91
214784,1150.7772216796875,11.91
214884,1150.7772216796875,11.91
214984,1150.7772216796875,11.91
215084,1150.7772216796875,11.91
215184,1150.7772216796875,11.91
220584,1150.7772216796875,11.93
220684,1150.7772216796875,11.93
220784,1150.7772216796875,11.93
220884,1150.7772216796875,11.93
220984,1150.7772216796875,11.93
221084,1150.7772216796875,11.93
221184,1150.7772216796875,11.93
221284,1150.7772216796875,11.93
221384,1150.7772216796875,11.93
221484,1150.7772216796875,11.93
221584,1150.7772216796875,11.93
221684,1150.7772216796875,11.93
221784,1150.7772216796875,11.93
221884,1150.7772216796875,11.93
221984,1150.7772216796875,11.93
222084,1150.7772216796875,11.93
222184,1150.7772216796875,11.93
222284,1150.7772216796875,11.93
222384,1150.7772216796875,11.93
222484,1150.7772216796875,11.93
222584,1150.7772216796875,11.93
222684,1150.7772216796875,11.93
222784,1150.7772216796875,11.93
222884,1150.7772216796875,11.93
222984,1150.7772216796875,11.93
223084,1150.7772216796875,11.93
223184,1150.7772216796875,11.93
223284,1150.7772216796875,11.93
223384,1150.7772216796875,11.93
223484,1150.7772216796875,11.93
223584,1150.7772216796875,11.93
223684,1150.7772216796875,11.93
223784,1150.7772216796875,11.93
223884,1150.7772216796875,11.93
223984,1150.7772216796875,11.93
224084,1150.7772216796875,11.93
224184,1150.7772216796875,11.93
224284,1150.7772216796875,11.93
224384,1150.7772216796875,11.93
224484,1150.7772216796875,11.93
224584,1150.7772216796875,11.93
224684,1150.7772216796875,11.93
224784,1150.7772216796875,11.93
224884,1150.7772216796875,11.93
224984,1150.7772216796875,11.93
225084,1150.7772216796875,11.93
225184,1150.7772216796875,11.93
225284,1150.7772216796875,11.93
225384,1150.7772216796875,11.93
225484,1150.7772216796875,11.93
225584,1150.7772216796875,11.93
225684,1150.7772216796875,11.93
225784,1150.7772216796875,11.93
231184,1150.7772216796875,11.94
231284,1150.7772216796875,11.94
231384,1150.7772216796875,11.94
231484,1150.7772216796875,11.94
231584,1150.7772216796875,11.94
231684,1150.7772216796875,11.94
231784,1150.7772216796875,11.94
231884,1150.7772216796875,11.94
231984,1150.7772216796875,11.94
232084,1150.7772216796875,11.94
232184,1150.7772216796875,11.94
232284,1150.7772216796875,11.94
232384,1150.7772216796875,11.94
232484,1150.7772216796875,11.94
232584,1150.7772216796875,11.94
232684,1150.7772216796875,11.94
232784,1150.7772216796875,11.94
232884,1150.7772216796875,11.94
232984,1150.7772216796875,11.94
233084,1150.7772216796875,11.94
233184,1150.7772216796875,11.94
233284,1150.7772216796875,11.94
233384,1150.7772216796875,11.94
233484,1150.7772216796875,11.94
233584,1150.7772216796875,11.94
233684,1150.7772216796875,11.94
233784,1150.7772216796875,11.94
233884,1150.7772216796875,11.94
233984,1150.7772216796875,11.94
234084,1150.7772216796875,11.94
234184,1150.7772216796875,11.94
234284,1150.7772216796875,11.94
234384,1150.7772216796875,11.94
234484,1150.7772216796875,11.94
234584,1150.7772216796875,11.94
234684,1150.7772216796875,11.94
234784,1150.7772216796875,11.94
234884,1150.7772216796875,11.94
234984,1150.7772216796875,11.94
235084,1150.7772216796875,11.94
235184,1150.7772216796875,11.94
235284,1150.7772216796875,11.94
235384,1150.7772216796875,11.94
235484,1150.7772216796875,11.94
235584,1150.7772216796875,11.94
235684,1150.7772216796875,11.94
235784,1150.7772216796875,11.94
235884,1150.7772216796875,11.94
235984,1150.7772216796875,11.94
236084,1150.7772216796875,11.94
236184,1150.7772216796875,11.94
236284,1150.7772216796875,11.94
236384,1150.7772216796875,11.94
241784,1150.7772216796875,11.92
241884,1150.7772216796875,11.92
241984,1150.7772216796875,11.92
242084,1150.7772216796875,11.92
242184,1150.7772216796875,11.92
242284,1150.7772216796875,11.92
242384,1150.7772216796875,11.92
242484,1150.7772216796875,11.92
242584,1150.7772216796875,11.92
242684,1150.7772216796875,11.92
242784,1150.7772216796875,11.92
242884,1150.7772216796875,11.92
242984,1150.7772216796875,11.92
243084,1150.7772216796875,11.92
243184,1150.7772216796875,11.92
243284,1150.7772216796875,11.92
243384,1150.7772216796875,11.92
243484,1150.7772216796875,11.92
243584,1150.7772216796875,11.92
243684,1150.7772216796875,11.92
243784,1150.7772216796875,11.92
243884,1150.7772216796875,11.92
243984,1150.7772216796875,11.92
244084,1150.7772216796875,11.92
244184,1150.7772216796875,11.92
244284,1150.7772216796875,11.92
244384,1150.7772216796875,11.92
244484,1150.7772216796875,11.92
244584,1150.7772216796875,11.92
244684,1150.7772216796875,11.92
244784,1150.7772216796875,11.92
244884,1150.7772216796875,11.92
244984,1150.7772216796875,11.92
245084,1150.7772216796875,11.92
245184,1150.7772216796875,11.92
245284,1150.7772216796875,11.92
245384,1150.7772216796875,11.92
245484,1150.7772216796875,11.92
245584,1150.7772216796875,11.92
245684,1150.7772216796875,11.92
245784,1150.7772216796875,11.92
245884,1150.7772216796875,11.92
245984,1150.7772216796875,11.92
246084,1150.7772216796875,11.92
246184,1150.7772216796875,11.92
246284,1150.7772216796875,11.92
246384,1150.7772216796875,11.92
246484,1150.7772216796875,11.92
246584,1150.7772216796875,11.92
246684,1150.7772216796875,11.92
246784,1150.7772216796875,11.92
246884,1150.7772216796875,11.92
246984,1150.7772216796875,11.92
252384,1150.7772216796875,11.94
252484,1150.7772216796875,11.94
252584,1150.7772216796875,11.94
252684,1150.7772216796875,11.94
252784,1150.7772216796875,11.94
252884,1150.7772216796875,11.94
252984,1150.7772216796875,11.94
253084,1150.7772216796875,11.94
253184,1150.7772216796875,11.94
253284,1150.7772216796875,11.94
253384,1150.7772216796875,11.94
253484,1150.7772216796875,11.94
253584,1150.7772216796875,11.94
253684,1150.7772216796875,11.94
253784,1150.7772216796875,11.94
253884,1150.7772216796875,11.94
253984,1150.7772216796875,11.94
254084,1150.7772216796875,11.94
254184,1150.7772216796875,11.94
254284,1150.7772216796875,11.94
254384,1150.7772216796875,11.94
254484,1150.7772216796875,11.94
254584,1150.7772216796875,11.94
254684,1150.7772216796875,11.94
254784,1150.7772216796875,11.94
254884,1150.7772216796875,11.94
254984,1150.7772216796875,11.94
255084,1150.7772216796875,11.94
255184,1150.7772216796875,11.94
255284,1150.7772216796875,11.94
255384,1150.7772216796875,11.94
255484,1150.7772216796875,11.94
255584,1150.7772216796875,11.94
255684,1150.7772216796875,11.94
255784,1150.7772216796875,11.94
255884,1150.7772216796875,11.94
255984,1150.7772216796875,11.94
256084,1150.7772216796875,11.94
256184,1150.7772216796875,11.94
256284,1150.7772216796875,11.94
256384,1150.7772216796875,11.94
256484,1150.7772216796875,11.94
256584,1150.7772216796875,11.94
256684,1150.7772216796875,11.94
256784,1150.7772216796875,11.94
256884,1150.7772216796875,11.94
256984,1150.7772216796875,11.94
257084,1150.7772216796875,11.94
257184,1150.7772216796875,11.94
257284,1150.7772216796875,11.94
257384,1150.7772216796875,11.94
257484,1150.7772216796875,11.94
257584,1150.7772216796875,11.94
262984,1150.7772216796875,11.92
263084,1150.7772216796875,11.92
263184,1150.7772216796875,11.92
263284,1150.7772216796875,11.92
263384,1150.7772216796875,11.92
263484,1150.7772216796875,11.92
263584,1150.7772216796875,11.92
263684,1150.7772216796875,11.92
263784,1150.7772216796875,11.92
263884,1150.7772216796875,11.92
263984,1150.7772216796875,11.92
264084,1150.7772216796875,11.92
264184,1150.7772216796875,11.92
264284,1150.7772216796875,11.92
264384,1150.7772216796875,11.92
264484,1150.7772216796875,11.92
264584,1150.7772216796875,11.92
264684,1150.7772216796875,11.92
264784,1150.7772216796875,11.92
264884,1150.7772216796875,11.92
264984,1150.7772216796875,11.92
265084,1150.7772216796875,11.92
265184,1150.7772216796875,11.92
265284,1150.7772216796875,11.92
265384,1150.7772216796875,11.92
265484,1150.7772216796875,11.92
265584,1150.7772216796875,11.92
265684,1150.7772216796875,11.92
265784,1150.7772216796875,11.92
265884,1150.7772216796875,11.92
265984,1150.7772216796875,11.92
266084,1150.7772216796875,11.92
266184,1150.7772216796875,11.92
266284,1150.7772216796875,11.92
266384,1150.7772216796875,11.92
266484,1150.7772216796875,11.92
266584,1150.7772216796875,11.92
266684,1150.7772216796875,11.92
266784,1150.7772216796875,11.92
266884,1150.7772216796875,11.92
266984,1150.7772216796875,11.92
267084,1150.7772216796875,11.92
267184,1150.7772216796875,11.92
267284,1150.7772216796875,11.92
267384,1150.7772216796875,11.92
267484,1150.7772216796875,11.92
267584,1150.7772216796875,11.92
267684,1150.7772216796875,11.92
267784,1150.7772216796875,11.92
267884,1150.7772216796875,11.92
267984,1150.7772216796875,11.92
268084,1150.7772216796875,11.92
268184,1150.7772216796875,11.92
273584,1150.7772216796875,11.95
273684,1150.7772216796875,11.95
273784,1150.7772216796875,11.95
273884,1150.7772216796875,11.95
273984,1150.7772216796875,11.95
274084,1150.7772216796875,11.95
274184,1150.7772216796875,11.95
274284,1150.7772216796875,11.95
274384,1150.7772216796875,11.95
274484,1150.7772216796875,11.95
274584,1150.7772216796875,11.95
274684,1150.7772216796875,11.95
274784,1150.7772216796875,11.95
274884,1150.7772216796875,11.95
274984,1150.7772216796875,11.95
275084,1150.7772216796875,11.95
275184,1150.7772216796875,11.95
275284,1150.7772216796875,11.95
275384,1150.7772216796875,11.95
275484,1150.7772216796875,11.95
275584,1150.7772216796875,11.95
275684,1150.7772216796875,11.95
275784,1150.7772216796875,11.95
275884,1150.7772216796875,11.95
275984,1150.7772216796875,11.95
276084,1150.7772216796875,11.95
276184,1150.7772216796875,11.95
276284,1150.7772216796875,11.95
276384,1150.7772216796875,11.95
276484,1150.7772216796875,11.95
276584,1150.7772216796875,11.95
276684,1150.7772216796875,11.95
276784,1150.7772216796875,11.95
276884,1150.7772216796875,11.95
276984,1150.7772216796875,11.95
277084,1150.7772216796875,11.95
277184,1150.7772216796875,11.95
277284,1150.7772216796875,11.95
277384,1150.7772216796875,11.95
277484,1150.7772216796875,11.95
277584,1150.7772216796875,11.95
277684,1150.7772216796875,11.95
277784,1150.7772216796875,11.95
277884,1150.7772216796875,11.95
277984,1150.7772216796875,11.95
278084,1150.7772216796875,11.95
278184,1150.7772216796875,11.95
278284,1150.7772216796875,11.95
278384,1150.7772216796875,11.95
278484,1150.7772216796875,11.95
278584,1150.7772216796875,11.95
278684,1150.7772216796875,11.95
278784,1150.7772216796875,11.95
284184,1150.7772216796875,11.96
284284,1150.7772216796875,11.96
284384,1150.7772216796875,11.96
284484,1150.7772216796875,11.96
284584,1150.7772216796875,11.96
284684,1150.7772216796875,11.96
284784,1150.7772216796875,11.96
284884,1150.7772216796875,11.96
284984,1150.7772216796875,11.96
285084,1150.7772216796875,11.96
285184,1150.7772216796875,11.96
285284,1150.7772216796875,11.96
285384,1150.7772216796875,11.96
285484,1150.7772216796875,11.96
285584,1150.7772216796875,11.96
285684,1150.7772216796875,11.96
285784,1150.7772216796875,11.96
285884,1150.7772216796875,11.96
285984,1150.7772216796875,11.96
286084,1150.7772216796875,11.96
286184,1150.7772216796875,11.96
286284,1150.7772216796875,11.96
286384,1150.7772216796875,11.96
286484,1150.7772216796875,11.96
286584,1150.7772216796875,11.96
286684,1150.7772216796875,11.96
286784,1150.7772216796875,11.96
286884,1150.7772216796875,11.96
286984,1150.7772216796875,11.96
287084,1150.7772216796875,11.96
287184,1150.7772216796875,11.96
287284,1150.7772216796875,11.96
287384,1150.7772216796875,11.96
287484,1150.7772216796875,11.96
287584,1150.7772216796875,11.96
287684,1150.7772216796875,11.96
287784,1150.7772216796875,11.96
287884,1150.7772216796875,11.96
287984,1150.7772216796875,11.96
288084,1150.7772216796875,11.96
288184,1150.7772216796875,11.96
288284,1150.7772216796875,11.96
288384,1150.7772216796875,11.96
288484,1150.7772216796875,11.96
288584,1150.7772216796875,11.96
288684,1150.7772216796875,11.96
288784,1150.7772216796875,11.96
288884,1150.7772216796875,11.96
288984,1150.7772216796875,11.96
289084,1150.7772216796875,11.96
289184,1150.7772216796875,11.96
289284,1150.7772216796875,11.96
289384,1150.7772216796875,11.96
294784,1150.7772216796875,11.92
294884,1150.7772216796875,11.92
294984,1150.7772216796875,11.92
295084,1150.7772216796875,11.92
295184,1150.7772216796875,11.92
295284,1150.7772216796875,11.92
295384,1150.7772216796875,11.92
295484,1150.7772216796875,11.92
295584,1150.7772216796875,11.92
295684,1150.7772216796875,11.92
295784,1150.7772216796875,11.92
295884,1150.7772216796875,11.92
295984,1150.7772216796875,11.92
296084,1150.7772216796875,11.92
296184,1150.7772216796875,11.92
296284,1150.7772216796875,11.92
296384,1150.7772216796875,11.92
296484,1150.7772216796875,11.92
296584,1150.7772216796875,11.92
296684,1150.7772216796875,11.92
296784,1150.7772216796875,11.92
296884,1150.7772216796875,11.92
296984,1150.7772216796875,11.92
297084,1150.7772216796875,11.92
297184,1150.7772216796875,11.92
297284,1150.7772216796875,11.92
297384,1150.7772216796875,11.92
297484,1150.7772216796875,11.92
297584,1150.7772216796875,11.92
297684,1150.7772216796875,11.92
297784,1150.7772216796875,11.92
297884,1150.7772216796875,11.92
297984,1150.7772216796875,11.92
298084,1150.7772216796875,11.92
298184,1150.7772216796875,11.92
298284,1150.7772216796875,11.92
298384,1150.7772216796875,11.92
298484,1150.7772216796875,11.92
298584,1150.7772216796875,11.92
298684,1150.7772216796875,11.92
298784,1150.7772216796875,11.92
298884,1150.7772216796875,11.92
298984,1150.7772216796875,11.92
299084,1150.7772216796875,11.92
299184,1150.7772216796875,11.92
299284,1150.7772216796875,11.92
299384,1150.7772216796875,11.92
299484,1150.7772216796875,11.92
299584,1150.7772216796875,11.92
299684,1150.7772216796875,11.92
299784,1150.7772216796875,11.92
299884,1150.7772216796875,11.92
299984,1150.7772216796875,11.92
